{
	"name": "df-LoadCubeFilterMarketGroup-LA",
	"properties": {
		"type": "MappingDataFlow",
		"typeProperties": {
			"sources": [
				{
					"dataset": {
						"referenceName": "DS_InternalParquet_LoadCube_AutoResolveIR_Int",
						"type": "DatasetReference"
					},
					"name": "ReadLoadCubeParquet"
				}
			],
			"sinks": [
				{
					"dataset": {
						"referenceName": "DS_InternalParquetStaging_LoadCube_AutoResolveIR_Out",
						"type": "DatasetReference"
					},
					"name": "DumpToParquet"
				}
			],
			"transformations": [
				{
					"name": "FilterByMarketGroup"
				}
			],
			"script": "parameters{\n\tout_file_name as string,\n\tin_path_txt as string,\n\tin_file_name_txt as string,\n\tin_mkt_grp_name as string\n}\nsource(output(\n\t\tactl_ind as string,\n\t\tarea_id as string,\n\t\tarea_name as string,\n\t\tbrand_id as integer,\n\t\tbrand_name as string,\n\t\tcateg_id as integer,\n\t\tcateg_name as string,\n\t\tcust_id as string,\n\t\tcustm_clstr_name as string,\n\t\tcustm_regn_name as string,\n\t\tcustm_smo_name as string,\n\t\tdirct_indir_ind as string,\n\t\tfpc_id as integer,\n\t\tfrcst_ind as string,\n\t\tfy_code as string,\n\t\tgrp_id as string,\n\t\tgrp_name as string,\n\t\thistr_ind as string,\n\t\tminor_cntry_id as string,\n\t\tminor_cntry_name as string,\n\t\tmkt_grp_name as string,\n\t\tmkt_geo_id as string,\n\t\tmkt_lvl as string,\n\t\tmkt_name as string,\n\t\tmth_num as string,\n\t\tproft_ctr_lvl as integer,\n\t\tproft_ctr_name as string,\n\t\trds_prod_hier_id as integer,\n\t\trds_prod_hier_lvl as string,\n\t\tregn_id as string,\n\t\tregn_name as string,\n\t\trptng_cntry_id as string,\n\t\trptng_cntry_name as string,\n\t\trptng_cust_id as integer,\n\t\trptng_cust_name as string,\n\t\tsbstr_id as integer,\n\t\tsbstr_name as string,\n\t\tshpmt_dirct_ind as string,\n\t\tshpmt_ind as string,\n\t\tshpmt_indir_ind as string\n\t),\n\tallowSchemaDrift: true,\n\tvalidateSchema: false,\n\tignoreNoFilesFound: false,\n\tformat: 'parquet',\n\twildcardPaths:[(concat($in_path_txt, '/', $in_file_name_txt))],\n\tpartitionBy('roundRobin', 2)) ~> ReadLoadCubeParquet\nReadLoadCubeParquet filter(mkt_grp_name == $in_mkt_grp_name,\n\tpartitionBy('roundRobin', 2)) ~> FilterByMarketGroup\nFilterByMarketGroup sink(allowSchemaDrift: true,\n\tvalidateSchema: false,\n\tformat: 'parquet',\n\tfilePattern:($out_file_name),\n\tumask: 0022,\n\tpreCommands: [],\n\tpostCommands: [],\n\tskipDuplicateMapInputs: true,\n\tskipDuplicateMapOutputs: true,\n\tsaveOrder: 1,\n\tpartitionBy('roundRobin', 2)) ~> DumpToParquet"
		}
	}
}