{
	"name": "LS_AzureFunction_Converter",
	"properties": {
		"parameters": {
			"in_key_vault_name": {
				"type": "string"
			},
			"in_function_app_url": {
				"type": "string"
			}
		},
		"annotations": [],
		"type": "AzureFunction",
		"typeProperties": {
			"functionAppUrl": "@{linkedService().in_function_app_url}",
			"functionKey": {
				"type": "AzureKeyVaultSecret",
				"store": {
					"referenceName": "LS_KeyVault_Processing",
					"type": "LinkedServiceReference",
					"parameters": {
						"in_key_vault_name": {
							"value": "@linkedService().in_key_vault_name",
							"type": "Expression"
						}
					}
				},
				"secretName": "cngc-excel-converter-app-key"
			},
			"authentication": "Anonymous"
		},
		"connectVia": {
			"referenceName": "CNGC-Uploader-IR",
			"type": "IntegrationRuntimeReference"
		}
	}
}