{
	"name": "LS_Databricks",
	"properties": {
		"type": "AzureDatabricksDeltaLake",
		"parameters": {
			"in_key_vault_name": {
				"type": "String"
			},
			"in_adb_clstr_id": {
				"type": "String"
			},
			"in_adb_wkspc_url": {
				"type": "String"
			}
		},
		"annotations": [],
		"typeProperties": {
			"domain": "@linkedService().in_adb_wkspc_url",
			"clusterId": "@linkedService().in_adb_clstr_id",
			"accessToken": {
				"type": "AzureKeyVaultSecret",
				"store": {
					"referenceName": "LS_KeyVault_Processing",
					"type": "LinkedServiceReference",
					"parameters": {
						"in_key_vault_name": {
							"value": "@linkedService().in_key_vault_name",
							"type": "Expression"
						}
					}
				},
				"secretName": "adb-access-token"
			}
		},
		"connectVia": {
			"referenceName": "CNGC-Uploader-IR",
			"type": "IntegrationRuntimeReference"
		}
	}
}