{
	"name": "LS_SQLTestDatabase",
	"properties": {
		"parameters": {
			"in_key_vault_name": {
				"type": "String"
			}
		},
		"annotations": [],
		"type": "AzureSqlDatabase",
		"typeProperties": {
			"connectionString": {
				"type": "AzureKeyVaultSecret",
				"store": {
					"referenceName": "LS_KeyVault_Processing",
					"type": "LinkedServiceReference",
					"parameters": {
						"in_key_vault_name": {
							"value": "@linkedService().in_key_vault_name",
							"type": "Expression"
						}
					}
				},
				"secretName": "sqldb-test-cngc-uploader-conn"
			}
		},
		"connectVia": {
			"referenceName": "CNGC-Uploader-IR",
			"type": "IntegrationRuntimeReference"
		}
	},
	"type": "Microsoft.DataFactory/factories/linkedservices"
}