﻿<?xml version="1.0" encoding="utf-8"?>
<Project ToolsVersion="Current" xmlns="http://schemas.microsoft.com/developer/msbuild/2003">
  <PropertyGroup>
    <IncludeCompositeObjects>True</IncludeCompositeObjects>
    <TargetDatabaseName>DQ_CHECK</TargetDatabaseName>
    <DeployScriptFileName>Uploader-DB.sql</DeployScriptFileName>
    <ProfileVersionNumber>1</ProfileVersionNumber>
	<RestoreSequenceCurrentValue>False</RestoreSequenceCurrentValue>
  </PropertyGroup>
  <ItemGroup>
    <SqlCmdVariable Include="front_end_api_login_password">
      <Value>Azure123!</Value>
    </SqlCmdVariable>
    <SqlCmdVariable Include="post_dploy_user_name">
      <Value>Admin</Value>
    </SqlCmdVariable>
  </ItemGroup>
</Project>