﻿NAME,TYPE,LOCATION,
"adf-cnosgc-uploader-n01","Data factory (V2)","East US 2"
"asp-cnosgc-uploader-n03","App Service plan","East US 2"
"AZ-RG-CNOSGC-Uploader-Processing-DevOps-01-nsg","Network security group","East US 2"
"azw-cngcupldn01","Virtual machine","East US 2"
"azw-cngcupldn01","SQL virtual machine","East US 2"
"azw-cngcupldn01-NIC","Network Interface","East US 2"
"azw-cngcupldn01-osdisk","Disk","East US 2"
"cnosgcuploadintn0d91c01e","Storage account","East US 2"
"cnosgcuploadintn0d91c01e-60fff821-27ec-4677-b658-e13629354e7b","Event Grid System Topic","East US 2"
"cnosgcuploadoutnb7937195","Storage account","East US 2"
"cnosgcuploadoutnb7937195-92824780-47cd-4eff-be0d-75c90a4af9ea","Event Grid System Topic","East US 2"
"dbrcnosgcuploadern01","Azure Databricks Service","East US 2"
"Failure Anomalies - func-cnosgc-uploader-excel-converter-n01","Smart detector alert rule","Global"
"Failure Anomalies - func-cnosgc-uploader-n01","Smart detector alert rule","Global"
"func-cnosgc-uploader-excel-converter-n01","Function App","East US 2"
"kv-cnosgc-upload-prc-n01","Key vault","East US 2"
"kv-cnosgc-upload-prc-n01-pgi-pe","Private endpoint","East US 2"
"kv-cnosgc-upload-prc-n01-pgi-pe-nic","Network Interface","East US 2"
"loganalyticscnosgcuploadern01","Log Analytics workspace","East US 2"
"logicapp-cnosgc-uploader-n01","Logic app","East US 2"
"nsg-datbaricks-dbrcnosgcuploadern01-542lrat6aeggw","Network security group","East US 2"
"office365-1","API Connection","East US 2"
"office365-outlook-cnosgcuploader-dev","API Connection","East US 2"
"SQLAuditing[loganalyticscnosgcuploadern01]","Solution","East US 2"
"sqldb-cnosgc-uploader-n01 (sqlserver-cnosgc-uploader-n01/sqldb-cnosgc-uploader-n01)","SQL database","East US 2"
"sqlserver-cnosgc-uploader-n01","SQL server","East US 2"
"vnet-datbaricks-dbrcnosgcuploadern01-542lrat6aeggw","Virtual network","East US 2"