﻿NAME,TYPE,LOCATION,
"AZ-CNGC-DGW-BFXD-01","On-premises data gateway","East US 2"
"AZ-RG-DATAHUB-CNGC-BFXD-01-asg","Application security group","East US 2"
"AZ-RG-DATAHUB-CNGC-BFXD-01-nsg","Network security group","East US 2"
"azl-cngclnbfxd1-osdisk-snap112120","Snapshot","East US 2"
"azureblob","API Connection","East US 2"
"azureblob-1","API Connection","East US 2"
"azureblob-2","API Connection","East US 2"
"azureblob-3","API Connection","East US 2"
"azw-cngc-sqlagent-bfxd (cngc-sqlserver-bfxd/azw-cngc-sqlagent-bfxd)","Elastic Job agent","East US 2"
"azw-cngcirbfxd1","Virtual machine","East US 2"
"azw-cngcirbfxd1-NIC","Network Interface","East US 2"
"azw-cngcirbfxd1-osdisk","Disk","East US 2"
"azw-cngcjbbfxd1","Virtual machine","East US 2"
"azw-cngcjbbfxd1-NIC","Network Interface","East US 2"
"azw-cngcjbbfxd1-osdisk","Disk","East US 2"
"azw-cngcjbbfxd2","Virtual machine","East US 2"
"azw-cngcjbbfxd2-NIC","Network Interface","East US 2"
"azw-cngcjbbfxd2-osdisk","Disk","East US 2"
"azw-cngcjbbfxd3","Virtual machine","East US 2"
"azw-cngcjbbfxd3-NIC","Network Interface","East US 2"
"azw-cngcjbbfxd3-osdisk","Disk","East US 2"
"cngc-bfxd-keys","SSH key","East US 2"
"cngc-datagateway-dev1","On-premises data gateway","North Central US"
"cngc-df-bfxd","Data factory (V2)","East US 2"
"cngc-eu-aas-flatfile-refresh-mail-notification-bfxd","Logic app","East US 2"
"cngc-eu-bfxd","Logic app","East US 2"
"cngc-kv-bfxd","Key vault","East US 2"
"cngc-la-bfxd","Logic app","East US 2"
"cngc-sqldb-bfxd (cngc-sqlserver-bfxd/cngc-sqldb-bfxd)","SQL database","East US 2"
"cngc-sqldb-iplan (cngc-sqlserver-bfxd/cngc-sqldb-iplan)","SQL database","East US 2"
"cngc-sqlserver-bfxd","SQL server","East US 2"
"cngcaabfxd","Automation Account","East US 2"
"cngcaasbfxd","Analysis Services","East US 2"
"cngcblobbfxd","Storage account","East US 2"
"cngcdataoutgoingbfxd","Storage account","East US 2"
"cngcdbricksbfxd","Azure Databricks Service","East US 2"
"cngckvwatcherbfxd","Event Grid Topic","East US 2"
"cnosgc-notification-noneprod","Logic app","East US 2"
"kv-cdh-dh-generic-dev","Key vault","East US 2"
"notifications-kv-bfxd","Event Grid System Topic","East US 2"
"nsg-datbaricks-cngcdbricksbfxd-3ks7h667b5khy","Network security group","East US 2"
"office365","API Connection","East US 2"
"pe-app-data-auth-service-api-n101-to-dbr-cngcdbricksbfxd","Private endpoint","East US 2"
"pe-app-data-auth-service-api-n101-to-dbr-cngcdbricksbfxd-nic","Network Interface","East US 2"
"powerbi","API Connection","East US 2"
"privatelink.azurewebsites.net","Private DNS zone","Global"
"sharepointonline","API Connection","East US 2"
"vnet-datbaricks-cngcdbricksbfxd-3ks7h667b5khy","Virtual network","East US 2"