﻿NAME,TYPE,LOCATION,
"adf-cnosgc-uploader-qa-n01","Data factory (V2)","East US 2"
"asp-cnosgc-uploader-qa-n01","App Service plan","East US 2"
"AZ-RG-CNOSGC-Uploader-Processing-QA-01-nsg","Network security group","East US 2"
"azw-upld-qa","Virtual machine","East US 2"
"azw-upld-qa-NIC","Network Interface","East US 2"
"azw-upld-qa-osdisk","Disk","East US 2"
"cnosgcuploadintv7tz9dpdn","Storage account","East US 2"
"cnosgcuploadintv7tz9dpdn-fffda73d-d0fb-4ee9-a3d5-d1d37ee86270","Event Grid System Topic","East US 2"
"cnosgcuploadoutr4h5hximk","Storage account","East US 2"
"cnosgcuploadoutr4h5hximk-0c516da2-5145-4b4a-b6e0-e39a6b0df865","Event Grid System Topic","East US 2"
"dbrcnosgcuploaderqan01","Azure Databricks Service","East US 2"
"dbrcnosgcuploaderqan01","Virtual network","East US 2"
"dbrcnosgcuploaderqan01-nsg","Network security group","East US 2"
"Failure Anomalies - func-cnosgc-uploader-excel-converter-qa-n01","Smart detector alert rule","Global"
"func-cnosgc-uploader-excel-converter-qa-n01","Function App","East US 2"
"func-cnosgc-uploader-excel-converter-qa-n01","Application Insights","East US"
"kvcnosgcuploaderprcqan01","Key vault","East US 2"
"loganalyticscnosgcuploaderqan01","Log Analytics workspace","East US 2"
"logicapp-cnosgc-uploader-qa-n01","Logic app","East US 2"
"office365-1","API Connection","East US 2"
"office365-outlook-cnosgcuploader-dev","API Connection","East US 2"
"sqldb-cnosgc-uploader-qa-n01 (sqlserver-cnosgc-uploader-qa-n01/sqldb-cnosgc-uploader-qa-n01)","SQL database","East US 2"
"sqlserver-cnosgc-uploader-qa-n01","SQL server","East US 2"