﻿NAME,TYPE,LOCATION,
"app-cnosgc-uploader-api-uat-n01","App Service","East US 2"
"app-cnosgc-uploader-api-uat-n01","Application Insights","East US"
"app-cnosgc-uploader-ui-uat-n01","App Service","East US 2"
"app-cnosgc-uploader-ui-uat-n01","Application Insights","East US"
"asp-cnosgc-uploader-uat-n02","App Service plan","East US 2"
"AZ-RG-CNOSGC-Uploader-App-UAT-01-nsg","Network security group","East US 2"
"Failure Anomalies - app-cnosgc-uploader-api-uat-n01","Smart detector alert rule","Global"
"Failure Anomalies - app-cnosgc-uploader-api-uat-n01ai","Smart detector alert rule","Global"
"Failure Anomalies - app-cnosgc-uploader-ui-uat-n01","Smart detector alert rule","Global"
"Failure Anomalies - app-cnosgc-uploader-ui-uat-n01ai","Smart detector alert rule","Global"
"kv-cnosgcupldr-uat-n01","Key vault","East US 2"
"kv-cnosgcupldr-uat-n01-pgi-pe","Private endpoint","East US 2"
"kv-cnosgcupldr-uat-n01-pgi-pe-nic","Network Interface","East US 2"