﻿NAME,TYPE,LOCATION,
"adf-cnosgc-uploader-prod-n01","Data factory (V2)","East US 2"
"asp-cnosgc-uploader-prod-n01","App Service plan","East US 2"
"azw-cngcuplpn01","Virtual machine","East US 2"
"azw-cngcuplpn01-nic","Network Interface","East US 2"
"azw-cngcuplpn01-nsg","Network security group","East US 2"
"azw-cngcuplpn01-os-disk","Disk","East US 2"
"cnosgcuploadintp8pd6rted","Storage account","East US 2"
"cnosgcuploadintp8pd6rted-197f9d99-533c-4c57-a749-2c0157622911","Event Grid System Topic","East US 2"
"cnosgcuploadoutp2u4urfet","Storage account","East US 2"
"cnosgcuploadoutp2u4urfet-6da73801-d22d-48b5-99fa-539c8f628eb3","Event Grid System Topic","East US 2"
"dbrcnosgcuploaderp01","Azure Databricks Service","East US 2"
"dbrcnosgcuploaderp01","Virtual network","East US 2"
"dbrcnosgcuploaderp01-nsg","Network security group","East US 2"
"dbrcnosgcuploaderp01vnet","Virtual network","East US 2"
"dbrcnosgcuploaderp01vnet-nsg","Network security group","East US 2"
"Failure Anomalies - func-cnosgc-uploader-excel-converter-prod-n01","Smart detector alert rule","Global"
"Failure Anomalies - func-cnosgc-uploader-excel-converter-prod-n01ai","Smart detector alert rule","Global"
"func-cnosgc-uploader-excel-converter-prod-n01","Application Insights","East US"
"func-cnosgc-uploader-excel-converter-prod-n01","Function App","East US 2"
"kv-cnosgcuploadrprod-n01","Key vault","East US 2"
"loganalyticscnosgcuploaderprodn01","Log Analytics workspace","East US 2"
"logicapp-cnosgc-uploader-prod-n01","Logic app","East US 2"
"office365-1","API Connection","East US 2"
"office365-outlook-cnosgcuploader-dev","API Connection","East US 2"
"sqldb-cnosgc-uploader-prod-n01 (sqlserver-cnosgc-uploader-prod-n01/sqldb-cnosgc-uploader-prod-n01)","SQL database","East US 2"
"sqldb-cnosgc-uploader-prod-n01-v20220428 (sqlserver-cnosgc-uploader-prod-n01/sqldb-cnosgc-uploader-prod-n01-v20220428)","SQL database","East US 2"
"sqlserver-cnosgc-uploader-prod-n01","SQL server","East US 2"
"sqlserver-cnosgc-uploader-prod-n01-sqlServe.nic.91ddcd0f-d18d-4fa4-8623-87df4c1d6d09","Network Interface","East US 2"
"sqlserver-cnosgc-uploader-prod-n01-sqlServer-pgi","Private endpoint","East US 2"