﻿NAME,TYPE,LOCATION,
"app-cnosgc-uploader-api-n01","App Service","East US 2"
"app-cnosgc-uploader-api-n01","Application Insights","East US"
"app-cnosgc-uploader-ui-n01","App Service","East US 2"
"app-cnosgc-uploader-ui-n01","Application Insights","East US"
"app-cnosgc-uploader-ui-n01 home page availability-az-rg-cnosgc-uploader-app-devops-01","Availability test","East US"
"app-cnosgc-uploader-ui-n01 home page availability-az-rg-cnosgc-uploader-app-devops-01","Metric alert rule","Global"
"asp-cnosgc-uploader-n01","App Service plan","East US 2"
"AZ-RG-CNOSGC-Uploader-App-DevOps-01","Application Insights","East US"
"Failure Anomalies - app-cnosgc-uploader-api-n01","Smart detector alert rule","Global"
"Failure Anomalies - app-cnosgc-uploader-ui-n01","Smart detector alert rule","Global"
"Failure Anomalies - AZ-RG-CNOSGC-Uploader-App-DevOps-01","Smart detector alert rule","Global"
"kv-cnosgc-upload-app-n01","Key vault","East US 2"