﻿NAME,TYPE,LOCATION,
"aas_refresh_model (cngc-aa1/aas_refresh_model)","Runbook","East US 2"
"aas_refresh_model_test (cngc-aa1/aas_refresh_model_test)","Runbook","East US 2"
"aas_test_connection (cngc-aa1/aas_test_connection)","Runbook","East US 2"
"AI-AZRGDATAHUBCNGCPROD01","Application Insights","East US 2"
"availazw-cngcvm-ir","Availability set","East US 2"
"availazw-cngcvm-jb","Availability set","East US 2"
"AZ-CNGC-DGW-01","On-premises data gateway","East US 2"
"AZ-RG-DATAHUB-CNGC-PROD-01-asg","Application security group","East US 2"
"AZ-RG-DATAHUB-CNGC-PROD-01-nsg","Network security group","East US 2"
"AzureAutomationTutorial (cngc-aa1/AzureAutomationTutorial)","Runbook","East US 2"
"AzureAutomationTutorialPython2 (cngc-aa1/AzureAutomationTutorialPython2)","Runbook","East US 2"
"AzureAutomationTutorialScript (cngc-aa1/AzureAutomationTutorialScript)","Runbook","East US 2"
"azureblob","API Connection","East US 2"
"azureblob-1","API Connection","East US 2"
"azureblob-2","API Connection","East US 2"
"azurefile","API Connection","East US 2"
"azw-cngc-vm-ir2","Virtual machine","East US 2"
"azw-cngc-vm-ir2-NIC","Network Interface","East US 2"
"azw-cngc-vm-ir2-osdisk","Disk","East US 2"
"azw-cngc-vm-jb2","Virtual machine","East US 2"
"azw-cngc-vm-jb2-NIC","Network Interface","East US 2"
"azw-cngc-vm-jb2-osdisk","Disk","East US 2"
"azw-cngc-vm-jb3","Virtual machine","East US 2"
"azw-cngc-vm-jb3-NIC","Network Interface","East US 2"
"azw-cngc-vm-jb3-osdisk","Disk","East US 2"
"azw-cngcvm-ir-NIC-1","Network Interface","East US 2"
"azw-cngcvm-ir1","Virtual machine","East US 2"
"azw-cngcvm-ir1-osdisk","Disk","East US 2"
"azw-cngcvm-jb-NIC-1","Network Interface","East US 2"
"azw-cngcvm-jb1","Virtual machine","East US 2"
"azw-cngcvm-jb1-osdisk","Disk","East US 2"
"cngc-aa1","Automation Account","East US 2"
"cngc-datagateway-prod1","On-premises data gateway","North Central US"
"cngc-df-tivoi6va","Data factory (V2)","East US 2"
"cngc-eu","Logic app","East US 2"
"cngc-eu-aas-flatfile-refresh-mail-notification","Logic app","East US 2"
"cngc-kv","Key vault","East US 2"
"cngc-la","Logic app","East US 2"
"cngc-sqldb (cngc-sqlserver/cngc-sqldb)","SQL database","East US 2"
"cngc-sqldb-DTUAlert-cngc-sqlserver","Metric alert rule","Global"
"cngc-sqldb-iplan (cngc-sqlserver/cngc-sqldb-iplan)","SQL database","East US 2"
"cngc-sqldb-SizePercentage-cngc-sqlserver","Metric alert rule","Global"
"cngc-sqlserver","SQL server","East US 2"
"cngcaas","Analysis Services","East US 2"
"cngcaas2","Analysis Services","East US 2"
"cngcblobdata","Storage account","East US 2"
"cngcblobdata-3eebca24-cdcb-4aa6-95e6-888b7a3b730e","Event Grid System Topic","East US 2"
"cngcblobdataoutgoing","Storage account","East US 2"
"cngcblobdataoutgoing-48bac2ca-0761-4ba9-b103-d7ef6acf441c","Event Grid System Topic","East US 2"
"cngcdbricks","Azure Databricks Service","East US 2"
"cngckvwatcherbfxd (cngc-aa1/cngckvwatcherbfxd)","Runbook","East US 2"
"Failure Anomalies - AI-AZRGDATAHUBCNGCPROD01","Smart detector alert rule","Global"
"fef6eb17-9e37-41e6-9d60-394b27bc6bf9-dashboard (AZRGDATAHUBCNGCPROD01)","Shared dashboard","East US 2"
"kv-cdh-dh-generic-prod","Key vault","East US 2"
"LoadBalancerazw-cngcvm-ir","Load balancer","East US 2"
"LoadBalancerazw-cngcvm-jb","Load balancer","East US 2"
"Migration_AG18","Action group","Global"
"nsg-datbaricks-cngcdbricks-rwrevopcraciq","Network security group","East US 2"
"office365","API Connection","East US 2"
"pause_aas (cngc-aa1/pause_aas)","Runbook","East US 2"
"pause_aas_managed_identity (cngc-aa1/pause_aas_managed_identity)","Runbook","East US 2"
"pe-app-data-auth-service-api-p101-to-dbr-cn.nic.bc12fa63-738c-4e54-84d5-869b23af408d","Network Interface","East US 2"
"pe-app-data-auth-service-api-p101-to-dbr-cngcdbricks","Private endpoint","East US 2"
"powerbi","API Connection","East US 2"
"privatelink.azurewebsites.net","Private DNS zone","Global"
"sharepointonline-1","API Connection","East US 2"
"start_aas (cngc-aa1/start_aas)","Runbook","East US 2"
"vnet-datbaricks-cngcdbricks-rwrevopcraciq","Virtual network","East US 2"