﻿NAME,TYPE,LOCATION,
"app-cnosgc-uploader-api-qa-n01","App Service","East US 2"
"app-cnosgc-uploader-api-qa-n01ai","Application Insights","East US 2"
"app-cnosgc-uploader-ui-qa-n01","App Service","East US 2"
"app-cnosgc-uploader-ui-qa-n01ai","Application Insights","East US 2"
"asp-cnosgc-uploader-qa-n01","App Service plan","East US 2"
"AZ-RG-CNOSGC-Uploader-App-QA-01-nsg","Network security group","East US 2"
"Failure Anomalies - app-cnosgc-uploader-api-qa-n01ai","Smart detector alert rule","Global"
"Failure Anomalies - app-cnosgc-uploader-ui-qa-n01ai","Smart detector alert rule","Global"
"kvcnosgcuploaderappqan01","Key vault","East US 2"
"kvcnosgcuploaderappqan01-pgi-pe","Private endpoint","East US 2"
"kvcnosgcuploaderappqan01-pgi-pe-nic","Network Interface","East US 2"
"office365","API Connection","East US 2"
"office365-1","API Connection","East US 2"