﻿NAME,TYPE,LOCATION,
"adf-cnosgc-uploader-uat-n01","Data factory (V2)","East US 2"
"asp-cnosgc-uploader-uat-n02","App Service plan","East US 2"
"AZ-RG-CNOSGC-Uploader-Processing-UAT-01-nsg","Network security group","East US 2"
"azw-cngcpuatn01","Virtual machine","East US 2"
"azw-cngcpuatn01-nic","Network Interface","East US 2"
"azw-cngcpuatn01-nsg","Network security group","East US 2"
"azw-cngcpuatn01-os-disk","Disk","East US 2"
"cnosgcuploadinta5ut6opth","Storage account","East US 2"
"cnosgcuploadinta5ut6opth-2319b2dc-a3a8-4d77-80e2-13f514289402","Event Grid System Topic","East US 2"
"cnosgcuploadouts7p0tqsuv","Storage account","East US 2"
"cnosgcuploadouts7p0tqsuv-945f7e7b-154e-4430-9b02-cb183728d87d","Event Grid System Topic","East US 2"
"dbrcnosgcuploaderuatn01","Virtual network","East US 2"
"dbrcnosgcuploaderuatn01","Azure Databricks Service","East US 2"
"dbrcnosgcuploaderuatn01-nsg","Network security group","East US 2"
"Failure Anomalies - func-cnosgc-uploader-excel-converter-uat-n01","Smart detector alert rule","Global"
"Failure Anomalies - func-cnosgc-uploader-excel-converter-uat-n02","Smart detector alert rule","Global"
"func-cnosgc-uploader-excel-converter-uat-n01","Application Insights","East US"
"func-cnosgc-uploader-excel-converter-uat-n02","Function App","East US 2"
"func-cnosgc-uploader-excel-converter-uat-n02","Application Insights","East US"
"kv-cnosgcuploadr-n01","Key vault","East US 2"
"loganalyticscnosgcuploaderuatn01","Log Analytics workspace","East US 2"
"logicapp-cnosgc-uploader-uat-n01","Logic app","East US 2"
"office365","API Connection","East US 2"
"office365-1","API Connection","East US 2"
"office365-outlook-cnosgcuploader-dev","API Connection","East US 2"
"sqldb-cnosgc-uploader-uat-n01 (sqlserver-cnosgc-uploader-uat-n01/sqldb-cnosgc-uploader-uat-n01)","SQL database","East US 2"
"sqlserver-cnosgc-uploader-uat-n01","SQL server","East US 2"
"sqlserver-cnosgc-uploader-uat-n01-sqlServer-pgi","Private endpoint","East US 2"
"sqlserver-cnosgc-uploader-uat-n01-sqlServer.nic.e1616d75-fb4f-4ce2-b8f2-3cef158d47e5","Network Interface","East US 2"