﻿NAME,TYPE,LOCATION,
"app-cnosgc-uploader-ui-prod-n01","App Service","East US 2"
"app-cnosgc-uploader-ui-prod-n01ai","Application Insights","East US 2"
"asp-cnosgc-uploader-app-prod-n01","App Service plan","East US 2"
"AZ-RG-CNOSGC-Uploader-App-PROD-01","App Service","East US 2"
"AZ-RG-CNOSGC-Uploader-App-PROD-01ai","Application Insights","East US 2"
"Failure Anomalies - app-cnosgc-uploader-ui-prod-n01ai","Smart detector alert rule","Global"
"Failure Anomalies - AZ-RG-CNOSGC-Uploader-App-PROD-01ai","Smart detector alert rule","Global"
"kv-cnosgcuplappprod-n01","Key vault","East US 2"
"kv-cnosgcuplappprod-n01-pgi-pe","Private endpoint","East US 2"
"kv-cnosgcuplappprod-n01-pgi-pe-nic","Network Interface","East US 2"