﻿NAME,TYPE,LOCATION,
"AZ-CNGC-DGW-BFXU-01","On-premises data gateway","East US 2"
"AZ-RG-CNGCInterimDataHub-Prod-01-asg","Application security group","East US 2"
"AZ-RG-CNGCInterimDataHub-Prod-01-nsg","Network security group","East US 2"
"azl-cngclnbfxu-osdisk-snap112120","Snapshot","East US 2"
"azureblob","API Connection","East US 2"
"azw-cngcirbfxu","Virtual machine","East US 2"
"azw-cngcirbfxu-NIC","Network Interface","East US 2"
"azw-cngcirbfxu-osdisk","Disk","East US 2"
"azw-cngcirbfxu2","Virtual machine","East US 2"
"azw-cngcirbfxu2-NIC","Network Interface","East US 2"
"azw-cngcirbfxu2-osdisk","Disk","East US 2"
"azw-cngcjbbfxu1","Virtual machine","East US 2"
"azw-cngcjbbfxu1-nic","Network Interface","East US 2"
"azw-cngcjbbfxu1-os-disk","Disk","East US 2"
"azw-cngcjbbfxu2","Virtual machine","East US 2"
"azw-cngcjbbfxu2-NIC","Network Interface","East US 2"
"azw-cngcjbbfxu2-osdisk","Disk","East US 2"
"azw-cngcjbbfxu3","Virtual machine","East US 2"
"azw-cngcjbbfxu3-NIC","Network Interface","East US 2"
"azw-cngcjbbfxu3-osdisk","Disk","East US 2"
"azwcngcjbbfxu1-osdisk-20220316-161429","Disk","East US 2"
"cngc-datagateway-uat1","On-premises data gateway","North Central US"
"cngc-df-bfxu","Data factory (V2)","East US 2"
"cngc-df-bfxu2","Data factory (V2)","East US 2"
"cngc-eu-aas-flatfile-refresh-mail-notification-bfxu","Logic app","East US 2"
"cngc-eu-bfxu","Logic app","East US 2"
"cngc-kv-bfxu","Key vault","East US 2"
"cngc-la-bfxu","Logic app","East US 2"
"cngc-sqldb-bfxu (cngc-sqlserver-bfxu/cngc-sqldb-bfxu)","SQL database","East US 2"
"cngc-sqldb-iplan (cngc-sqlserver-bfxu/cngc-sqldb-iplan)","SQL database","East US 2"
"cngc-sqlserver-bfxu","SQL server","East US 2"
"cngcaasbfxu","Analysis Services","East US 2"
"cngcblobbfxu","Storage account","East US 2"
"cngcblobdataoutgoingbfxu","Storage account","East US 2"
"cngcdbricksbfxu","Azure Databricks Service","East US 2"
"cngcdbricksbfxuqa","Azure Databricks Service","East US 2"
"cngcdbricksbfxuqa","Virtual network","East US 2"
"cngcdbricksbfxuqa-nsg","Network security group","East US 2"
"cngcehdns","Event Hubs Namespace","East US 2"
"kv-cdh-dh-generic-uat","Key vault","East US 2"
"nsg-datbaricks-cngcdbricksbfxu-4d3i6tnqjnkmi","Network security group","East US 2"
"office365","API Connection","East US 2"
"pe-app-data-auth-service-api-n201-to-dbr-cngcdbricksbfxu","Private endpoint","East US 2"
"pe-app-data-auth-service-api-n201-to-dbr-cngcdbricksbfxu-nic","Network Interface","East US 2"
"powerbi","API Connection","East US 2"
"powerbi-1","API Connection","East US 2"
"powerbi-2","API Connection","East US 2"
"privatelink.azurewebsites.net","Private DNS zone","Global"
"sharepointonline","API Connection","East US 2"
"vnet-datbaricks-cngcdbricksbfxu-4d3i6tnqjnkmi","Virtual network","East US 2"