{
    "project_name": "tp_dp_ff_pipelines",
    "schema_name": "tp_dp_ff_pipelines",
    "migrate": "no",
    "publish_type": "unity-catalog+ddapi",
    "das_rls": "yes",
    "developer_workflow": "ui-notebook",
    "cicd_workflow": "github",
    "environments":"dev,prod",
    "ado_variable_group_name":"",
    "ado_pipeline_name":"databricks-ci-cd-pipeline",
    "ado_environment_staging":"",
    "ado_environment_production":"",
    "dev_workspace":"https://adb-3597259230236866.6.azuredatabricks.net/?o=3597259230236866",
    "dev_catalog":"cdl_tp_dev",
    "dev_service_principal_name":"az-sp-cdl-flexflow-tp-01-dev",
    "dev_secret_scope":"KeyVault_Scope",
    "dev_cluster_policy_name": "default-flexflow-cluster-policy",
    "dev_instance_pool_name": "",
    "uat_workspace":"",
    "uat_catalog":"hive_metastore",
    "uat_service_principal_name":"",
    "uat_secret_scope":"",
    "uat_cluster_policy_name": "",
    "uat_instance_pool_name": "",
    "prod_workspace":"https://adb-2472717941295173.13.azuredatabricks.net/?o=2472717941295173",
    "prod_catalog":"cdl_prod_dev",
    "prod_service_principal_name":"az-sp-cdl-flexflow-tp-01-prod",
    "prod_secret_scope":"KeyVault_Scope",
    "prod_cluster_policy_name": "default-flexflow-cluster-policy",
    "prod_instance_pool_name": ""
}