{
  "marketGroups": [
    "Europe - DACH",
    "Europe - CAU",
    "Europe - SE",
    "Europe - NORDICS",
    "AMA",
    "Europe - SEE",
    "Europe - UKI",
    "Europe - BNL",
    "CANADA",
    "Europe - CE",
    "Europe - ITALY",
    "Europe - IBERIA",
    "APAC",
    "Europe - TCAU",
    "Europe - UKRAINE",
    "Europe - RUSSIA",
    "Europe - TEST",
    "LA",
    "Europe - FRANCE",
    "Europe - TURKEY",
    "Europe - NE",
    "Europe - EE",
    "JAPAN",
    "Europe - FBNL"
  ],
  "markets" : [
    "KOSOVO",
    "ROMANIA",
    "NORWAY",
    "IRELAND",
    "RUSSIA",
    "KYRGYZSTAN",
    "MEXICO",
    "Serbia",
    "TURKEY",
    "NULL",
    "NIGERIA",
    "SOUTH AFRICA",
    "UKRAINE",
    "LATVIA",
    "ARMENIA",
    "VIETNAM",
    "IRAQ",
    "QATAR",
    "EUROPE",
    "Denmark",
    "THAILAND",
    "Kosovo",
    "SRI LANKA",
    "UNITED KINGDOM",
    "MK FY",
    "PORTUGAL",
    "CHILE",
    "OMAN",
    "GERMANY",
    "BE LUX",
    "NEW ZEALAND",
    "SOUTH KOREA",
    "PERU",
    "FORMER YUGOSLAV REP MACEDONIA",
    "Moldova",
    "TCCAR",
    "ESTONIA",
    "POLAND",
    "Austria",
    "BRAZIL",
    "ALBANIA",
    "SWITZERLAND",
    "SAUDI ARABIA",
    "Montenegro",
    "Norway",
    "SINGAPORE",
    "lughlrh",
    "KUWAIT",
    "LADMAR",
    "HUNGARY",
    "CZECH REPUBLIC",
    "LITHUANIA",
    "BOSNIA HERZ.",
    "SLOVAKIA",
    "Germany",
    "NE",
    "COLOMBIA",
    "Finland",
    "DENMARK",
    "MOROCCO",
    "LEBANON",
    "BOSNIA & HERZEGOVINA",
    "SPAIN",
    "GEORGIA",
    "Greece",
    "GREECE",
    "INDIA",
    "AUSTRIA",
    "SE",
    "Bosnia & Herzegovina",
    "Romania",
    "MALAYSIA",
    "JORDAN",
    "BANGLADESH",
    "NEPAL",
    "SWEDEN",
    "FRANCE",
    "SERBIA",
    "Albania",
    "MOLDOVA",
    "AUSTRALIA",
    "PAKISTAN",
    "KENYA",
    "ALGERIA",
    "CE",
    "ALL",
    "Switzerland",
    "BULGARIA",
    "NETHERLANDS",
    "SLOVENIA",
    "ARGENTINA",
    "KAZAKHSTAN",
    "FINLAND",
    "Sweden",
    "PHILIPPINES",
    "UK",
    "Bulgaria",
    "FBNL",
    "INDONESIA",
    "MONTENEGRO",
    "ITALY GROUP",
    "AZERBAIJAN",
    "CROATIA",
    "ANDORRA",
    "JAPAN",
    "EGYPT",
    "UNITED ARAB EMIRATES"
  ],
  "inputFiles": [
    "SD Regional Direct",
    "TT Direct",
    "TT Direct Forecast",
    "Excluded Products List",
    "Product Mapping",
    "SD National Direct Forecast",
    "National Direct L4 Forecast",
    "TT Indirect",
    "TDC_LIMITS",
    "SD Cust",
    "Valid Fund IDs_Optima",
    "SD National Direct",
    "National Direct L4",
    "Customer Manual Input",
    "Customer Mapping",
    "SAP ID to Shipment Id Mapping",
    "SD Regional Direct Forecast",
    "FMR Inputs",
    "TDC/SU",
    "SD Customer Direct",
    "SD Customer Indirect Non-Standard",
    "FX RATE_TDC",
    "SD National Direct Non-Standard",
    "TT Direct Non-Standard",
    "SD - TPR",
    "PC_Subsector_NSRd",
    "SD Customer Indirect",
    "SD National Indirect",
    "Legal Entity Mapping",
    "SD Customer Direct Non-Standard",
    "Account ID_type Mapping",
    "Fund_Subsector Mapping"
  ],
  "configFiles": [
    "Geo Mapping",
    "Profit Center and Market Mapping",
    "Regional Customer Mapping",
    "OUTPUTS",
    "FX Rate"
  ],
  "users" : [
    "smith.js@pg.com",
    "lieden.ml@pg.com",
    "zielinski.jz@pg.com",
    "zenek.mz@pg.com",
    "morgan.am@pg.com"
  ],
  "access" : [
    "View & Edit",
    "View",
    "Edit"
  ]


}
