[
  { "heading":"How to log in?", "content":"<a href=\"https://pgone.sharepoint.com/:w:/r/sites/TSTDataFabric/_layouts/15/WopiFrame.aspx?sourcedoc=%7B3491AA5E-961E-4560-8239-422C9E78CA7E%7D&file=QC01%20%5BMaster%20Minder%5D%20How%20to%20log%20in.docx&action=default&IsList=1&ListId=%7B8E410542-C26A-4AAC-B7E9-0900B07B64CD%7D&ListItemId=4\" >Click here to get a Quick card</a>."},
  { "heading":"Order of templates update.", "content":"<a href=\"https://pgone.sharepoint.com/:w:/r/sites/TSTDataFabric/_layouts/15/WopiFrame.aspx?sourcedoc=%7B48C8BB29-257B-490A-A07C-7160E8365FDE%7D&file=QC03%20%5BMaster%20Minder%5D%20Order%20of%20templates%20update.docx&action=default&IsList=1&ListId=%7B8E410542-C26A-4AAC-B7E9-0900B07B64CD%7D&ListItemId=3\" >Click here to get a Quick card</a>."},
  { "heading":"Mass data upload vs Web Interface", "content":"<a href=\"https://pgone.sharepoint.com/:w:/r/sites/TSTDataFabric/_layouts/15/WopiFrame.aspx?sourcedoc=%7BD447E6DE-8D0B-47EA-AA5C-5358FBFECC40%7D&file=QC04%20%5BMaster%20Minder%5D%20Mass%20upload%20vs%20Web%20Interface.docx&action=default&IsList=1&ListId=%7B8E410542-C26A-4AAC-B7E9-0900B07B64CD%7D&ListItemId=6\" >Click here to get a Quick card</a>."},
  { "heading":"How to update Customer Mapping - xls?", "content":"<a href=\"https://pgone.sharepoint.com/:w:/r/sites/TSTDataFabric/_layouts/15/WopiFrame.aspx?sourcedoc=%7B946D56C8-B70F-4D06-9C3A-48BABE451409%7D&file=QC05%20%5BMaster%20Minder%5D%20How%20to%20update%20Customer%20mapping.docx&action=default&IsList=1&ListId=%7B8E410542-C26A-4AAC-B7E9-0900B07B64CD%7D&ListItemId=7\" >Click here to get a Quick card</a>."},
  { "heading":"How to update Regional Customer Mapping?", "content":"<a href=\"https://pgone.sharepoint.com/:w:/r/sites/TSTDataFabric/_layouts/15/WopiFrame.aspx?sourcedoc=%7B929D2FEE-2E09-4362-8AAB-1087DED800EF%7D&file=QC06%20%5BMaster%20Minder%5D%20How%20to%20update%20Regional%20Customer%20Mapping.docx&action=default&IsList=1&ListId=%7B8E410542-C26A-4AAC-B7E9-0900B07B64CD%7D&ListItemId=8\" >Click here to get a Quick card</a>. "},
  { "heading":"How to update data via Web Interface?", "content":"<a href=\"https://pgone.sharepoint.com/:w:/r/sites/TSTDataFabric/_layouts/15/WopiFrame.aspx?sourcedoc=%7B0F3DCBB7-047E-4738-915E-A6C8B279C66C%7D&file=QC08%20%5BMaster%20Minder%5D%20How%20to%20update%20data%20via%20Web%20Interface.docx&action=default&IsList=1&ListId=%7B8E410542-C26A-4AAC-B7E9-0900B07B64CD%7D&ListItemId=10\" >Click here to get a Quick card</a>."},
  { "heading":"How to mass upload coefficient templates via excel upload?", "content":"<a href=\"https://pgone.sharepoint.com/:w:/r/sites/TSTDataFabric/_layouts/15/WopiFrame.aspx?sourcedoc=%7BBC073DA1-7071-4274-8FFB-36EED57D72AC%7D&file=QC07%20%5BMaster%20Minder%5D%20How%20to%20mass%20update%20coefficient%20templates%20via%20excel%20upload.docx&action=default&IsList=1&ListId=%7B8E410542-C26A-4AAC-B7E9-0900B07B64CD%7D&ListItemId=9\" >Click here to get a Quick card</a>."},
  { "heading":"How to update downloaded to XLS Product Exclusion List?", "content":"<a href=\"https://pgone.sharepoint.com/:w:/r/sites/TSTDataFabric/_layouts/15/WopiFrame.aspx?sourcedoc=%7B9391220D-3AA5-48BF-8C10-178AABF7F43E%7D&file=QC09%20%5BMaster%20Minder%5D%20How%20to%20update%20Product%20Exclusion%20List.docx&action=default&IsList=1&ListId=%7B8E410542-C26A-4AAC-B7E9-0900B07B64CD%7D&ListItemId=11\" >Click here to get a Quick card</a>."},
  { "heading":"How to use filtering.", "content":"<a href=\"https://pgone.sharepoint.com/:w:/r/sites/TSTDataFabric/_layouts/15/WopiFrame.aspx?sourcedoc=%7BF5FBC4AD-6C99-4582-B2CD-9726919B81B6%7D&file=QC10%20%5BMaster%20Minder%5D%20How%20to%20use%20filtering.docx&action=default&IsList=1&ListId=%7B8E410542-C26A-4AAC-B7E9-0900B07B64CD%7D&ListItemId=12\" >Click here to get a Quick card</a>."},
  { "heading":"How to use sorting?", "content":"<a href=\"https://pgone.sharepoint.com/:w:/r/sites/TSTDataFabric/_layouts/15/WopiFrame.aspx?sourcedoc=%7B5781500C-D0D6-4AA3-920D-C75AE7A8E697%7D&file=QC11%20%5BMaster%20Minder%5D%20How%20to%20use%20sorting.docx&action=default&IsList=1&ListId=%7B8E410542-C26A-4AAC-B7E9-0900B07B64CD%7D&ListItemId=13\" >Click here to get a Quick card</a>."},
  { "heading":"How to use DQ Pre Processing Checks", "content":" <a href=\"https://pgone.sharepoint.com/:w:/r/sites/TSTDataFabric/_layouts/15/WopiFrame.aspx?sourcedoc=%7B4B5F2C1C-8255-4824-A38E-40DA58F9B5EA%7D&file=QC20%20-Master%20Minder-How%20to%20update%20Coefficients%20(SD%2C%20TT%2C%20NAT%20SD)%20(1).docx&action=default&IsList=1&ListId=%7B8E410542-C26A-4AAC-B7E9-0900B07B64CD%7D&ListItemId=22\" > Click here to get a Quick card</a>."},
  { "heading":"Data validation for coefficient templates", "content":"<a href=\"https://pgone.sharepoint.com/:w:/r/sites/TSTDataFabric/Shared%20Documents/MM%20Quick%20Cards/QC24%20[Master%20Minder]%20Data%20Validation%20for%20Coefficient%20Templates.docx?d=w62517e5b9e57474493dd9df5f8c0152e&csf=1&e=8ILUhK\">Click here to get a Quick card</a>."},
  { "heading":"Data validation for Customer Mapping", "content":"<a href=\"https://pgone.sharepoint.com/:w:/r/sites/TSTDataFabric/Shared%20Documents/MM%20Quick%20Cards/QC25%20[Master%20Minder]%20Data%20Validation%20for%20Customer%20Mapping.docx?d=w9e5be82e095b440590747c47cd74de11&csf=1&e=B02wx6\">Click here to get a Quick card</a>."},
  { "heading":"Can I enter value into MM and copy paste across all rows down the grid?", "content":"There is a fill handle (small square in bottom-right corner of selected cell) which allows to pull the value across a range of cells. Please report if not working."},
  { "heading":"How to display template?", "content":"<a href=\"https://pgone.sharepoint.com/:w:/r/sites/TSTDataFabric/_layouts/15/WopiFrame.aspx?sourcedoc=%7B3103CB94-72A5-4CF4-A00C-FB582B03E94B%7D&file=QC02%20%5BMaster%20Minder%5D%20How%20to%20display%20template.docx&action=default&IsList=1&ListId=%7B8E410542-C26A-4AAC-B7E9-0900B07B64CD%7D&ListItemId=5\" >Click here to get a Quick card</a>. "},
  { "heading":"How to freeze columns?", "content":"<a href=\"https://pgone.sharepoint.com/:w:/r/sites/TSTDataFabric/Shared%20Documents/MM%20Quick%20Cards/QC12%20[Master%20Minder]%20How%20to%20freeze%20columns.docx?d=w175aac47e83a463f87359e6c763ba34e&csf=1&e=rzNAW8\" >Click here to get a Quick card</a>."},
  { "heading":"How to show unique values and mass replace?", "content":"<a href=\"https://pgone.sharepoint.com/:w:/r/sites/TSTDataFabric/_layouts/15/WopiFrame.aspx?sourcedoc=%7BFF13666B-A17C-4848-85CB-046687AEF9D8%7D&file=QC13%20%5BMaster%20Minder%5D%20How%20to%20show%20unique%20and%20mass%20replace.docx&action=default&IsList=1&ListId=%7B8E410542-C26A-4AAC-B7E9-0900B07B64CD%7D&ListItemId=15\" >Click here to get a Quick card</a>."},
  { "heading":"How to load coefficient templates when there is a MD change window per GEO group?", "content":"<a href=\"https://pgone.sharepoint.com/:w:/r/sites/TSTDataFabric/_layouts/15/WopiFrame.aspx?sourcedoc=%7B5ACD53A2-4B10-4929-8F90-81055275134D%7D&file=QC14%20%5BMaster%20Minder%5DHow%20to%20load%20coefficient%20templates%20when%20there%20is%20a%20MD%20change%20window%20per%20GEO%20group.docx&action=default&IsList=1&ListId=%7B8E410542-C26A-4AAC-B7E9-0900B07B64CD%7D&ListItemId=16\" >Click here to get a Quick card</a>."},
  { "heading":"How to load coefficient templates when there is no MD change window per GEO group?", "content":"<a href=\"https://pgone.sharepoint.com/:w:/r/sites/TSTDataFabric/_layouts/15/WopiFrame.aspx?sourcedoc=%7BBB938E82-065C-41A4-932F-377BAF5C8DF8%7D&file=QC15%20%5BMaster%20Minder%5D%20How%20to%20load%20coeffi-cient%20templates%20when%20there%20is%20no%20MD%20change%20window%20per%20GEO%20group.docx&action=default&IsList=1&ListId=%7B8E410542-C26A-4AAC-B7E9-0900B07B64CD%7D&ListItemId=17\" >Click here to get a Quick card</a>."},
  { "heading":"How to Publish on Demand in Master Minder?", "content":"<a href=\"https://pgone.sharepoint.com/:w:/r/sites/TSTDataFabric/_layouts/15/WopiFrame.aspx?sourcedoc=%7BC80A3A82-08DA-4E14-8392-98FB8EEA6ADC%7D&file=QC16%20%5BMaster%20Minder%5DHow%20to%20Publish%20on%20Demand%20in%20Master%20Minder.docx&action=default&IsList=1&ListId=%7B8E410542-C26A-4AAC-B7E9-0900B07B64CD%7D&ListItemId=18\" >Click here to get a Quick card</a>."},
  { "heading":"How to see and validate if the data is submitted properly or not?", "content":"<a href=\"https://pgone.sharepoint.com/:w:/r/sites/TSTDataFabric/_layouts/15/WopiFrame.aspx?sourcedoc=%7B37255AE0-AB3A-4043-9CB4-B2FDFC8DA180%7D&file=QC17%20%5BMaster%20Minder%5DHow%20to%20see%20and%20vali-date%20if%20the%20data%20is%20submitted%20properly%20or%20not.docx&action=default&IsList=1&ListId=%7B8E410542-C26A-4AAC-B7E9-0900B07B64CD%7D&ListItemId=19\" >Click here to get a Quick card</a>."},
  { "heading":"How to update FX Rat?", "content":"<a href=\"https://pgone.sharepoint.com/:w:/r/sites/TSTDataFabric/_layouts/15/WopiFrame.aspx?sourcedoc=%7B49162509-9280-4AB9-8337-7C53A3B7759C%7D&file=QC18-Master-Minder%20-%20how-to-add-update-FX-rates.docx&action=default&IsList=1&ListId=%7B8E410542-C26A-4AAC-B7E9-0900B07B64CD%7D&ListItemId=20\" >Click here to get a Quick card</a>."},
  { "heading":"How to update Regional SD template?", "content":"<a href=\"https://pgone.sharepoint.com/:w:/r/sites/TSTDataFabric/_layouts/15/WopiFrame.aspx?sourcedoc=%7B9183B227-275F-417A-A41F-BB6145C757D2%7D&file=QC19-How%20to%20update%20Regional%20SD%20template%20(1).docx&action=default&IsList=1&ListId=%7B8E410542-C26A-4AAC-B7E9-0900B07B64CD%7D&ListItemId=21\" >Click here to get a Quick card</a>."},
  { "heading":"How to update Coefficients Template for SD, TT and National SD?", "content":"<a href=\"https://pgone.sharepoint.com/:w:/r/sites/TSTDataFabric/_layouts/15/WopiFrame.aspx?sourcedoc=%7B4B5F2C1C-8255-4824-A38E-40DA58F9B5EA%7D&file=QC20%20-Master%20Minder-How%20to%20update%20Coefficients%20(SD%2C%20TT%2C%20NAT%20SD)%20(1).docx&action=default&IsList=1&ListId=%7B8E410542-C26A-4AAC-B7E9-0900B07B64CD%7D&ListItemId=22\" >Click here to get a Quick card</a>."}
]
