{
  "gridId": "666",
  "metadata": "Y",
  "name": "grid name",
  "marketGroupId": "1",
  "marketId": "1",
  "jsonAttributes": {
    "row_edit_ind_col_name": "",
    "add_new_row_ind": "",
    "form_schma": [
      {
        "name" : "mkt_grp",
        "label" : "cngc.select.market_group",
        "tooltip" : "cngc.select.market_group.tooltip",
        "placeholder": "cngc.select.market_group.placeholder",
        "type" : "select",
        "dictionary" : "DICTIONARY NAME IN DB",
        "required" : "true"
      },
      {
        "name" : "file_name",
        "label" : "cngc.select.file_name",
        "tooltip" : "cngc.select.file_name.tooltip",
        "placeholder": "cngc.select.file_name.placeholder",
        "type" : "text",
        "required" : "true",
        "maxlength": 50
      },
      {
        "name" : "file_desc",
        "label" : "cngc.select.file_desc",
        "tooltip" : "cngc.select.file_desc.tooltip",
        "placeholder": "cngc.select.file_desc.placeholder",
        "type" : "text",
        "required" : "true",
        "maxlength": 50
      },
      {
        "name" : "file_type",
        "label" : "cngc.select.file_type",
        "tooltip" : "cngc.select.file_type.tooltip",
        "placeholder": "cngc.select.file_type.placeholder",
        "type" : "select",
        "dictionary" : "DICTIONARY NAME IN DB",
        "required" : "true"
      },
      {
        "name" : "active",
        "label" : "cngc.select.ifd.active",
        "tooltip" : "cngc.select.ifd.active.tooltip",
        "placeholder": "cngc.select.ifd.active.placeholder",
        "type" : "checkbox"
      },
      {
        "name" : "visible",
        "label" : "cngc.select.ifd.visible",
        "tooltip" : "cngc.select.ifd.visible.tooltip",
        "placeholder": "cngc.select.ifd.visible.placeholder",
        "type" : "checkbox"
      },
      {
        "name" : "invalid_row_ind",
        "label" : "cngc.select.ifd.invalid_row_ind",
        "tooltip" : "cngc.select.ifd.invalid_row_ind.tooltip",
        "placeholder": "cngc.select.ifd.invalid_row_ind.placeholder",
        "type" : "checkbox"
      },
      {
        "name" : "direct",
        "label" : "cngc.select.ifd.direct",
        "tooltip" : "cngc.select.ifd.direct.tooltip",
        "placeholder": "cngc.select.ifd.direct.placeholder",
        "type" : "checkbox"
      },
      {
        "name" : "indirect",
        "label" : "cngc.select.ifd.indirect",
        "tooltip" : "cngc.select.ifd.indirect.tooltip",
        "placeholder": "cngc.select.ifd.indirect.placeholder",
        "type" : "checkbox"
      }
    ],
    "form_data": {
        "mkt_grp": 1,
        "file_name": "TT Direct",
        "file_desc": "So much wow!",
        "file_type": "actuals",
        "active": true,
        "visible": true,
        "invalid_row_ind": false,
        "direct": true,
        "indirect": false
      },
    "form_actn_list": [
      {
        "name": "download",
        "type": "call",
        "end_point": "download"
      },
      {
        "name": "upload",
        "type": "upload",
        "end_point": "upload"
      }
    ]
  }
}
