{
	"name": "cm-DumpDBInputFileToParquet",
	"properties": {
		"activities": [
			{
				"name": "GetTableMetadata",
				"type": "Lookup",
				"dependsOn": [
					{
						"activity": "SetConditionText",
						"dependencyConditions": [
							"Succeeded"
						]
					}
				],
				"policy": {
					"timeout": "7.00:00:00",
					"retry": 1,
					"retryIntervalInSeconds": 30,
					"secureOutput": false,
					"secureInput": false
				},
				"userProperties": [],
				"typeProperties": {
					"source": {
						"type": "AzureSqlSource",
						"sqlReaderQuery": {
							"value": "SELECT file_dfntn_vers_id, sbmt_tbl_name FROM [md].[file_dfntn_vers_prc_vw] WHERE file_dfntn_vers_id = @{pipeline().parameters.in_file_dfntn_vers_id}",
							"type": "Expression"
						},
						"queryTimeout": "02:00:00",
						"partitionOption": "None"
					},
					"dataset": {
						"referenceName": "DS_DbSchemaModule",
						"type": "DatasetReference",
						"parameters": {
							"in_tbl_view": "..",
							"in_key_vault_name": {
								"value": "@pipeline().globalParameters.globl_key_vault_name",
								"type": "Expression"
							}
						}
					},
					"firstRowOnly": true
				}
			},
			{
				"name": "SetTableName",
				"type": "SetVariable",
				"dependsOn": [
					{
						"activity": "GetTableMetadata",
						"dependencyConditions": [
							"Succeeded"
						]
					}
				],
				"userProperties": [],
				"typeProperties": {
					"variableName": "l_tbl_name",
					"value": {
						"value": "@if(contains(activity('GetTableMetadata').output, 'firstRow')\n, activity('GetTableMetadata').output.firstRow.sbmt_tbl_name\n, ''\n)",
						"type": "Expression"
					}
				}
			},
			{
				"name": "GetTableColumnsMetadata",
				"type": "Lookup",
				"dependsOn": [
					{
						"activity": "SetConditionText",
						"dependencyConditions": [
							"Succeeded"
						]
					}
				],
				"policy": {
					"timeout": "7.00:00:00",
					"retry": 1,
					"retryIntervalInSeconds": 30,
					"secureOutput": false,
					"secureInput": false
				},
				"userProperties": [],
				"typeProperties": {
					"source": {
						"type": "AzureSqlSource",
						"sqlReaderQuery": {
							"value": "DECLARE @r AS VARCHAR(MAX)\n\nSELECT @r = COALESCE(@r + ', ', '') + col_name\nFROM [md].[file_dfntn_vers_col_prc_vw]\nWHERE file_dfntn_vers_id = @{pipeline().parameters.in_file_dfntn_vers_id}\nAND sbmt_tbl_ind = 'Y'\nORDER BY col_num\n\nSELECT @r as col_names",
							"type": "Expression"
						},
						"queryTimeout": "02:00:00",
						"partitionOption": "None"
					},
					"dataset": {
						"referenceName": "DS_DbSchemaModule",
						"type": "DatasetReference",
						"parameters": {
							"in_tbl_view": "..",
							"in_key_vault_name": {
								"value": "@pipeline().globalParameters.globl_key_vault_name",
								"type": "Expression"
							}
						}
					},
					"firstRowOnly": true
				}
			},
			{
				"name": "SetColumnNames",
				"type": "SetVariable",
				"dependsOn": [
					{
						"activity": "GetTableColumnsMetadata",
						"dependencyConditions": [
							"Succeeded"
						]
					}
				],
				"userProperties": [],
				"typeProperties": {
					"variableName": "l_col_names",
					"value": {
						"value": "@activity('GetTableColumnsMetadata').output.firstRow.col_names",
						"type": "Expression"
					}
				}
			},
			{
				"name": "SetConditionText",
				"type": "SetVariable",
				"dependsOn": [
					{
						"activity": "CleanConditionText",
						"dependencyConditions": [
							"Succeeded"
						]
					}
				],
				"userProperties": [],
				"typeProperties": {
					"variableName": "l_cond_txt_final",
					"value": {
						"value": "@if(empty(trim(variables('l_cond_txt'))),\n'',\nconcat('WHERE ', replace(toUpper(trim(variables('l_cond_txt'))), 'WHERE', ''))\n)",
						"type": "Expression"
					}
				}
			},
			{
				"name": "SetQueryText",
				"type": "SetVariable",
				"dependsOn": [
					{
						"activity": "SetTableName",
						"dependencyConditions": [
							"Succeeded"
						]
					},
					{
						"activity": "SetColumnNames",
						"dependencyConditions": [
							"Succeeded"
						]
					},
					{
						"activity": "SetSchemaName",
						"dependencyConditions": [
							"Succeeded"
						]
					}
				],
				"userProperties": [],
				"typeProperties": {
					"variableName": "l_qry_txt",
					"value": {
						"value": "@concat('SELECT '\n,variables('l_col_names')\n,' FROM '\n,variables('l_schma_name')\n,'.'\n,variables('l_tbl_name')\n,' '\n,variables('l_cond_txt_final')\n)",
						"type": "Expression"
					}
				}
			},
			{
				"name": "ExecuteDumpDBSelectToParquet",
				"type": "ExecutePipeline",
				"dependsOn": [
					{
						"activity": "SetQueryText",
						"dependencyConditions": [
							"Succeeded"
						]
					}
				],
				"userProperties": [],
				"typeProperties": {
					"pipeline": {
						"referenceName": "cm-DumpDBSelectToParquet",
						"type": "PipelineReference"
					},
					"waitOnCompletion": true,
					"parameters": {
						"in_qry_txt": {
							"value": "@variables('l_qry_txt')",
							"type": "Expression"
						},
						"in_cntnr_name_txt": {
							"value": "@pipeline().parameters.in_cntnr_name_txt",
							"type": "Expression"
						},
						"in_path_txt": {
							"value": "@pipeline().parameters.in_path_txt",
							"type": "Expression"
						},
						"in_archv_path_txt": {
							"value": "@pipeline().parameters.in_archv_path_txt",
							"type": "Expression"
						},
						"in_file_name_txt": {
							"value": "@pipeline().parameters.in_file_name_txt",
							"type": "Expression"
						},
						"in_parnt_comp_exctn_id": {
							"value": "@variables('l_comp_exctn_id')",
							"type": "Expression"
						},
						"in_user_name": {
							"value": "@pipeline().parameters.in_user_name",
							"type": "Expression"
						}
					}
				}
			},
			{
				"name": "CleanConditionText",
				"type": "SetVariable",
				"dependsOn": [
					{
						"activity": "SetOutComponentExecutionId",
						"dependencyConditions": [
							"Succeeded"
						]
					},
					{
						"activity": "SetOutParamJsonText",
						"dependencyConditions": [
							"Succeeded"
						]
					}
				],
				"userProperties": [],
				"typeProperties": {
					"variableName": "l_cond_txt",
					"value": {
						"value": "@if(empty(pipeline().parameters.in_cond_txt),\n'',\npipeline().parameters.in_cond_txt\n)",
						"type": "Expression"
					}
				}
			},
			{
				"name": "SetParamJsonText",
				"type": "SetVariable",
				"dependsOn": [],
				"userProperties": [],
				"typeProperties": {
					"variableName": "l_param_json_txt",
					"value": {
						"value": "@concat('{'\n,'\"in_cond_txt\": \"',pipeline().parameters.in_cond_txt,'\",'\n,'\"in_file_dfntn_vers_id\": \"',string(pipeline().parameters.in_file_dfntn_vers_id),'\",'\n,'\"in_cntnr_name_txt\": \"',pipeline().parameters.in_cntnr_name_txt,'\",'\n,'\"in_path_txt\": \"',pipeline().parameters.in_path_txt,'\",'\n,'\"in_archv_path_txt\": \"',pipeline().parameters.in_archv_path_txt,'\",'\n,'\"in_file_name_txt\": \"',pipeline().parameters.in_file_name_txt,'\"'\n,'}')",
						"type": "Expression"
					}
				}
			},
			{
				"name": "OpenComponentExecution",
				"type": "Lookup",
				"dependsOn": [
					{
						"activity": "SetParamJsonText",
						"dependencyConditions": [
							"Succeeded"
						]
					}
				],
				"policy": {
					"timeout": "7.00:00:00",
					"retry": 1,
					"retryIntervalInSeconds": 30,
					"secureOutput": false,
					"secureInput": false
				},
				"userProperties": [],
				"typeProperties": {
					"source": {
						"type": "AzureSqlSource",
						"sqlReaderStoredProcedureName": "[md].[pro_comp_exctn_open]",
						"storedProcedureParameters": {
							"in_adf_pipln_name": {
								"type": "String",
								"value": {
									"value": "@pipeline().Pipeline",
									"type": "Expression"
								}
							},
							"in_param_json_txt": {
								"type": "String",
								"value": {
									"value": "@variables('l_param_json_txt')",
									"type": "Expression"
								}
							},
							"in_parnt_comp_exctn_id": {
								"type": "Int32",
								"value": {
									"value": "@pipeline().parameters.in_parnt_comp_exctn_id",
									"type": "Expression"
								}
							},
							"in_scope_id": {
								"type": "Int32",
								"value": null
							},
							"in_user_name": {
								"type": "String",
								"value": {
									"value": "@pipeline().parameters.in_user_name",
									"type": "Expression"
								}
							},
							"out_comp_exctn_id": {
								"type": "Int32",
								"value": null
							},
							"out_param_json_txt": {
								"type": "String",
								"value": null
							},
							"in_adf_pipln_run_id": {
								"type": "String",
								"value": {
									"value": "@pipeline().RunId",
									"type": "Expression"
								}
							}
						},
						"queryTimeout": "02:00:00",
						"partitionOption": "None"
					},
					"dataset": {
						"referenceName": "DS_DbGeneric",
						"type": "DatasetReference",
						"parameters": {
							"in_schma_name": "..",
							"in_tbl_view": "..",
							"in_key_vault_name": {
								"value": "@pipeline().globalParameters.globl_key_vault_name",
								"type": "Expression"
							}
						}
					},
					"firstRowOnly": true
				}
			},
			{
				"name": "SetOutComponentExecutionId",
				"type": "SetVariable",
				"dependsOn": [
					{
						"activity": "OpenComponentExecution",
						"dependencyConditions": [
							"Succeeded"
						]
					}
				],
				"userProperties": [],
				"typeProperties": {
					"variableName": "l_comp_exctn_id",
					"value": {
						"value": "@string(activity('OpenComponentExecution').output.firstRow.out_comp_exctn_id)",
						"type": "Expression"
					}
				}
			},
			{
				"name": "SetOutParamJsonText",
				"type": "SetVariable",
				"dependsOn": [
					{
						"activity": "OpenComponentExecution",
						"dependencyConditions": [
							"Succeeded"
						]
					}
				],
				"userProperties": [],
				"typeProperties": {
					"variableName": "l_param_json_txt",
					"value": {
						"value": "@string(activity('OpenComponentExecution').output.firstRow.out_param_json_txt)",
						"type": "Expression"
					}
				}
			},
			{
				"name": "CloseComponentExecutionSuccess",
				"type": "SqlServerStoredProcedure",
				"dependsOn": [
					{
						"activity": "ExecuteDumpDBSelectToParquet",
						"dependencyConditions": [
							"Succeeded"
						]
					}
				],
				"policy": {
					"timeout": "7.00:00:00",
					"retry": 0,
					"retryIntervalInSeconds": 30,
					"secureOutput": false,
					"secureInput": false
				},
				"userProperties": [],
				"typeProperties": {
					"storedProcedureName": "[md].[pro_comp_exctn_close]",
					"storedProcedureParameters": {
						"in_comp_exctn_id": {
							"value": {
								"value": "@int(variables('l_comp_exctn_id'))",
								"type": "Expression"
							},
							"type": "Int32"
						},
						"in_sttus_code": {
							"value": "C",
							"type": "String"
						},
						"in_err_msg_txt": {
							"value": null,
							"type": "String"
						}
					}
				},
				"linkedServiceName": {
					"referenceName": "LS_SQLDatabase",
					"type": "LinkedServiceReference",
					"parameters": {
						"in_key_vault_name": {
							"value": "@pipeline().globalParameters.globl_key_vault_name",
							"type": "Expression"
						}
					}
				}
			},
			{
				"name": "CloseComponentExecutionFailed",
				"type": "SqlServerStoredProcedure",
				"dependsOn": [
					{
						"activity": "ExecuteDumpDBSelectToParquet",
						"dependencyConditions": [
							"Failed",
							"Skipped"
						]
					}
				],
				"policy": {
					"timeout": "7.00:00:00",
					"retry": 0,
					"retryIntervalInSeconds": 30,
					"secureOutput": false,
					"secureInput": false
				},
				"userProperties": [],
				"typeProperties": {
					"storedProcedureName": "[md].[pro_comp_exctn_close]",
					"storedProcedureParameters": {
						"in_comp_exctn_id": {
							"value": {
								"value": "@int(variables('l_comp_exctn_id'))",
								"type": "Expression"
							},
							"type": "Int32"
						},
						"in_sttus_code": {
							"value": "F",
							"type": "String"
						},
						"in_err_msg_txt": {
							"value": {
								"value": "@concat(pipeline().Pipeline, ' failed.')",
								"type": "Expression"
							},
							"type": "String"
						}
					}
				},
				"linkedServiceName": {
					"referenceName": "LS_SQLDatabase",
					"type": "LinkedServiceReference",
					"parameters": {
						"in_key_vault_name": {
							"value": "@pipeline().globalParameters.globl_key_vault_name",
							"type": "Expression"
						}
					}
				}
			},
			{
				"name": "RaiseError",
				"type": "Lookup",
				"dependsOn": [
					{
						"activity": "CloseComponentExecutionFailed",
						"dependencyConditions": [
							"Succeeded"
						]
					}
				],
				"policy": {
					"timeout": "7.00:00:00",
					"retry": 0,
					"retryIntervalInSeconds": 30,
					"secureOutput": false,
					"secureInput": false
				},
				"userProperties": [],
				"typeProperties": {
					"source": {
						"type": "AzureSqlSource",
						"sqlReaderQuery": {
							"value": "@concat('THROW 99999, ''Error with cm-DumpDBInputFileToParquet'', 1')",
							"type": "Expression"
						},
						"queryTimeout": "02:00:00",
						"partitionOption": "None"
					},
					"dataset": {
						"referenceName": "DS_DbGeneric",
						"type": "DatasetReference",
						"parameters": {
							"in_schma_name": "..",
							"in_tbl_view": "..",
							"in_key_vault_name": {
								"value": "@pipeline().globalParameters.globl_key_vault_name",
								"type": "Expression"
							}
						}
					}
				}
			},
			{
				"name": "SetSchemaName",
				"type": "SetVariable",
				"dependsOn": [],
				"userProperties": [],
				"typeProperties": {
					"variableName": "l_schma_name",
					"value": {
						"value": "@pipeline().parameters.in_schema_name",
						"type": "Expression"
					}
				}
			}
		],
		"parameters": {
			"in_file_dfntn_vers_id": {
				"type": "int"
			},
			"in_cond_txt": {
				"type": "string"
			},
			"in_cntnr_name_txt": {
				"type": "string"
			},
			"in_path_txt": {
				"type": "string"
			},
			"in_archv_path_txt": {
				"type": "string",
				"defaultValue": "NOT NEEDED"
			},
			"in_file_name_txt": {
				"type": "string"
			},
			"in_parnt_comp_exctn_id": {
				"type": "int"
			},
			"in_user_name": {
				"type": "string"
			},
			"in_schema_name": {
				"type": "string",
				"defaultValue": "sbmt"
			}
		},
		"variables": {
			"l_tbl_name": {
				"type": "String"
			},
			"l_schma_name": {
				"type": "String"
			},
			"l_col_names": {
				"type": "String"
			},
			"l_cond_txt": {
				"type": "String"
			},
			"l_qry_txt": {
				"type": "String"
			},
			"l_cond_txt_final": {
				"type": "String"
			},
			"l_param_json_txt": {
				"type": "String"
			},
			"l_comp_exctn_id": {
				"type": "String"
			},
			"l_out_param_json_txt": {
				"type": "String"
			}
		},
		"folder": {
			"name": "Common"
		},
		"annotations": []
	}
}