{
	"name": "cm-DumpDBInputFileToCSV",
	"properties": {
		"activities": [
			{
				"name": "SetConditionText",
				"type": "SetVariable",
				"dependsOn": [
					{
						"activity": "CleanConditionText",
						"dependencyConditions": [
							"Succeeded"
						]
					}
				],
				"userProperties": [],
				"typeProperties": {
					"variableName": "l_cond_txt_final",
					"value": {
						"value": "@if(empty(trim(variables('l_cond_txt'))),\n'',\nconcat('WHERE ', replace(toUpper(trim(variables('l_cond_txt'))), 'WHERE', ''))\n)",
						"type": "Expression"
					}
				}
			},
			{
				"name": "SetQueryText",
				"type": "SetVariable",
				"dependsOn": [
					{
						"activity": "SetConditionText",
						"dependencyConditions": [
							"Succeeded"
						]
					},
					{
						"activity": "SetOrderText",
						"dependencyConditions": [
							"Succeeded"
						]
					}
				],
				"userProperties": [],
				"typeProperties": {
					"variableName": "l_qry_txt",
					"value": {
						"value": "@concat('SELECT ',\npipeline().parameters.in_select_col_list,\n' FROM ',\npipeline().parameters.in_db_schema_txt,\n'.',\npipeline().parameters.in_db_tbl_txt,\n' ',\nvariables('l_cond_txt_final'),\n' ',\nvariables('l_ordr_txt_final')\n)",
						"type": "Expression"
					}
				}
			},
			{
				"name": "ExecuteDumpDBSelectToCSV",
				"type": "ExecutePipeline",
				"dependsOn": [
					{
						"activity": "SetQueryText",
						"dependencyConditions": [
							"Succeeded"
						]
					}
				],
				"userProperties": [],
				"typeProperties": {
					"pipeline": {
						"referenceName": "cm-DumpDBSelectToCSV",
						"type": "PipelineReference"
					},
					"waitOnCompletion": true,
					"parameters": {
						"in_qry_txt": {
							"value": "@variables('l_qry_txt')",
							"type": "Expression"
						},
						"in_cntnr_name_txt": {
							"value": "@pipeline().parameters.in_cntnr_name_txt",
							"type": "Expression"
						},
						"in_path_txt": {
							"value": "@pipeline().parameters.in_path_txt",
							"type": "Expression"
						},
						"in_file_name_txt": {
							"value": "@pipeline().parameters.in_file_name_txt",
							"type": "Expression"
						},
						"in_parnt_comp_exctn_id": {
							"value": "@variables('l_comp_exctn_id')",
							"type": "Expression"
						},
						"in_user_name": {
							"value": "@pipeline().parameters.in_user_name",
							"type": "Expression"
						}
					}
				}
			},
			{
				"name": "CleanConditionText",
				"type": "SetVariable",
				"dependsOn": [
					{
						"activity": "SetOutComponentExecutionId",
						"dependencyConditions": [
							"Succeeded"
						]
					}
				],
				"userProperties": [],
				"typeProperties": {
					"variableName": "l_cond_txt",
					"value": {
						"value": "@if(empty(pipeline().parameters.in_cond_txt),\n'',\npipeline().parameters.in_cond_txt\n)",
						"type": "Expression"
					}
				}
			},
			{
				"name": "CleanOrderText",
				"type": "SetVariable",
				"dependsOn": [
					{
						"activity": "SetOutComponentExecutionId",
						"dependencyConditions": [
							"Succeeded"
						]
					}
				],
				"userProperties": [],
				"typeProperties": {
					"variableName": "l_ordr_txt",
					"value": {
						"value": "@if(empty(pipeline().parameters.in_ordr_txt),\n'',\npipeline().parameters.in_ordr_txt\n)",
						"type": "Expression"
					}
				}
			},
			{
				"name": "SetOrderText",
				"type": "SetVariable",
				"dependsOn": [
					{
						"activity": "CleanOrderText",
						"dependencyConditions": [
							"Succeeded"
						]
					}
				],
				"userProperties": [],
				"typeProperties": {
					"variableName": "l_ordr_txt_final",
					"value": {
						"value": "@if(empty(trim(variables('l_ordr_txt'))),\n'',\nconcat('ORDER BY ', replace(toUpper(trim(variables('l_ordr_txt'))), 'ORDER BY', ''))\n)",
						"type": "Expression"
					}
				}
			},
			{
				"name": "SetParamJsonText",
				"type": "SetVariable",
				"dependsOn": [],
				"userProperties": [],
				"typeProperties": {
					"variableName": "l_param_json_txt",
					"value": {
						"value": "@concat('{'\n,',\"in_db_schema_txt\": \"',string(pipeline().parameters.in_db_schema_txt),'\",'\n,',\"in_db_tbl_txt\": \"',string(pipeline().parameters.in_db_tbl_txt),'\",'\n,'\"in_cond_txt\": \"',pipeline().parameters.in_cond_txt,'\",'\n,',\"in_ordr_txt\": \"',pipeline().parameters.in_ordr_txt,'\",'\n,',\"in_cntnr_name_txt\": \"',pipeline().parameters.in_cntnr_name_txt,'\",'\n,',\"in_path_txt\": \"',pipeline().parameters.in_path_txt,'\",'\n,',\"in_file_name_txt\": \"',string(pipeline().parameters.in_file_name_txt),'\"'\n,'}')",
						"type": "Expression"
					}
				}
			},
			{
				"name": "OpenComponentExecution",
				"type": "Lookup",
				"dependsOn": [
					{
						"activity": "SetParamJsonText",
						"dependencyConditions": [
							"Succeeded"
						]
					}
				],
				"policy": {
					"timeout": "7.00:00:00",
					"retry": 1,
					"retryIntervalInSeconds": 30,
					"secureOutput": false,
					"secureInput": false
				},
				"userProperties": [],
				"typeProperties": {
					"source": {
						"type": "AzureSqlSource",
						"sqlReaderStoredProcedureName": "[md].[pro_comp_exctn_open]",
						"storedProcedureParameters": {
							"in_adf_pipln_name": {
								"type": "String",
								"value": {
									"value": "@pipeline().Pipeline",
									"type": "Expression"
								}
							},
							"in_param_json_txt": {
								"type": "String",
								"value": {
									"value": "@variables('l_param_json_txt')",
									"type": "Expression"
								}
							},
							"in_parnt_comp_exctn_id": {
								"type": "Int32",
								"value": {
									"value": "@pipeline().parameters.in_parnt_comp_exctn_id",
									"type": "Expression"
								}
							},
							"in_scope_id": {
								"type": "Int32",
								"value": null
							},
							"in_user_name": {
								"type": "String",
								"value": {
									"value": "@pipeline().parameters.in_user_name",
									"type": "Expression"
								}
							},
							"out_comp_exctn_id": {
								"type": "Int32",
								"value": null
							},
							"out_param_json_txt": {
								"type": "String",
								"value": null
							},
							"in_adf_pipln_run_id": {
								"type": "String",
								"value": {
									"value": "@pipeline().RunId",
									"type": "Expression"
								}
							}
						},
						"queryTimeout": "02:00:00",
						"partitionOption": "None"
					},
					"dataset": {
						"referenceName": "DS_DbGeneric",
						"type": "DatasetReference",
						"parameters": {
							"in_schma_name": "..",
							"in_tbl_view": "..",
							"in_key_vault_name": {
								"value": "@pipeline().globalParameters.globl_key_vault_name",
								"type": "Expression"
							}
						}
					},
					"firstRowOnly": true
				}
			},
			{
				"name": "CloseComponentExecutionSuccess",
				"type": "SqlServerStoredProcedure",
				"dependsOn": [
					{
						"activity": "ExecuteDumpDBSelectToCSV",
						"dependencyConditions": [
							"Succeeded"
						]
					}
				],
				"policy": {
					"timeout": "7.00:00:00",
					"retry": 0,
					"retryIntervalInSeconds": 30,
					"secureOutput": false,
					"secureInput": false
				},
				"userProperties": [],
				"typeProperties": {
					"storedProcedureName": "[md].[pro_comp_exctn_close]",
					"storedProcedureParameters": {
						"in_comp_exctn_id": {
							"value": {
								"value": "@int(variables('l_comp_exctn_id'))",
								"type": "Expression"
							},
							"type": "Int32"
						},
						"in_sttus_code": {
							"value": "C",
							"type": "String"
						},
						"in_err_msg_txt": {
							"value": null,
							"type": "String"
						}
					}
				},
				"linkedServiceName": {
					"referenceName": "LS_SQLDatabase",
					"type": "LinkedServiceReference",
					"parameters": {
						"in_key_vault_name": {
							"value": "@pipeline().globalParameters.globl_key_vault_name",
							"type": "Expression"
						}
					}
				}
			},
			{
				"name": "SetOutComponentExecutionId",
				"type": "SetVariable",
				"dependsOn": [
					{
						"activity": "OpenComponentExecution",
						"dependencyConditions": [
							"Succeeded"
						]
					}
				],
				"userProperties": [],
				"typeProperties": {
					"variableName": "l_comp_exctn_id",
					"value": {
						"value": "@string(activity('OpenComponentExecution').output.firstRow.out_comp_exctn_id)",
						"type": "Expression"
					}
				}
			},
			{
				"name": "CloseComponentExecutionFailed",
				"type": "SqlServerStoredProcedure",
				"dependsOn": [
					{
						"activity": "ExecuteDumpDBSelectToCSV",
						"dependencyConditions": [
							"Failed",
							"Skipped"
						]
					}
				],
				"policy": {
					"timeout": "7.00:00:00",
					"retry": 0,
					"retryIntervalInSeconds": 30,
					"secureOutput": false,
					"secureInput": false
				},
				"userProperties": [],
				"typeProperties": {
					"storedProcedureName": "[md].[pro_comp_exctn_close]",
					"storedProcedureParameters": {
						"in_comp_exctn_id": {
							"value": {
								"value": "@int(variables('l_comp_exctn_id'))",
								"type": "Expression"
							},
							"type": "Int32"
						},
						"in_sttus_code": {
							"value": "F",
							"type": "String"
						},
						"in_err_msg_txt": {
							"value": {
								"value": "@concat(pipeline().Pipeline, ' failed.')",
								"type": "Expression"
							},
							"type": "String"
						}
					}
				},
				"linkedServiceName": {
					"referenceName": "LS_SQLDatabase",
					"type": "LinkedServiceReference",
					"parameters": {
						"in_key_vault_name": {
							"value": "@pipeline().globalParameters.globl_key_vault_name",
							"type": "Expression"
						}
					}
				}
			},
			{
				"name": "RaiseError",
				"type": "Lookup",
				"dependsOn": [
					{
						"activity": "CloseComponentExecutionFailed",
						"dependencyConditions": [
							"Completed"
						]
					}
				],
				"policy": {
					"timeout": "7.00:00:00",
					"retry": 0,
					"retryIntervalInSeconds": 30,
					"secureOutput": false,
					"secureInput": false
				},
				"userProperties": [],
				"typeProperties": {
					"source": {
						"type": "AzureSqlSource",
						"sqlReaderQuery": {
							"value": "@concat('THROW 99999, ''Error with cm-DumpDBInputFileToParquet'', 1')",
							"type": "Expression"
						},
						"queryTimeout": "02:00:00",
						"partitionOption": "None"
					},
					"dataset": {
						"referenceName": "DS_DbGeneric",
						"type": "DatasetReference",
						"parameters": {
							"in_schma_name": "..",
							"in_tbl_view": "..",
							"in_key_vault_name": {
								"value": "@pipeline().globalParameters.globl_key_vault_name",
								"type": "Expression"
							}
						}
					}
				}
			}
		],
		"parameters": {
			"in_cond_txt": {
				"type": "string"
			},
			"in_cntnr_name_txt": {
				"type": "string"
			},
			"in_path_txt": {
				"type": "string"
			},
			"in_file_name_txt": {
				"type": "string"
			},
			"in_parnt_comp_exctn_id": {
				"type": "string"
			},
			"in_ordr_txt": {
				"type": "string"
			},
			"in_db_schema_txt": {
				"type": "string"
			},
			"in_db_tbl_txt": {
				"type": "string"
			},
			"in_user_name": {
				"type": "string"
			},
			"in_select_col_list": {
				"type": "string"
			}
		},
		"variables": {
			"l_col_names": {
				"type": "String"
			},
			"l_cond_txt": {
				"type": "String"
			},
			"l_qry_txt": {
				"type": "String"
			},
			"l_cond_txt_final": {
				"type": "String"
			},
			"l_ordr_txt": {
				"type": "String"
			},
			"l_ordr_txt_final": {
				"type": "String"
			},
			"l_param_json_txt": {
				"type": "String"
			},
			"l_comp_exctn_id": {
				"type": "String"
			}
		},
		"folder": {
			"name": "Common"
		},
		"annotations": [],
		"lastPublishTime": "2021-10-27T10:53:01Z"
	},
	"type": "Microsoft.DataFactory/factories/pipelines"
}