{
	"name": "cm-GenerateDQCheckReport",
	"properties": {
		"activities": [
			{
				"name": "EachSourceColumns",
				"type": "ForEach",
				"dependsOn": [
					{
						"activity": "GetAllCheckExecRows",
						"dependencyConditions": [
							"Succeeded"
						]
					}
				],
				"userProperties": [],
				"typeProperties": {
					"items": {
						"value": "@activity('GetAllCheckExecRows').output.value",
						"type": "Expression"
					},
					"isSequential": true,
					"activities": [
						{
							"name": "ExecuteDumpDBSelectToCSV",
							"type": "ExecutePipeline",
							"dependsOn": [
								{
									"activity": "SetIqueryTxt",
									"dependencyConditions": [
										"Succeeded"
									]
								}
							],
							"userProperties": [],
							"typeProperties": {
								"pipeline": {
									"referenceName": "cm-DumpDBSelectToCSV",
									"type": "PipelineReference"
								},
								"waitOnCompletion": true,
								"parameters": {
									"in_qry_txt": {
										"value": "@variables('l_qry_txt')",
										"type": "Expression"
									},
									"in_cntnr_name_txt": {
										"value": "@pipeline().parameters.in_cntnr_name_txt",
										"type": "Expression"
									},
									"in_path_txt": {
										"value": "@pipeline().parameters.in_path_txt",
										"type": "Expression"
									},
									"in_file_name_txt": {
										"value": "@item().reslt_tbl_name",
										"type": "Expression"
									},
									"in_parnt_comp_exctn_id": {
										"value": "@variables('l_comp_exctn_id')",
										"type": "Expression"
									},
									"in_user_name": {
										"value": "@pipeline().parameters.in_user_name",
										"type": "Expression"
									}
								}
							}
						},
						{
							"name": "SetIqueryTxt",
							"type": "SetVariable",
							"dependsOn": [],
							"userProperties": [],
							"typeProperties": {
								"variableName": "l_qry_txt",
								"value": {
									"value": "@concat('SELECT * FROM tmp.',item().reslt_tbl_name)",
									"type": "Expression"
								}
							}
						}
					]
				}
			},
			{
				"name": "SetParamJsonText",
				"type": "SetVariable",
				"dependsOn": [],
				"userProperties": [],
				"typeProperties": {
					"variableName": "l_param_json_txt",
					"value": {
						"value": "@concat('{'\n,'\"in_file_dfntn_vers_id\": \"',string(pipeline().parameters.in_file_dfntn_vers_id),'\"'\n,',\"in_cntnr_name_txt\": \"',pipeline().parameters.in_cntnr_name_txt,'\"'\n,',\"in_path_txt\": \"',pipeline().parameters.in_path_txt,'\"'\n,',\"in_dq_check_exctn_id\": \"',string(pipeline().parameters.in_dq_check_exctn_id),'\"'\n,',\"in_file_actn_id\": \"',string(pipeline().parameters.in_file_actn_id),'\"'\n,'}')",
						"type": "Expression"
					}
				}
			},
			{
				"name": "OpenComponentExecution",
				"type": "Lookup",
				"dependsOn": [
					{
						"activity": "SetParamJsonText",
						"dependencyConditions": [
							"Succeeded"
						]
					}
				],
				"policy": {
					"timeout": "7.00:00:00",
					"retry": 1,
					"retryIntervalInSeconds": 30,
					"secureOutput": false,
					"secureInput": false
				},
				"userProperties": [],
				"typeProperties": {
					"source": {
						"type": "AzureSqlSource",
						"sqlReaderStoredProcedureName": "[md].[pro_comp_exctn_open]",
						"storedProcedureParameters": {
							"in_adf_pipln_name": {
								"type": "String",
								"value": {
									"value": "@pipeline().Pipeline",
									"type": "Expression"
								}
							},
							"in_param_json_txt": {
								"type": "String",
								"value": {
									"value": "@variables('l_param_json_txt')",
									"type": "Expression"
								}
							},
							"in_parnt_comp_exctn_id": {
								"type": "Int32",
								"value": {
									"value": "@pipeline().parameters.in_parnt_comp_exctn_id",
									"type": "Expression"
								}
							},
							"in_scope_id": {
								"type": "Int32",
								"value": null
							},
							"in_user_name": {
								"type": "String",
								"value": {
									"value": "@pipeline().parameters.in_user_name",
									"type": "Expression"
								}
							},
							"out_comp_exctn_id": {
								"type": "Int32",
								"value": null
							},
							"out_param_json_txt": {
								"type": "String",
								"value": null
							},
							"in_adf_pipln_run_id": {
								"type": "String",
								"value": {
									"value": "@pipeline().RunId",
									"type": "Expression"
								}
							}
						},
						"queryTimeout": "02:00:00",
						"partitionOption": "None"
					},
					"dataset": {
						"referenceName": "DS_DbGeneric",
						"type": "DatasetReference",
						"parameters": {
							"in_schma_name": "..",
							"in_tbl_view": "..",
							"in_key_vault_name": {
								"value": "@pipeline().globalParameters.globl_key_vault_name",
								"type": "Expression"
							}
						}
					},
					"firstRowOnly": true
				}
			},
			{
				"name": "SetOutComponentExecutionId",
				"type": "SetVariable",
				"dependsOn": [
					{
						"activity": "OpenComponentExecution",
						"dependencyConditions": [
							"Succeeded"
						]
					}
				],
				"userProperties": [],
				"typeProperties": {
					"variableName": "l_comp_exctn_id",
					"value": {
						"value": "@string(activity('OpenComponentExecution').output.firstRow.out_comp_exctn_id)",
						"type": "Expression"
					}
				}
			},
			{
				"name": "SetOutParamJsonText",
				"type": "SetVariable",
				"dependsOn": [
					{
						"activity": "OpenComponentExecution",
						"dependencyConditions": [
							"Succeeded"
						]
					}
				],
				"userProperties": [],
				"typeProperties": {
					"variableName": "l_out_param_json_txt",
					"value": {
						"value": "@string(activity('OpenComponentExecution').output.firstRow.out_param_json_txt)",
						"type": "Expression"
					}
				}
			},
			{
				"name": "GetAllCheckExecRows",
				"type": "Lookup",
				"dependsOn": [
					{
						"activity": "SetOutComponentExecutionId",
						"dependencyConditions": [
							"Succeeded"
						]
					},
					{
						"activity": "SetOutParamJsonText",
						"dependencyConditions": [
							"Succeeded"
						]
					}
				],
				"policy": {
					"timeout": "7.00:00:00",
					"retry": 0,
					"retryIntervalInSeconds": 30,
					"secureOutput": false,
					"secureInput": false
				},
				"userProperties": [],
				"typeProperties": {
					"source": {
						"type": "AzureSqlSource",
						"sqlReaderQuery": {
							"value": "@concat('SELECT * FROM md.dq_check_exctn_plc WHERE dq_check_exctn_id = '\n,string(pipeline().parameters.in_dq_check_exctn_id),' AND file_actn_id =',string(pipeline().parameters.in_file_actn_id)\n)",
							"type": "Expression"
						},
						"queryTimeout": "02:00:00",
						"partitionOption": "None"
					},
					"dataset": {
						"referenceName": "DS_DbGeneric",
						"type": "DatasetReference",
						"parameters": {
							"in_schma_name": "md",
							"in_tbl_view": "dq_check_exctn_plc",
							"in_key_vault_name": {
								"value": "@pipeline().globalParameters.globl_key_vault_name",
								"type": "Expression"
							}
						}
					},
					"firstRowOnly": false
				}
			},
			{
				"name": "CloseComponentExecutionSuccess",
				"type": "SqlServerStoredProcedure",
				"dependsOn": [
					{
						"activity": "EachSourceColumns",
						"dependencyConditions": [
							"Succeeded"
						]
					}
				],
				"policy": {
					"timeout": "7.00:00:00",
					"retry": 0,
					"retryIntervalInSeconds": 30,
					"secureOutput": false,
					"secureInput": false
				},
				"userProperties": [],
				"typeProperties": {
					"storedProcedureName": "[md].[pro_comp_exctn_close]",
					"storedProcedureParameters": {
						"in_comp_exctn_id": {
							"value": {
								"value": "@int(variables('l_comp_exctn_id'))",
								"type": "Expression"
							},
							"type": "Int32"
						},
						"in_sttus_code": {
							"value": "C",
							"type": "String"
						},
						"in_err_msg_txt": {
							"value": null,
							"type": "String"
						}
					}
				},
				"linkedServiceName": {
					"referenceName": "LS_SQLDatabase",
					"type": "LinkedServiceReference",
					"parameters": {
						"in_key_vault_name": {
							"value": "@pipeline().globalParameters.globl_key_vault_name",
							"type": "Expression"
						}
					}
				}
			},
			{
				"name": "CloseComponentExecutionFailed",
				"type": "SqlServerStoredProcedure",
				"dependsOn": [
					{
						"activity": "EachSourceColumns",
						"dependencyConditions": [
							"Failed",
							"Skipped"
						]
					}
				],
				"policy": {
					"timeout": "7.00:00:00",
					"retry": 0,
					"retryIntervalInSeconds": 30,
					"secureOutput": false,
					"secureInput": false
				},
				"userProperties": [],
				"typeProperties": {
					"storedProcedureName": "[md].[pro_comp_exctn_close]",
					"storedProcedureParameters": {
						"in_comp_exctn_id": {
							"value": {
								"value": "@int(variables('l_comp_exctn_id'))",
								"type": "Expression"
							},
							"type": "Int32"
						},
						"in_sttus_code": {
							"value": "F",
							"type": "String"
						},
						"in_err_msg_txt": {
							"value": {
								"value": "@concat(pipeline().Pipeline, ' failed.')",
								"type": "Expression"
							},
							"type": "String"
						}
					}
				},
				"linkedServiceName": {
					"referenceName": "LS_SQLDatabase",
					"type": "LinkedServiceReference",
					"parameters": {
						"in_key_vault_name": {
							"value": "@pipeline().globalParameters.globl_key_vault_name",
							"type": "Expression"
						}
					}
				}
			},
			{
				"name": "RaiseError",
				"type": "Lookup",
				"dependsOn": [
					{
						"activity": "CloseComponentExecutionFailed",
						"dependencyConditions": [
							"Completed"
						]
					}
				],
				"policy": {
					"timeout": "7.00:00:00",
					"retry": 0,
					"retryIntervalInSeconds": 30,
					"secureOutput": false,
					"secureInput": false
				},
				"userProperties": [],
				"typeProperties": {
					"source": {
						"type": "AzureSqlSource",
						"sqlReaderQuery": {
							"value": "@concat('THROW 99999, ''Error with cm-DumpDBInputFileToParquet'', 1')",
							"type": "Expression"
						},
						"queryTimeout": "02:00:00",
						"partitionOption": "None"
					},
					"dataset": {
						"referenceName": "DS_DbGeneric",
						"type": "DatasetReference",
						"parameters": {
							"in_schma_name": "..",
							"in_tbl_view": "..",
							"in_key_vault_name": {
								"value": "@pipeline().globalParameters.globl_key_vault_name",
								"type": "Expression"
							}
						}
					}
				}
			}
		],
		"parameters": {
			"in_file_dfntn_vers_id": {
				"type": "int"
			},
			"in_parnt_comp_exctn_id": {
				"type": "int",
				"defaultValue": 0
			},
			"in_user_name": {
				"type": "string"
			},
			"in_cntnr_name_txt": {
				"type": "string"
			},
			"in_path_txt": {
				"type": "string"
			},
			"in_dq_check_exctn_id": {
				"type": "int"
			},
			"in_file_actn_id": {
				"type": "int"
			}
		},
		"variables": {
			"l_qry_txt": {
				"type": "String"
			},
			"l_comp_exctn_id": {
				"type": "String"
			},
			"l_param_json_txt": {
				"type": "String"
			},
			"l_out_param_json_txt": {
				"type": "String"
			}
		},
		"folder": {
			"name": "Common"
		},
		"annotations": []
	}
}