{
	"name": "cm-PumpFileIntoDB",
	"properties": {
		"activities": [
			{
				"name": "ChooseFileEngine",
				"type": "Switch",
				"dependsOn": [
					{
						"activity": "SetFileExtension",
						"dependencyConditions": [
							"Succeeded"
						]
					}
				],
				"userProperties": [],
				"typeProperties": {
					"on": {
						"value": "@toLower(variables('l_file_extsn'))",
						"type": "Expression"
					},
					"cases": [
						{
							"value": "parquet",
							"activities": [
								{
									"name": "PumpParquetFileToDb",
									"type": "Copy",
									"dependsOn": [],
									"policy": {
										"timeout": "7.00:00:00",
										"retry": 1,
										"retryIntervalInSeconds": 30,
										"secureOutput": false,
										"secureInput": false
									},
									"userProperties": [],
									"typeProperties": {
										"source": {
											"type": "ParquetSource",
											"storeSettings": {
												"type": "AzureBlobFSReadSettings",
												"recursive": true,
												"enablePartitionDiscovery": false
											}
										},
										"sink": {
											"type": "AzureSqlSink",
											"disableMetricsCollection": false
										},
										"enableStaging": false,
										"translator": {
											"type": "TabularTranslator",
											"typeConversion": true,
											"typeConversionSettings": {
												"allowDataTruncation": true,
												"treatBooleanAsNumber": false
											}
										}
									},
									"inputs": [
										{
											"referenceName": "DS_GeneralInternalParquet",
											"type": "DatasetReference",
											"parameters": {
												"in_cntnr_name_txt": {
													"value": "@pipeline().parameters.in_cntnr_name_txt",
													"type": "Expression"
												},
												"in_path_txt": {
													"value": "@pipeline().parameters.in_path_txt",
													"type": "Expression"
												},
												"in_file_name_txt": {
													"value": "@pipeline().parameters.in_file_name_txt",
													"type": "Expression"
												},
												"in_storg_acct_name": {
													"value": "@activity('GetSecretValueInboundStorageAccountName').output.value",
													"type": "Expression"
												}
											}
										}
									],
									"outputs": [
										{
											"referenceName": "DS_DbGeneric",
											"type": "DatasetReference",
											"parameters": {
												"in_schma_name": {
													"value": "stage",
													"type": "Expression"
												},
												"in_tbl_view": {
													"value": "@pipeline().parameters.in_trgt_tbl_name",
													"type": "Expression"
												},
												"in_key_vault_name": {
													"value": "@pipeline().globalParameters.globl_key_vault_name",
													"type": "Expression"
												}
											}
										}
									]
								}
							]
						},
						{
							"value": "csv",
							"activities": [
								{
									"name": "PumpCsvFileToDb",
									"type": "Copy",
									"dependsOn": [],
									"policy": {
										"timeout": "7.00:00:00",
										"retry": 0,
										"retryIntervalInSeconds": 30,
										"secureOutput": false,
										"secureInput": false
									},
									"userProperties": [],
									"typeProperties": {
										"source": {
											"type": "DelimitedTextSource",
											"storeSettings": {
												"type": "AzureBlobFSReadSettings",
												"recursive": true,
												"enablePartitionDiscovery": false
											},
											"formatSettings": {
												"type": "DelimitedTextReadSettings"
											}
										},
										"sink": {
											"type": "AzureSqlSink",
											"disableMetricsCollection": false
										},
										"enableStaging": false,
										"translator": {
											"type": "TabularTranslator",
											"typeConversion": true,
											"typeConversionSettings": {
												"allowDataTruncation": true,
												"treatBooleanAsNumber": false
											}
										}
									},
									"inputs": [
										{
											"referenceName": "DS_GenericInternalCsvPipe",
											"type": "DatasetReference",
											"parameters": {
												"in_cntnr_name_txt": {
													"value": "@pipeline().parameters.in_cntnr_name_txt",
													"type": "Expression"
												},
												"in_path_txt": {
													"value": "@pipeline().parameters.in_path_txt",
													"type": "Expression"
												},
												"in_file_name_txt": {
													"value": "@replace(pipeline().parameters.in_file_name_txt,'.csv','')",
													"type": "Expression"
												},
												"in_storg_acct_name": {
													"value": "@activity('GetSecretValueInboundStorageAccountName').output.value",
													"type": "Expression"
												}
											}
										}
									],
									"outputs": [
										{
											"referenceName": "DS_DbGeneric",
											"type": "DatasetReference",
											"parameters": {
												"in_schma_name": {
													"value": "stage",
													"type": "Expression"
												},
												"in_tbl_view": {
													"value": "@pipeline().parameters.in_trgt_tbl_name",
													"type": "Expression"
												},
												"in_key_vault_name": {
													"value": "@pipeline().globalParameters.globl_key_vault_name",
													"type": "Expression"
												}
											}
										}
									]
								}
							]
						}
					]
				}
			},
			{
				"name": "SetFileExtension",
				"type": "SetVariable",
				"dependsOn": [
					{
						"activity": "SetOutParamJsonText",
						"dependencyConditions": [
							"Succeeded"
						]
					},
					{
						"activity": "SetOutComponentExecutionId",
						"dependencyConditions": [
							"Succeeded"
						]
					}
				],
				"userProperties": [],
				"typeProperties": {
					"variableName": "l_file_extsn",
					"value": {
						"value": "@last(split(pipeline().parameters.in_file_name_txt, '.'))",
						"type": "Expression"
					}
				}
			},
			{
				"name": "SetParamJsonText",
				"type": "SetVariable",
				"dependsOn": [
					{
						"activity": "GetSecretValueInboundStorageAccountName",
						"dependencyConditions": [
							"Succeeded"
						]
					}
				],
				"userProperties": [],
				"typeProperties": {
					"variableName": "l_out_param_json_txt",
					"value": {
						"value": "@concat('{'\n,'\"in_cntnr_name_txt\": \"',pipeline().parameters.in_cntnr_name_txt,'\"'\n,',\"in_path_txt\": \"',pipeline().parameters.in_path_txt,'\"'\n,',\"in_file_name_txt\": \"',pipeline().parameters.in_file_name_txt,'\"'\n,',\"in_trgt_tbl_name\": \"',pipeline().parameters.in_trgt_tbl_name,'\"'\n,'}')",
						"type": "Expression"
					}
				}
			},
			{
				"name": "OpenComponentExecution",
				"type": "Lookup",
				"dependsOn": [
					{
						"activity": "SetParamJsonText",
						"dependencyConditions": [
							"Succeeded"
						]
					}
				],
				"policy": {
					"timeout": "7.00:00:00",
					"retry": 1,
					"retryIntervalInSeconds": 30,
					"secureOutput": false,
					"secureInput": false
				},
				"userProperties": [],
				"typeProperties": {
					"source": {
						"type": "AzureSqlSource",
						"sqlReaderStoredProcedureName": "[md].[pro_comp_exctn_open]",
						"storedProcedureParameters": {
							"in_adf_pipln_name": {
								"type": "String",
								"value": {
									"value": "@pipeline().Pipeline",
									"type": "Expression"
								}
							},
							"in_param_json_txt": {
								"type": "String",
								"value": {
									"value": "@variables('l_param_json_txt')",
									"type": "Expression"
								}
							},
							"in_parnt_comp_exctn_id": {
								"type": "Int32",
								"value": {
									"value": "@pipeline().parameters.in_parnt_comp_exctn_id",
									"type": "Expression"
								}
							},
							"in_scope_id": {
								"type": "Int32",
								"value": null
							},
							"in_user_name": {
								"type": "String",
								"value": {
									"value": "@pipeline().parameters.in_user_name",
									"type": "Expression"
								}
							},
							"out_comp_exctn_id": {
								"type": "Int32",
								"value": null
							},
							"out_param_json_txt": {
								"type": "String",
								"value": null
							},
							"in_adf_pipln_run_id": {
								"type": "String",
								"value": {
									"value": "@pipeline().RunId",
									"type": "Expression"
								}
							}
						},
						"queryTimeout": "02:00:00",
						"partitionOption": "None"
					},
					"dataset": {
						"referenceName": "DS_DbGeneric",
						"type": "DatasetReference",
						"parameters": {
							"in_schma_name": "..",
							"in_tbl_view": "..",
							"in_key_vault_name": {
								"value": "@pipeline().globalParameters.globl_key_vault_name",
								"type": "Expression"
							}
						}
					},
					"firstRowOnly": true
				}
			},
			{
				"name": "SetOutComponentExecutionId",
				"type": "SetVariable",
				"dependsOn": [
					{
						"activity": "OpenComponentExecution",
						"dependencyConditions": [
							"Succeeded"
						]
					}
				],
				"userProperties": [],
				"typeProperties": {
					"variableName": "l_comp_exctn_id",
					"value": {
						"value": "@string(activity('OpenComponentExecution').output.firstRow.out_comp_exctn_id)",
						"type": "Expression"
					}
				}
			},
			{
				"name": "SetOutParamJsonText",
				"type": "SetVariable",
				"dependsOn": [
					{
						"activity": "OpenComponentExecution",
						"dependencyConditions": [
							"Succeeded"
						]
					}
				],
				"userProperties": [],
				"typeProperties": {
					"variableName": "l_out_param_json_txt",
					"value": {
						"value": "@string(activity('OpenComponentExecution').output.firstRow.out_param_json_txt)",
						"type": "Expression"
					}
				}
			},
			{
				"name": "CloseComponentExecutionSuccess",
				"type": "SqlServerStoredProcedure",
				"dependsOn": [
					{
						"activity": "ChooseFileEngine",
						"dependencyConditions": [
							"Succeeded"
						]
					}
				],
				"policy": {
					"timeout": "7.00:00:00",
					"retry": 0,
					"retryIntervalInSeconds": 30,
					"secureOutput": false,
					"secureInput": false
				},
				"userProperties": [],
				"typeProperties": {
					"storedProcedureName": "[md].[pro_comp_exctn_close]",
					"storedProcedureParameters": {
						"in_comp_exctn_id": {
							"value": {
								"value": "@int(variables('l_comp_exctn_id'))",
								"type": "Expression"
							},
							"type": "Int32"
						},
						"in_sttus_code": {
							"value": "C",
							"type": "String"
						},
						"in_err_msg_txt": {
							"value": null,
							"type": "String"
						}
					}
				},
				"linkedServiceName": {
					"referenceName": "LS_SQLDatabase",
					"type": "LinkedServiceReference",
					"parameters": {
						"in_key_vault_name": {
							"value": "@pipeline().globalParameters.globl_key_vault_name",
							"type": "Expression"
						}
					}
				}
			},
			{
				"name": "CloseComponentExecutionFailed",
				"type": "SqlServerStoredProcedure",
				"dependsOn": [
					{
						"activity": "ChooseFileEngine",
						"dependencyConditions": [
							"Failed",
							"Skipped"
						]
					}
				],
				"policy": {
					"timeout": "7.00:00:00",
					"retry": 0,
					"retryIntervalInSeconds": 30,
					"secureOutput": false,
					"secureInput": false
				},
				"userProperties": [],
				"typeProperties": {
					"storedProcedureName": "[md].[pro_comp_exctn_close]",
					"storedProcedureParameters": {
						"in_comp_exctn_id": {
							"value": {
								"value": "@int(variables('l_comp_exctn_id'))",
								"type": "Expression"
							},
							"type": "Int32"
						},
						"in_sttus_code": {
							"value": "F",
							"type": "String"
						},
						"in_err_msg_txt": {
							"value": {
								"value": "@concat(pipeline().Pipeline, ' failed.')",
								"type": "Expression"
							},
							"type": "String"
						}
					}
				},
				"linkedServiceName": {
					"referenceName": "LS_SQLDatabase",
					"type": "LinkedServiceReference",
					"parameters": {
						"in_key_vault_name": {
							"value": "@pipeline().globalParameters.globl_key_vault_name",
							"type": "Expression"
						}
					}
				}
			},
			{
				"name": "RaiseError",
				"type": "Lookup",
				"dependsOn": [
					{
						"activity": "CloseComponentExecutionFailed",
						"dependencyConditions": [
							"Completed"
						]
					}
				],
				"policy": {
					"timeout": "7.00:00:00",
					"retry": 0,
					"retryIntervalInSeconds": 30,
					"secureOutput": false,
					"secureInput": false
				},
				"userProperties": [],
				"typeProperties": {
					"source": {
						"type": "AzureSqlSource",
						"sqlReaderQuery": {
							"value": "@concat('THROW 99999, ''Error with cm-DumpDBSelectToParquet'', 1')",
							"type": "Expression"
						},
						"queryTimeout": "02:00:00",
						"partitionOption": "None"
					},
					"dataset": {
						"referenceName": "DS_DbGeneric",
						"type": "DatasetReference",
						"parameters": {
							"in_schma_name": "..",
							"in_tbl_view": "..",
							"in_key_vault_name": {
								"value": "@pipeline().globalParameters.globl_key_vault_name",
								"type": "Expression"
							}
						}
					}
				}
			},
			{
				"name": "GetSecretValueInboundStorageAccountName",
				"type": "WebActivity",
				"dependsOn": [],
				"policy": {
					"timeout": "0.00:02:00",
					"retry": 0,
					"retryIntervalInSeconds": 30,
					"secureOutput": true,
					"secureInput": false
				},
				"userProperties": [],
				"typeProperties": {
					"url": {
						"value": "@concat(\n'https://'\n,pipeline().globalParameters.globl_key_vault_name\n,'.vault.azure.net/secrets/'\n,'cngc-inbound-storage-account-name'\n,'?'\n,pipeline().globalParameters.globl_key_vault_url_api_vers\n)",
						"type": "Expression"
					},
					"method": "GET",
					"authentication": {
						"type": "MSI",
						"resource": "https://vault.azure.net"
					}
				}
			}
		],
		"parameters": {
			"in_parnt_comp_exctn_id": {
				"type": "int"
			},
			"in_user_name": {
				"type": "string"
			},
			"in_cntnr_name_txt": {
				"type": "string"
			},
			"in_path_txt": {
				"type": "string"
			},
			"in_file_name_txt": {
				"type": "string"
			},
			"in_trgt_tbl_name": {
				"type": "string"
			}
		},
		"variables": {
			"l_comp_exctn_id": {
				"type": "String"
			},
			"l_out_param_json_txt": {
				"type": "String"
			},
			"l_file_extsn": {
				"type": "String"
			},
			"l_param_json_txt": {
				"type": "String"
			}
		},
		"folder": {
			"name": "Common"
		},
		"annotations": []
	}
}