{
	"name": "em-EmailDispatch",
	"properties": {
		"activities": [
			{
				"name": "SetParamJsonText",
				"type": "SetVariable",
				"dependsOn": [
					{
						"activity": "GetSecretValueLogicAppEmailSenderUrl",
						"dependencyConditions": [
							"Succeeded"
						]
					}
				],
				"userProperties": [],
				"typeProperties": {
					"variableName": "l_param_json_txt",
					"value": {
						"value": "@concat('{'\n,'\"in_email_id\": \"', string(pipeline().parameters.in_email_id),'\"'\n,'}')",
						"type": "Expression"
					}
				}
			},
			{
				"name": "OpenComponentExecution",
				"type": "Lookup",
				"dependsOn": [
					{
						"activity": "SetParamJsonText",
						"dependencyConditions": [
							"Succeeded"
						]
					}
				],
				"policy": {
					"timeout": "7.00:00:00",
					"retry": 1,
					"retryIntervalInSeconds": 30,
					"secureOutput": false,
					"secureInput": false
				},
				"userProperties": [],
				"typeProperties": {
					"source": {
						"type": "AzureSqlSource",
						"sqlReaderStoredProcedureName": "[md].[pro_comp_exctn_open]",
						"storedProcedureParameters": {
							"in_adf_pipln_name": {
								"type": "String",
								"value": {
									"value": "@pipeline().Pipeline",
									"type": "Expression"
								}
							},
							"in_param_json_txt": {
								"type": "String",
								"value": {
									"value": "@variables('l_param_json_txt')",
									"type": "Expression"
								}
							},
							"in_parnt_comp_exctn_id": {
								"type": "Int32",
								"value": {
									"value": "@pipeline().parameters.in_parnt_comp_exctn_id",
									"type": "Expression"
								}
							},
							"in_scope_id": {
								"type": "Int32",
								"value": null
							},
							"in_user_name": {
								"type": "String",
								"value": {
									"value": "@pipeline().parameters.in_user_name",
									"type": "Expression"
								}
							},
							"out_comp_exctn_id": {
								"type": "Int32",
								"value": null
							},
							"out_param_json_txt": {
								"type": "String",
								"value": null
							}
						},
						"queryTimeout": "02:00:00",
						"partitionOption": "None"
					},
					"dataset": {
						"referenceName": "DS_DbGeneric",
						"type": "DatasetReference",
						"parameters": {
							"in_schma_name": "..",
							"in_tbl_view": "..",
							"in_key_vault_name": {
								"value": "@pipeline().globalParameters.globl_key_vault_name",
								"type": "Expression"
							}
						}
					},
					"firstRowOnly": true
				}
			},
			{
				"name": "SetOutComponentExecutionId",
				"type": "SetVariable",
				"dependsOn": [
					{
						"activity": "OpenComponentExecution",
						"dependencyConditions": [
							"Succeeded"
						]
					}
				],
				"userProperties": [],
				"typeProperties": {
					"variableName": "l_comp_exctn_id",
					"value": {
						"value": "@string(activity('OpenComponentExecution').output.firstRow.out_comp_exctn_id)",
						"type": "Expression"
					}
				}
			},
			{
				"name": "SetOutParamJsonText",
				"type": "SetVariable",
				"dependsOn": [
					{
						"activity": "OpenComponentExecution",
						"dependencyConditions": [
							"Succeeded"
						]
					}
				],
				"userProperties": [],
				"typeProperties": {
					"variableName": "l_out_param_json_txt",
					"value": {
						"value": "@string(activity('OpenComponentExecution').output.firstRow.out_param_json_txt)",
						"type": "Expression"
					}
				}
			},
			{
				"name": "GetEmailDetails",
				"type": "Lookup",
				"dependsOn": [
					{
						"activity": "SetEmailAsSending",
						"dependencyConditions": [
							"Succeeded"
						]
					}
				],
				"policy": {
					"timeout": "7.00:00:00",
					"retry": 0,
					"retryIntervalInSeconds": 30,
					"secureOutput": false,
					"secureInput": false
				},
				"userProperties": [],
				"typeProperties": {
					"source": {
						"type": "AzureSqlSource",
						"sqlReaderQuery": {
							"value": "SELECT e.email_id,\ne.comp_exctn_id,\ne.rcpnt_list,\ne.title_txt,\ne.html_cntnt_txt,\ne.sttus_code,\ne.creat_datetm,\ne.send_datetm\nFROM md.email_prc_vw e\nWHERE e.email_id = @{pipeline().parameters.in_email_id}\nAND e.sttus_code = 'SENDING'",
							"type": "Expression"
						},
						"queryTimeout": "02:00:00",
						"partitionOption": "None"
					},
					"dataset": {
						"referenceName": "DS_DbSchemaModule",
						"type": "DatasetReference",
						"parameters": {
							"in_tbl_view": "email_prc_vw",
							"in_key_vault_name": {
								"value": "@pipeline().globalParameters.globl_key_vault_name",
								"type": "Expression"
							}
						}
					}
				}
			},
			{
				"name": "SetEmailAsSending",
				"type": "SqlServerStoredProcedure",
				"dependsOn": [
					{
						"activity": "SetOutComponentExecutionId",
						"dependencyConditions": [
							"Succeeded"
						]
					},
					{
						"activity": "SetOutParamJsonText",
						"dependencyConditions": [
							"Succeeded"
						]
					}
				],
				"policy": {
					"timeout": "7.00:00:00",
					"retry": 0,
					"retryIntervalInSeconds": 30,
					"secureOutput": false,
					"secureInput": false
				},
				"userProperties": [],
				"typeProperties": {
					"storedProcedureName": "[main].[pro_email_sttus_updt]",
					"storedProcedureParameters": {
						"in_email_id": {
							"value": {
								"value": "@pipeline().parameters.in_email_id",
								"type": "Expression"
							},
							"type": "Int32"
						},
						"in_email_sttus_code": {
							"value": {
								"value": "SENDING",
								"type": "Expression"
							},
							"type": "String"
						},
						"in_parnt_comp_exctn_id": {
							"value": {
								"value": "@int(variables('l_comp_exctn_id'))",
								"type": "Expression"
							},
							"type": "Int32"
						},
						"in_user_name": {
							"value": {
								"value": "@pipeline().parameters.in_user_name",
								"type": "Expression"
							},
							"type": "String"
						}
					}
				},
				"linkedServiceName": {
					"referenceName": "LS_SQLDatabase",
					"type": "LinkedServiceReference",
					"parameters": {
						"in_key_vault_name": {
							"value": "@pipeline().globalParameters.globl_key_vault_name",
							"type": "Expression"
						}
					}
				}
			},
			{
				"name": "CloseComponentExecutionSuccess",
				"type": "SqlServerStoredProcedure",
				"dependsOn": [
					{
						"activity": "IfAlreadySending",
						"dependencyConditions": [
							"Succeeded"
						]
					}
				],
				"policy": {
					"timeout": "7.00:00:00",
					"retry": 0,
					"retryIntervalInSeconds": 30,
					"secureOutput": false,
					"secureInput": false
				},
				"userProperties": [],
				"typeProperties": {
					"storedProcedureName": "[md].[pro_comp_exctn_close]",
					"storedProcedureParameters": {
						"in_comp_exctn_id": {
							"value": {
								"value": "@int(variables('l_comp_exctn_id'))",
								"type": "Expression"
							},
							"type": "Int32"
						},
						"in_sttus_code": {
							"value": "C",
							"type": "String"
						},
						"in_err_msg_txt": {
							"value": null,
							"type": "String"
						}
					}
				},
				"linkedServiceName": {
					"referenceName": "LS_SQLDatabase",
					"type": "LinkedServiceReference",
					"parameters": {
						"in_key_vault_name": {
							"value": "@pipeline().globalParameters.globl_key_vault_name",
							"type": "Expression"
						}
					}
				}
			},
			{
				"name": "CloseComponentExecutionFailed",
				"type": "SqlServerStoredProcedure",
				"dependsOn": [
					{
						"activity": "IfAlreadySending",
						"dependencyConditions": [
							"Failed",
							"Skipped"
						]
					}
				],
				"policy": {
					"timeout": "7.00:00:00",
					"retry": 0,
					"retryIntervalInSeconds": 30,
					"secureOutput": false,
					"secureInput": false
				},
				"userProperties": [],
				"typeProperties": {
					"storedProcedureName": "[md].[pro_comp_exctn_close]",
					"storedProcedureParameters": {
						"in_comp_exctn_id": {
							"value": {
								"value": "@int(variables('l_comp_exctn_id'))",
								"type": "Expression"
							},
							"type": "Int32"
						},
						"in_sttus_code": {
							"value": "F",
							"type": "String"
						},
						"in_err_msg_txt": {
							"value": {
								"value": "@concat(pipeline().Pipeline, ' failed.')",
								"type": "Expression"
							},
							"type": "String"
						}
					}
				},
				"linkedServiceName": {
					"referenceName": "LS_SQLDatabase",
					"type": "LinkedServiceReference",
					"parameters": {
						"in_key_vault_name": {
							"value": "@pipeline().globalParameters.globl_key_vault_name",
							"type": "Expression"
						}
					}
				}
			},
			{
				"name": "GetSecretValueLogicAppEmailSenderUrl",
				"type": "WebActivity",
				"dependsOn": [],
				"policy": {
					"timeout": "0.00:02:00",
					"retry": 0,
					"retryIntervalInSeconds": 30,
					"secureOutput": true,
					"secureInput": false
				},
				"userProperties": [],
				"typeProperties": {
					"url": {
						"value": "@concat(\n'https://'\n,pipeline().globalParameters.globl_key_vault_name\n,'.vault.azure.net/secrets/'\n,'la-cngc-email-url'\n,'?'\n,pipeline().globalParameters.globl_key_vault_url_api_vers\n)",
						"type": "Expression"
					},
					"method": "GET",
					"authentication": {
						"type": "MSI",
						"resource": "https://vault.azure.net"
					}
				}
			},
			{
				"name": "IfAlreadySending",
				"type": "IfCondition",
				"dependsOn": [
					{
						"activity": "GetEmailDetails",
						"dependencyConditions": [
							"Succeeded"
						]
					}
				],
				"userProperties": [],
				"typeProperties": {
					"expression": {
						"value": "@contains(activity('GetEmailDetails').output,'firstRow')",
						"type": "Expression"
					},
					"ifTrueActivities": [
						{
							"name": "SetSendEmailRequestBody",
							"type": "SetVariable",
							"dependsOn": [],
							"userProperties": [],
							"typeProperties": {
								"variableName": "l_reqst_body",
								"value": {
									"value": "@concat('\n{\n\"ccRecipients\": \"\",\n\"toRecipients\": \"', activity('GetEmailDetails').output.firstRow.rcpnt_list, '\",\n\"subject\": \"', activity('GetEmailDetails').output.firstRow.title_txt, '\",\n\"htmlBody\": \"', activity('GetEmailDetails').output.firstRow.html_cntnt_txt, '\",\n}\n')",
									"type": "Expression"
								}
							}
						},
						{
							"name": "SendEmail",
							"type": "WebActivity",
							"dependsOn": [
								{
									"activity": "SetSendEmailRequestBody",
									"dependencyConditions": [
										"Succeeded"
									]
								}
							],
							"policy": {
								"timeout": "7.00:00:00",
								"retry": 1,
								"retryIntervalInSeconds": 30,
								"secureOutput": false,
								"secureInput": false
							},
							"userProperties": [],
							"typeProperties": {
								"url": {
									"value": "@activity('GetSecretValueLogicAppEmailSenderUrl').output.value",
									"type": "Expression"
								},
								"method": "POST",
								"body": {
									"value": "@variables('l_reqst_body')",
									"type": "Expression"
								}
							}
						},
						{
							"name": "SetEmailAsSent",
							"type": "SqlServerStoredProcedure",
							"dependsOn": [
								{
									"activity": "SendEmail",
									"dependencyConditions": [
										"Succeeded"
									]
								}
							],
							"policy": {
								"timeout": "7.00:00:00",
								"retry": 0,
								"retryIntervalInSeconds": 30,
								"secureOutput": false,
								"secureInput": false
							},
							"userProperties": [],
							"typeProperties": {
								"storedProcedureName": "[main].[pro_email_sttus_updt]",
								"storedProcedureParameters": {
									"in_email_id": {
										"value": {
											"value": "@pipeline().parameters.in_email_id",
											"type": "Expression"
										},
										"type": "Int32"
									},
									"in_email_sttus_code": {
										"value": {
											"value": "SENT",
											"type": "Expression"
										},
										"type": "String"
									},
									"in_parnt_comp_exctn_id": {
										"value": {
											"value": "@int(variables('l_comp_exctn_id'))",
											"type": "Expression"
										},
										"type": "Int32"
									},
									"in_user_name": {
										"value": {
											"value": "@pipeline().parameters.in_user_name",
											"type": "Expression"
										},
										"type": "String"
									}
								}
							},
							"linkedServiceName": {
								"referenceName": "LS_SQLDatabase",
								"type": "LinkedServiceReference",
								"parameters": {
									"in_key_vault_name": {
										"value": "@pipeline().globalParameters.globl_key_vault_name",
										"type": "Expression"
									}
								}
							}
						}
					]
				}
			},
			{
				"name": "Fail",
				"type": "Fail",
				"dependsOn": [
					{
						"activity": "CloseComponentExecutionFailed",
						"dependencyConditions": [
							"Completed"
						]
					}
				],
				"userProperties": [],
				"typeProperties": {
					"message": {
						"value": "@CONCAT('Error with ',pipeline().Pipeline,' Pipeline')",
						"type": "Expression"
					},
					"errorCode": "500"
				}
			}
		],
		"parameters": {
			"in_parnt_comp_exctn_id": {
				"type": "int"
			},
			"in_user_name": {
				"type": "string"
			},
			"in_email_id": {
				"type": "int"
			}
		},
		"variables": {
			"l_comp_exctn_id": {
				"type": "String"
			},
			"l_param_json_txt": {
				"type": "String"
			},
			"l_out_param_json_txt": {
				"type": "String"
			},
			"l_azure_rest_api_vers": {
				"type": "String",
				"defaultValue": "api-version=7.2"
			},
			"l_reqst_body": {
				"type": "String"
			}
		},
		"folder": {
			"name": "Email"
		},
		"annotations": []
	}
}