{
	"name": "em-EmailDispatchSingle",
	"properties": {
		"activities": [
			{
				"name": "GetEmailDetails",
				"type": "Lookup",
				"dependsOn": [],
				"policy": {
					"timeout": "7.00:00:00",
					"retry": 0,
					"retryIntervalInSeconds": 30,
					"secureOutput": false,
					"secureInput": false
				},
				"userProperties": [],
				"typeProperties": {
					"source": {
						"type": "AzureSqlSource",
						"sqlReaderQuery": {
							"value": "UPDATE md.email_prc\n  SET sttus_code = 'SENDING'\nOUTPUT\n  inserted.email_id,\n  inserted.comp_exctn_id,\n  inserted.rcpnt_list,\n  inserted.title_txt,\n  inserted.html_cntnt_txt,\n  inserted.sttus_code,\n  inserted.creat_datetm,\n  inserted.send_datetm\nWHERE\n  sttus_code NOT IN ('SENDING', 'SENT') AND\n  email_id = @{pipeline().parameters.in_email_id}\n",
							"type": "Expression"
						},
						"queryTimeout": "02:00:00",
						"partitionOption": "None"
					},
					"dataset": {
						"referenceName": "DS_DbSchemaModule",
						"type": "DatasetReference",
						"parameters": {
							"in_tbl_view": "email_prc",
							"in_key_vault_name": {
								"value": "@pipeline().globalParameters.globl_key_vault_name",
								"type": "Expression"
							}
						}
					}
				}
			},
			{
				"name": "GetSecretValueLogicAppEmailSenderUrl",
				"type": "WebActivity",
				"dependsOn": [],
				"policy": {
					"timeout": "0.00:02:00",
					"retry": 0,
					"retryIntervalInSeconds": 30,
					"secureOutput": true,
					"secureInput": false
				},
				"userProperties": [],
				"typeProperties": {
					"url": {
						"value": "@concat(\n'https://'\n,pipeline().globalParameters.globl_key_vault_name\n,'.vault.azure.net/secrets/'\n,'la-cngc-email-url'\n,'?'\n,pipeline().globalParameters.globl_key_vault_url_api_vers\n)",
						"type": "Expression"
					},
					"method": "GET",
					"authentication": {
						"type": "MSI",
						"resource": "https://vault.azure.net"
					}
				}
			},
			{
				"name": "IfAlreadySending",
				"type": "IfCondition",
				"dependsOn": [
					{
						"activity": "GetEmailDetails",
						"dependencyConditions": [
							"Succeeded"
						]
					},
					{
						"activity": "GetSecretValueLogicAppEmailSenderUrl",
						"dependencyConditions": [
							"Succeeded"
						]
					}
				],
				"userProperties": [],
				"typeProperties": {
					"expression": {
						"value": "@contains(activity('GetEmailDetails').output,'firstRow')",
						"type": "Expression"
					},
					"ifTrueActivities": [
						{
							"name": "SetSendEmailRequestBody",
							"type": "SetVariable",
							"dependsOn": [],
							"userProperties": [],
							"typeProperties": {
								"variableName": "l_reqst_body",
								"value": {
									"value": "@concat('\n{\n\"ccRecipients\": \"\",\n\"toRecipients\": \"', activity('GetEmailDetails').output.firstRow.rcpnt_list, '\",\n\"subject\": \"', activity('GetEmailDetails').output.firstRow.title_txt, '\",\n\"htmlBody\": \"', activity('GetEmailDetails').output.firstRow.html_cntnt_txt, '\",\n}\n')",
									"type": "Expression"
								}
							}
						},
						{
							"name": "SendEmail",
							"type": "WebActivity",
							"dependsOn": [
								{
									"activity": "SetSendEmailRequestBody",
									"dependencyConditions": [
										"Succeeded"
									]
								}
							],
							"policy": {
								"timeout": "7.00:00:00",
								"retry": 1,
								"retryIntervalInSeconds": 30,
								"secureOutput": false,
								"secureInput": false
							},
							"userProperties": [],
							"typeProperties": {
								"url": {
									"value": "@activity('GetSecretValueLogicAppEmailSenderUrl').output.value",
									"type": "Expression"
								},
								"method": "POST",
								"body": {
									"value": "@variables('l_reqst_body')",
									"type": "Expression"
								}
							}
						},
						{
							"name": "SetEmailAsSent",
							"type": "SqlServerStoredProcedure",
							"dependsOn": [
								{
									"activity": "SendEmail",
									"dependencyConditions": [
										"Succeeded"
									]
								}
							],
							"policy": {
								"timeout": "7.00:00:00",
								"retry": 0,
								"retryIntervalInSeconds": 30,
								"secureOutput": false,
								"secureInput": false
							},
							"userProperties": [],
							"typeProperties": {
								"storedProcedureName": "[main].[pro_email_sttus_updt]",
								"storedProcedureParameters": {
									"in_email_id": {
										"value": {
											"value": "@pipeline().parameters.in_email_id",
											"type": "Expression"
										},
										"type": "Int32"
									},
									"in_email_sttus_code": {
										"value": {
											"value": "SENT",
											"type": "Expression"
										},
										"type": "String"
									},
									"in_parnt_comp_exctn_id": {
										"value": {
											"value": "@pipeline().parameters.in_parnt_comp_exctn_id",
											"type": "Expression"
										},
										"type": "Int32"
									},
									"in_user_name": {
										"value": {
											"value": "@pipeline().parameters.in_user_name",
											"type": "Expression"
										},
										"type": "String"
									}
								}
							},
							"linkedServiceName": {
								"referenceName": "LS_SQLDatabase",
								"type": "LinkedServiceReference",
								"parameters": {
									"in_key_vault_name": {
										"value": "@pipeline().globalParameters.globl_key_vault_name",
										"type": "Expression"
									}
								}
							}
						}
					]
				}
			}
		],
		"parameters": {
			"in_parnt_comp_exctn_id": {
				"type": "int"
			},
			"in_user_name": {
				"type": "string"
			},
			"in_email_id": {
				"type": "int"
			}
		},
		"variables": {
			"l_azure_rest_api_vers": {
				"type": "String",
				"defaultValue": "api-version=7.2"
			},
			"l_reqst_body": {
				"type": "String"
			}
		},
		"folder": {
			"name": "Email"
		},
		"annotations": []
	}
}