{
	"name": "fl-adhocFilePull",
	"properties": {
		"activities": [
			{
				"name": "Fetch File definition Verion ID",
				"type": "Lookup",
				"dependsOn": [],
				"policy": {
					"timeout": "0.12:00:00",
					"retry": 0,
					"retryIntervalInSeconds": 30,
					"secureOutput": false,
					"secureInput": false
				},
				"userProperties": [],
				"typeProperties": {
					"source": {
						"type": "AzureSqlSource",
						"sqlReaderQuery": {
							"value": "Select max(file_dfntn_vers_id) file_dfntn_vers_id from md.file_dfntn_vers_prc_vw\nwhere file_name = '@{pipeline().parameters.input_file_name}'\nand mkt_grp_name = '@{pipeline().parameters.market_name}'\ngroup by file_dfntn_id",
							"type": "Expression"
						},
						"queryTimeout": "02:00:00",
						"partitionOption": "None"
					},
					"dataset": {
						"referenceName": "DS_DbGeneric",
						"type": "DatasetReference",
						"parameters": {
							"in_schma_name": "..",
							"in_tbl_view": "..",
							"in_key_vault_name": {
								"value": "@pipeline().globalParameters.globl_key_vault_name",
								"type": "Expression"
							}
						}
					},
					"firstRowOnly": true
				}
			},
			{
				"name": "Get Work Table Name",
				"type": "Lookup",
				"dependsOn": [
					{
						"activity": "Fetch File definition Verion ID",
						"dependencyConditions": [
							"Succeeded"
						]
					}
				],
				"policy": {
					"timeout": "0.12:00:00",
					"retry": 0,
					"retryIntervalInSeconds": 30,
					"secureOutput": false,
					"secureInput": false
				},
				"userProperties": [],
				"typeProperties": {
					"source": {
						"type": "AzureSqlSource",
						"sqlReaderQuery": {
							"value": "SELECT work_vw_name from \nmd.file_dfntn_vers_prc_vw\nwhere file_dfntn_vers_id = '@{activity('Fetch File definition Verion ID').output.firstRow.file_dfntn_vers_id}'",
							"type": "Expression"
						},
						"queryTimeout": "02:00:00",
						"partitionOption": "None"
					},
					"dataset": {
						"referenceName": "DS_DbGeneric",
						"type": "DatasetReference",
						"parameters": {
							"in_schma_name": "..",
							"in_tbl_view": "..",
							"in_key_vault_name": {
								"value": "@pipeline().globalParameters.globl_key_vault_name",
								"type": "Expression"
							}
						}
					}
				}
			},
			{
				"name": "Save the table as CSV",
				"type": "Copy",
				"dependsOn": [
					{
						"activity": "Create a temporary submit table",
						"dependencyConditions": [
							"Succeeded"
						]
					}
				],
				"policy": {
					"timeout": "0.12:00:00",
					"retry": 0,
					"retryIntervalInSeconds": 30,
					"secureOutput": false,
					"secureInput": false
				},
				"userProperties": [],
				"typeProperties": {
					"source": {
						"type": "AzureSqlSource",
						"sqlReaderQuery": {
							"value": "select * from \n@{variables('temp_tbl_name')}",
							"type": "Expression"
						},
						"queryTimeout": "02:00:00",
						"partitionOption": "None"
					},
					"sink": {
						"type": "DelimitedTextSink",
						"storeSettings": {
							"type": "AzureBlobFSWriteSettings"
						},
						"formatSettings": {
							"type": "DelimitedTextWriteSettings",
							"quoteAllText": true,
							"fileExtension": ".txt"
						}
					},
					"enableStaging": false,
					"translator": {
						"type": "TabularTranslator",
						"typeConversion": true,
						"typeConversionSettings": {
							"allowDataTruncation": true,
							"treatBooleanAsNumber": false
						}
					}
				},
				"inputs": [
					{
						"referenceName": "DS_DbGeneric",
						"type": "DatasetReference",
						"parameters": {
							"in_schma_name": "..",
							"in_tbl_view": "..",
							"in_key_vault_name": {
								"value": "@pipeline().globalParameters.globl_key_vault_name",
								"type": "Expression"
							}
						}
					}
				],
				"outputs": [
					{
						"referenceName": "DS_GenericInternalCsv",
						"type": "DatasetReference",
						"parameters": {
							"in_cntnr_name_txt": "input-templates",
							"in_path_txt": {
								"value": "@concat(pipeline().parameters.in_user_name, '/', pipeline().parameters.market_name,'/')",
								"type": "Expression"
							},
							"in_file_name_txt": {
								"value": "@concat(pipeline().parameters.destination_file_name,'')",
								"type": "Expression"
							},
							"in_storg_acct_name": {
								"value": "@activity('GetSecretValueInboundStorageAccountName').output.value",
								"type": "Expression"
							}
						}
					}
				]
			},
			{
				"name": "GetSecretValueInboundStorageAccountName",
				"type": "WebActivity",
				"dependsOn": [],
				"policy": {
					"timeout": "0.00:02:00",
					"retry": 0,
					"retryIntervalInSeconds": 30,
					"secureOutput": true,
					"secureInput": false
				},
				"userProperties": [],
				"typeProperties": {
					"url": {
						"value": "@concat(\n'https://'\n,pipeline().globalParameters.globl_key_vault_name\n,'.vault.azure.net/secrets/'\n,'cngc-inbound-storage-account-name'\n,'?'\n,pipeline().globalParameters.globl_key_vault_url_api_vers\n)",
						"type": "Expression"
					},
					"method": "GET",
					"authentication": {
						"type": "MSI",
						"resource": "https://vault.azure.net"
					}
				}
			},
			{
				"name": "Get Visible Column Names",
				"type": "Lookup",
				"dependsOn": [
					{
						"activity": "Get Work Table Name",
						"dependencyConditions": [
							"Succeeded"
						]
					},
					{
						"activity": "GetSecretValueInboundStorageAccountName",
						"dependencyConditions": [
							"Succeeded"
						]
					}
				],
				"policy": {
					"timeout": "0.12:00:00",
					"retry": 0,
					"retryIntervalInSeconds": 30,
					"secureOutput": false,
					"secureInput": false
				},
				"userProperties": [],
				"typeProperties": {
					"source": {
						"type": "AzureSqlSource",
						"sqlReaderQuery": {
							"value": "select string_agg(concat(f.col_name, ' as ', '\"',col_label, '\"'), ',') as cols from (\nselect * from [md].[file_dfntn_vers_col_prc_vw]\nwhere file_dfntn_vers_id= '@{activity('Fetch File definition Verion ID').output.firstRow.file_dfntn_vers_id}'\nand hdn_ind = 'N'\nORDER BY col_num OFFSET 0 ROWS\n\nUNION ALL\n\nselect * from [md].[file_dfntn_vers_col_prc_vw]\nwhere file_dfntn_vers_id= '@{activity('Fetch File definition Verion ID').output.firstRow.file_dfntn_vers_id}'\nand hdn_ind = 'Y' and\nsys_col_ind = 'Y'\nORDER BY col_num OFFSET 0 ROWS)f",
							"type": "Expression"
						},
						"queryTimeout": "02:00:00",
						"partitionOption": "None"
					},
					"dataset": {
						"referenceName": "DS_DbGeneric",
						"type": "DatasetReference",
						"parameters": {
							"in_schma_name": "..",
							"in_tbl_view": "..",
							"in_key_vault_name": {
								"value": "@pipeline().globalParameters.globl_key_vault_name",
								"type": "Expression"
							}
						}
					}
				}
			},
			{
				"name": "Create a temporary submit table",
				"type": "Lookup",
				"dependsOn": [
					{
						"activity": "Set temporary table name",
						"dependencyConditions": [
							"Succeeded"
						]
					}
				],
				"policy": {
					"timeout": "0.12:00:00",
					"retry": 0,
					"retryIntervalInSeconds": 30,
					"secureOutput": false,
					"secureInput": false
				},
				"userProperties": [],
				"typeProperties": {
					"source": {
						"type": "AzureSqlSource",
						"sqlReaderQuery": {
							"value": "select \n@{activity('Get Visible Column Names').output.firstRow.cols}\ninto @{variables('temp_tbl_name')} from\ninput.@{activity('Get Work Table Name').output.firstRow.work_vw_name};\nselect 1;",
							"type": "Expression"
						},
						"queryTimeout": "02:00:00",
						"partitionOption": "None"
					},
					"dataset": {
						"referenceName": "DS_DbGeneric",
						"type": "DatasetReference",
						"parameters": {
							"in_schma_name": "..",
							"in_tbl_view": "..",
							"in_key_vault_name": {
								"value": "@pipeline().globalParameters.globl_key_vault_name",
								"type": "Expression"
							}
						}
					},
					"firstRowOnly": false
				}
			},
			{
				"name": "Drop Table",
				"type": "Lookup",
				"dependsOn": [
					{
						"activity": "Save the table as CSV",
						"dependencyConditions": [
							"Succeeded"
						]
					}
				],
				"policy": {
					"timeout": "0.12:00:00",
					"retry": 0,
					"retryIntervalInSeconds": 30,
					"secureOutput": false,
					"secureInput": false
				},
				"userProperties": [],
				"typeProperties": {
					"source": {
						"type": "AzureSqlSource",
						"sqlReaderQuery": {
							"value": "drop table if exists @{variables('temp_tbl_name')};\r\nselect 1;",
							"type": "Expression"
						},
						"queryTimeout": "02:00:00",
						"partitionOption": "None"
					},
					"dataset": {
						"referenceName": "DS_DbGeneric",
						"type": "DatasetReference",
						"parameters": {
							"in_schma_name": "..",
							"in_tbl_view": "..",
							"in_key_vault_name": {
								"value": "@pipeline().globalParameters.globl_key_vault_name",
								"type": "Expression"
							}
						}
					}
				}
			},
			{
				"name": "Set temporary table name",
				"type": "SetVariable",
				"dependsOn": [
					{
						"activity": "Get Visible Column Names",
						"dependencyConditions": [
							"Succeeded"
						]
					}
				],
				"userProperties": [],
				"typeProperties": {
					"variableName": "temp_tbl_name",
					"value": {
						"value": "@replace(concat('tmp.',activity('Get Work Table Name').output.firstRow.work_vw_name,'_', replace(pipeline().parameters.destination_file_name,' ','_'),'_',replace(pipeline().parameters.in_user_name,'.', ''),'_sbmt'), '-','_')",
						"type": "Expression"
					}
				}
			}
		],
		"parameters": {
			"in_user_name": {
				"type": "string",
				"defaultValue": "colaco.cc"
			},
			"destination_file_name": {
				"type": "string",
				"defaultValue": "TDC_ALL_FILE"
			},
			"input_file_name": {
				"type": "string",
				"defaultValue": "TDC/SU"
			},
			"market_name": {
				"type": "string",
				"defaultValue": "Europe - ALL"
			}
		},
		"variables": {
			"temp_tbl_name": {
				"type": "String"
			}
		},
		"folder": {
			"name": "File"
		},
		"annotations": []
	}
}