{
	"name": "fl-Execute-non-critical-dq-checks",
	"properties": {
		"activities": [
			{
				"name": "Get File Definition and Market Group",
				"type": "Lookup",
				"dependsOn": [],
				"policy": {
					"timeout": "0.12:00:00",
					"retry": 0,
					"retryIntervalInSeconds": 30,
					"secureOutput": false,
					"secureInput": false
				},
				"userProperties": [],
				"typeProperties": {
					"source": {
						"type": "AzureSqlSource",
						"sqlReaderQuery": {
							"value": "SELECT mkt_grp_name, file_name, load_ind, frcst_ind from \nmd.file_dfntn_vers_prc_vw \nwhere file_dfntn_vers_id = @{pipeline().parameters.in_file_dfntn_vers_id}",
							"type": "Expression"
						},
						"queryTimeout": "02:00:00",
						"partitionOption": "None"
					},
					"dataset": {
						"referenceName": "DS_DbGeneric",
						"type": "DatasetReference",
						"parameters": {
							"in_schma_name": "..",
							"in_tbl_view": "..",
							"in_key_vault_name": {
								"value": "@pipeline().globalParameters.globl_key_vault_name",
								"type": "Expression"
							}
						}
					}
				}
			},
			{
				"name": "Set Load ind",
				"type": "SetVariable",
				"dependsOn": [
					{
						"activity": "Get File Definition and Market Group",
						"dependencyConditions": [
							"Succeeded"
						]
					}
				],
				"userProperties": [],
				"typeProperties": {
					"variableName": "load_ind",
					"value": {
						"value": "@activity('Get File Definition and Market Group').output.firstRow.load_ind",
						"type": "Expression"
					}
				}
			},
			{
				"name": "Get Meta data",
				"type": "Lookup",
				"dependsOn": [
					{
						"activity": "Get File Definition and Market Group",
						"dependencyConditions": [
							"Succeeded"
						]
					}
				],
				"policy": {
					"timeout": "0.12:00:00",
					"retry": 0,
					"retryIntervalInSeconds": 30,
					"secureOutput": false,
					"secureInput": false
				},
				"userProperties": [],
				"typeProperties": {
					"source": {
						"type": "AzureSqlSource",
						"sqlReaderQuery": {
							"value": "SELECT count(*) as count FROM md.V09_DQ_meta\nwhere\nfile_name = '@{activity('Get File Definition and Market Group').output.firstRow.file_name}'\nAND \nmkt_grp = '@{activity('Get File Definition and Market Group').output.firstRow.mkt_grp_name}'",
							"type": "Expression"
						},
						"queryTimeout": "02:00:00",
						"partitionOption": "None"
					},
					"dataset": {
						"referenceName": "DS_DbGeneric",
						"type": "DatasetReference",
						"parameters": {
							"in_schma_name": "..",
							"in_tbl_view": "..",
							"in_key_vault_name": {
								"value": "@pipeline().globalParameters.globl_key_vault_name",
								"type": "Expression"
							}
						}
					}
				}
			},
			{
				"name": "SET Meta data Count",
				"type": "SetVariable",
				"dependsOn": [
					{
						"activity": "Get Meta data",
						"dependencyConditions": [
							"Succeeded"
						]
					}
				],
				"userProperties": [],
				"typeProperties": {
					"variableName": "count",
					"value": {
						"value": "@concat(activity('Get Meta data').output.firstRow.count, '')",
						"type": "Expression"
					}
				}
			},
			{
				"name": "Check if the Template is present in meta data",
				"type": "IfCondition",
				"dependsOn": [
					{
						"activity": "SET Meta data Count",
						"dependencyConditions": [
							"Succeeded"
						]
					},
					{
						"activity": "Check if month is FY Start",
						"dependencyConditions": [
							"Succeeded"
						]
					}
				],
				"userProperties": [],
				"typeProperties": {
					"expression": {
						"value": "@and(equals(activity('Check if month is FY Start').output.firstRow.dateflag,'True'),equals(variables('count'), '1'))",
						"type": "Expression"
					},
					"ifTrueActivities": [
						{
							"name": "Execute Stored Proc and Generate Report",
							"type": "ExecutePipeline",
							"dependsOn": [],
							"userProperties": [],
							"typeProperties": {
								"pipeline": {
									"referenceName": "fl-Process-V09",
									"type": "PipelineReference"
								},
								"waitOnCompletion": true,
								"parameters": {
									"load_ind": {
										"value": "@variables('load_ind')",
										"type": "Expression"
									},
									"in_user_name": {
										"value": "@pipeline().parameters.in_user_name",
										"type": "Expression"
									},
									"in_file_dfntn_vers_id": {
										"value": "@pipeline().parameters.in_file_dfntn_vers_id",
										"type": "Expression"
									},
									"input_tbl_name": {
										"value": "@pipeline().parameters.input_tbl_name",
										"type": "Expression"
									},
									"scope_id": {
										"value": "@pipeline().parameters.scope_id",
										"type": "Expression"
									},
									"in_parnt_comp_exctn_id": {
										"value": "@pipeline().parameters.in_parnt_comp_exctn_id",
										"type": "Expression"
									},
									"out_email_id": {
										"value": "@pipeline().parameters.out_email_id",
										"type": "Expression"
									},
									"file_action_id": {
										"value": "@pipeline().parameters.file_action_id",
										"type": "Expression"
									}
								}
							}
						}
					]
				}
			},
			{
				"name": "Check if month is FY Start",
				"type": "Lookup",
				"dependsOn": [],
				"policy": {
					"timeout": "0.12:00:00",
					"retry": 0,
					"retryIntervalInSeconds": 30,
					"secureOutput": false,
					"secureInput": false
				},
				"userProperties": [],
				"typeProperties": {
					"source": {
						"type": "AzureSqlSource",
						"sqlReaderQuery": {
							"value": "select f.dateflag dateflag from (select \n\tcase \n\t\twhen cast(month(CURRENT_TIMESTAMP) as int) = 9 then 'False'\n\t\twhen cast(month(CURRENT_TIMESTAMP) as int) = 8 then 'False'\n\t\telse 'True'\n\tend as dateflag) f",
							"type": "Expression"
						},
						"queryTimeout": "02:00:00",
						"partitionOption": "None"
					},
					"dataset": {
						"referenceName": "DS_DbGeneric",
						"type": "DatasetReference",
						"parameters": {
							"in_schma_name": "..",
							"in_tbl_view": "..",
							"in_key_vault_name": {
								"value": "@pipeline().globalParameters.globl_key_vault_name",
								"type": "Expression"
							}
						}
					}
				}
			},
			{
				"name": "Execute V05 DQ report",
				"type": "ExecutePipeline",
				"dependsOn": [
					{
						"activity": "Get File Definition and Market Group",
						"dependencyConditions": [
							"Succeeded"
						]
					}
				],
				"userProperties": [],
				"typeProperties": {
					"pipeline": {
						"referenceName": "fl-Process-V05",
						"type": "PipelineReference"
					},
					"waitOnCompletion": true,
					"parameters": {
						"file_action_id": {
							"value": "@pipeline().parameters.file_action_id",
							"type": "Expression"
						},
						"scope_id": {
							"value": "@pipeline().parameters.scope_id",
							"type": "Expression"
						},
						"in_file_dfntn_vers_id": {
							"value": "@pipeline().parameters.in_file_dfntn_vers_id",
							"type": "Expression"
						},
						"in_parnt_comp_exctn_id": {
							"value": "@pipeline().parameters.in_parnt_comp_exctn_id",
							"type": "Expression"
						},
						"in_user_name": {
							"value": "@pipeline().parameters.in_user_name",
							"type": "Expression"
						},
						"input_tbl_name": {
							"value": "@pipeline().parameters.input_tbl_name",
							"type": "Expression"
						}
					}
				}
			},
			{
				"name": "Check Conditions for V06",
				"description": "@and(\n    and(\n        equals(\n            variables('load_ind'), 'Y' \n            ), \n        equals(\n            activity('Get File Definition and Market Group').output.firstRow.frcst_ind, 'N'\n            )\n        ),\n        not(\n            equals(\n                , 'Y'\n            )\n        )\n\n)\nreplace the if condition with above for enabling the v06 DQ check.\n",
				"type": "IfCondition",
				"dependsOn": [
					{
						"activity": "Check if the template has MTH_NUM",
						"dependencyConditions": [
							"Succeeded"
						]
					}
				],
				"userProperties": [],
				"typeProperties": {
					"expression": {
						"value": "@and(\n    and(\n        equals(\n            variables('load_ind'), 'Y' \n            ), \n        equals(\n            activity('Get File Definition and Market Group').output.firstRow.frcst_ind, 'N'\n            )\n        ),\n        equals(\n            activity('Check if the template has MTH_NUM').output.firstRow.mth_ind, 'Y'\n            )\n)",
						"type": "Expression"
					},
					"ifTrueActivities": [
						{
							"name": "Execute V06 DQ Check",
							"type": "ExecutePipeline",
							"dependsOn": [],
							"userProperties": [],
							"typeProperties": {
								"pipeline": {
									"referenceName": "fl-Process-V06",
									"type": "PipelineReference"
								},
								"waitOnCompletion": true,
								"parameters": {
									"file_action_id": {
										"value": "@pipeline().parameters.file_action_id",
										"type": "Expression"
									},
									"scope_id": {
										"value": "@pipeline().parameters.scope_id",
										"type": "Expression"
									},
									"in_file_dfntn_vers_id": {
										"value": "@pipeline().parameters.in_file_dfntn_vers_id",
										"type": "Expression"
									},
									"in_parnt_comp_exctn_id": {
										"value": "@pipeline().parameters.in_parnt_comp_exctn_id",
										"type": "Expression"
									},
									"in_user_name": {
										"value": "@pipeline().parameters.in_user_name",
										"type": "Expression"
									},
									"input_tbl_name": {
										"value": "@pipeline().parameters.input_tbl_name",
										"type": "Expression"
									}
								}
							}
						}
					]
				}
			},
			{
				"name": "Check if the template has MTH_NUM",
				"type": "Lookup",
				"dependsOn": [
					{
						"activity": "Set Load ind",
						"dependencyConditions": [
							"Succeeded"
						]
					}
				],
				"policy": {
					"timeout": "0.12:00:00",
					"retry": 0,
					"retryIntervalInSeconds": 30,
					"secureOutput": false,
					"secureInput": false
				},
				"userProperties": [],
				"typeProperties": {
					"source": {
						"type": "AzureSqlSource",
						"sqlReaderQuery": {
							"value": "select \n    case when count(*) > 0 then 'Y'\n    else 'N'\n    end as mth_ind\n    from (\nselect * from [md].[file_dfntn_vers_col_prc_vw]\nwhere file_dfntn_vers_id = '@{pipeline().parameters.in_file_dfntn_vers_id}' and sys_col_ind = 'N' and hdn_ind = 'N' and load_col_ind = 'Y' and col_name = 'MTH_NUM') f ",
							"type": "Expression"
						},
						"queryTimeout": "02:00:00",
						"partitionOption": "None"
					},
					"dataset": {
						"referenceName": "DS_DbGeneric",
						"type": "DatasetReference",
						"parameters": {
							"in_schma_name": "..",
							"in_tbl_view": "..",
							"in_key_vault_name": {
								"value": "@pipeline().globalParameters.globl_key_vault_name",
								"type": "Expression"
							}
						}
					}
				}
			}
		],
		"parameters": {
			"in_user_name": {
				"type": "string"
			},
			"in_file_dfntn_vers_id": {
				"type": "string"
			},
			"input_tbl_name": {
				"type": "string"
			},
			"scope_id": {
				"type": "string"
			},
			"in_parnt_comp_exctn_id": {
				"type": "int"
			},
			"out_email_id": {
				"type": "string"
			},
			"file_action_id": {
				"type": "int"
			}
		},
		"variables": {
			"count": {
				"type": "String"
			},
			"load_ind": {
				"type": "String"
			}
		},
		"folder": {
			"name": "File"
		},
		"annotations": []
	}
}