{
	"name": "fl-FileSubmitAll",
	"properties": {
		"activities": [
			{
				"name": "GetAllActiveFiles",
				"type": "Lookup",
				"dependsOn": [],
				"policy": {
					"timeout": "7.00:00:00",
					"retry": 0,
					"retryIntervalInSeconds": 30,
					"secureOutput": false,
					"secureInput": false
				},
				"userProperties": [],
				"typeProperties": {
					"source": {
						"type": "AzureSqlSource",
						"sqlReaderQuery": {
							"value": "select scope_id,\n       file_dfntn_vers_id,\n       regn_name,\n       mkt_grp_name,\n       file_name\nfrom md.file_dfntn_vers_prc_vw\nwhere activ_ind = 'Y'\n  and load_ind = 'Y'\n  and curr_ind = 'Y'\norder by regn_name, mkt_grp_name, file_name",
							"type": "Expression"
						},
						"queryTimeout": "02:00:00",
						"partitionOption": "None"
					},
					"dataset": {
						"referenceName": "DS_DbSchemaMain",
						"type": "DatasetReference",
						"parameters": {
							"in_tbl_view": "..",
							"in_key_vault_name": {
								"value": "@pipeline().globalParameters.globl_key_vault_name",
								"type": "Expression"
							}
						}
					},
					"firstRowOnly": false
				}
			},
			{
				"name": "ForEachActiveFileDefinition",
				"type": "ForEach",
				"dependsOn": [
					{
						"activity": "GetAllActiveFiles",
						"dependencyConditions": [
							"Succeeded"
						]
					}
				],
				"userProperties": [],
				"typeProperties": {
					"items": {
						"value": "@activity('GetAllActiveFiles').output.value",
						"type": "Expression"
					},
					"isSequential": false,
					"activities": [
						{
							"name": "ExecuteFileSubmit",
							"type": "ExecutePipeline",
							"dependsOn": [],
							"userProperties": [],
							"typeProperties": {
								"pipeline": {
									"referenceName": "fl-FileSubmit",
									"type": "PipelineReference"
								},
								"waitOnCompletion": true,
								"parameters": {
									"in_parnt_comp_exctn_id": {
										"value": "@pipeline().parameters.in_parnt_comp_exctn_id",
										"type": "Expression"
									},
									"in_user_name": {
										"value": "@pipeline().parameters.in_user_name",
										"type": "Expression"
									},
									"in_file_dfntn_vers_id": {
										"value": "@item().file_dfntn_vers_id",
										"type": "Expression"
									},
									"in_scope_id": {
										"value": "@item().scope_id",
										"type": "Expression"
									}
								}
							}
						}
					]
				}
			}
		],
		"parameters": {
			"in_parnt_comp_exctn_id": {
				"type": "int",
				"defaultValue": 1
			},
			"in_user_name": {
				"type": "string",
				"defaultValue": "Support"
			}
		},
		"folder": {
			"name": "File"
		},
		"annotations": []
	}
}