{
	"name": "fl-FileSubmit",
	"properties": {
		"activities": [
			{
				"name": "CreateFileAction",
				"type": "Lookup",
				"dependsOn": [],
				"policy": {
					"timeout": "7.00:00:00",
					"retry": 0,
					"retryIntervalInSeconds": 30,
					"secureOutput": false,
					"secureInput": false
				},
				"userProperties": [],
				"typeProperties": {
					"source": {
						"type": "AzureSqlSource",
						"sqlReaderStoredProcedureName": "[main].[pro_file_actn_open]",
						"storedProcedureParameters": {
							"in_file_actn_type_code": {
								"type": "String",
								"value": {
									"value": "S",
									"type": "Expression"
								}
							},
							"in_parnt_comp_exctn_id": {
								"type": "Int32",
								"value": {
									"value": "@pipeline().parameters.in_parnt_comp_exctn_id",
									"type": "Expression"
								}
							},
							"in_scope_id": {
								"type": "Int32",
								"value": {
									"value": "@pipeline().parameters.in_scope_id",
									"type": "Expression"
								}
							},
							"in_user_name": {
								"type": "String",
								"value": {
									"value": "@pipeline().parameters.in_user_name",
									"type": "Expression"
								}
							},
							"out_file_actn_id": {
								"type": "Int32",
								"value": null
							}
						},
						"queryTimeout": "02:00:00",
						"partitionOption": "None"
					},
					"dataset": {
						"referenceName": "DS_DbSchemaMain",
						"type": "DatasetReference",
						"parameters": {
							"in_tbl_view": "..",
							"in_key_vault_name": {
								"value": "@pipeline().globalParameters.globl_key_vault_name",
								"type": "Expression"
							}
						}
					},
					"firstRowOnly": true
				}
			},
			{
				"name": "SetFileName",
				"type": "SetVariable",
				"dependsOn": [
					{
						"activity": "GetTableMetadata",
						"dependencyConditions": [
							"Succeeded"
						]
					}
				],
				"userProperties": [],
				"typeProperties": {
					"variableName": "l_file_name",
					"value": {
						"value": "@activity('GetTableMetadata').output.firstRow.sbmt_tbl_name",
						"type": "Expression"
					}
				}
			},
			{
				"name": "CreateSubmitTable",
				"type": "SqlServerStoredProcedure",
				"dependsOn": [
					{
						"activity": "CreateFileAction",
						"dependencyConditions": [
							"Succeeded"
						]
					},
					{
						"activity": "SetFileName",
						"dependencyConditions": [
							"Succeeded"
						]
					},
					{
						"activity": "GetSecretValueInboundStorageAccountName",
						"dependencyConditions": [
							"Succeeded"
						]
					},
					{
						"activity": "GetSecretValueOutboundStorageAccountName",
						"dependencyConditions": [
							"Succeeded"
						]
					}
				],
				"policy": {
					"timeout": "7.00:00:00",
					"retry": 0,
					"retryIntervalInSeconds": 30,
					"secureOutput": false,
					"secureInput": false
				},
				"userProperties": [],
				"typeProperties": {
					"storedProcedureName": "[main].[pro_file_sbmt_tbl_creat]",
					"storedProcedureParameters": {
						"in_parnt_comp_exctn_id": {
							"value": {
								"value": "@pipeline().parameters.in_parnt_comp_exctn_id",
								"type": "Expression"
							},
							"type": "Int32"
						},
						"in_user_name": {
							"value": {
								"value": "@pipeline().parameters.in_user_name",
								"type": "Expression"
							},
							"type": "String"
						},
						"in_file_dfntn_vers_id": {
							"value": {
								"value": "@pipeline().parameters.in_file_dfntn_vers_id",
								"type": "Expression"
							},
							"type": "Int32"
						}
					}
				},
				"linkedServiceName": {
					"referenceName": "LS_SQLDatabase",
					"type": "LinkedServiceReference",
					"parameters": {
						"in_key_vault_name": {
							"value": "@pipeline().globalParameters.globl_key_vault_name",
							"type": "Expression"
						}
					}
				}
			},
			{
				"name": "GetSecretValueInboundStorageAccountName",
				"type": "WebActivity",
				"dependsOn": [],
				"policy": {
					"timeout": "0.00:02:00",
					"retry": 0,
					"retryIntervalInSeconds": 30,
					"secureOutput": true,
					"secureInput": false
				},
				"userProperties": [],
				"typeProperties": {
					"url": {
						"value": "@concat(\n'https://'\n,pipeline().globalParameters.globl_key_vault_name\n,'.vault.azure.net/secrets/'\n,'cngc-inbound-storage-account-name'\n,'?'\n,pipeline().globalParameters.globl_key_vault_url_api_vers\n)",
						"type": "Expression"
					},
					"method": "GET",
					"authentication": {
						"type": "MSI",
						"resource": "https://vault.azure.net"
					}
				}
			},
			{
				"name": "GetSecretValueOutboundStorageAccountName",
				"type": "WebActivity",
				"dependsOn": [],
				"policy": {
					"timeout": "0.00:02:00",
					"retry": 0,
					"retryIntervalInSeconds": 30,
					"secureOutput": true,
					"secureInput": false
				},
				"userProperties": [],
				"typeProperties": {
					"url": {
						"value": "@concat(\n'https://'\n,pipeline().globalParameters.globl_key_vault_name\n,'.vault.azure.net/secrets/'\n,'cngc-outbound-storage-account-name'\n,'?'\n,pipeline().globalParameters.globl_key_vault_url_api_vers\n)",
						"type": "Expression"
					},
					"method": "GET",
					"authentication": {
						"type": "MSI",
						"resource": "https://vault.azure.net"
					}
				}
			},
			{
				"name": "DumpFileListToInternalPrqt",
				"type": "Copy",
				"dependsOn": [
					{
						"activity": "CreateSubmitTable",
						"dependencyConditions": [
							"Succeeded"
						]
					},
					{
						"activity": "SetQueryText",
						"dependencyConditions": [
							"Succeeded"
						]
					}
				],
				"policy": {
					"timeout": "7.00:00:00",
					"retry": 1,
					"retryIntervalInSeconds": 30,
					"secureOutput": false,
					"secureInput": false
				},
				"userProperties": [],
				"typeProperties": {
					"source": {
						"type": "AzureSqlSource",
						"sqlReaderQuery": {
							"value": "select concat(sbmt_tbl_name,'.parquet') input_file_parquet_name\n, mkt_grp_name market_group\n, file_dfntn_vers_id file_version\n, sbmt_datetm date_of_last_submit\n, UPPER(format(sbmt_datetm,'MMM yyyy')) month_of_last_submit\nFROM [md].[file_dfntn_vers_prc_vw]\nORDER BY 1",
							"type": "Expression"
						},
						"queryTimeout": "02:00:00",
						"partitionOption": "None"
					},
					"sink": {
						"type": "ParquetSink",
						"storeSettings": {
							"type": "AzureBlobFSWriteSettings"
						},
						"formatSettings": {
							"type": "ParquetWriteSettings"
						}
					},
					"enableStaging": false
				},
				"inputs": [
					{
						"referenceName": "DS_DbGeneric",
						"type": "DatasetReference",
						"parameters": {
							"in_schma_name": "..",
							"in_tbl_view": "..",
							"in_key_vault_name": {
								"value": "@pipeline().globalParameters.globl_key_vault_name",
								"type": "Expression"
							}
						}
					}
				],
				"outputs": [
					{
						"referenceName": "DS_GeneralInternalParquet",
						"type": "DatasetReference",
						"parameters": {
							"in_cntnr_name_txt": {
								"value": "@variables('l_int_cntnr_name_txt')",
								"type": "Expression"
							},
							"in_path_txt": {
								"value": "@variables('l_path_txt')",
								"type": "Expression"
							},
							"in_file_name_txt": {
								"value": "@variables('l_input_file_list_txt')",
								"type": "Expression"
							},
							"in_storg_acct_name": {
								"value": "@activity('GetSecretValueInboundStorageAccountName').output.value",
								"type": "Expression"
							}
						}
					}
				]
			},
			{
				"name": "Fail",
				"type": "Fail",
				"dependsOn": [
					{
						"activity": "CloseFileActionFail",
						"dependencyConditions": [
							"Completed"
						]
					}
				],
				"userProperties": [],
				"typeProperties": {
					"message": {
						"value": "@CONCAT('Error with ',pipeline().Pipeline,' Pipeline')",
						"type": "Expression"
					},
					"errorCode": "500"
				}
			},
			{
				"name": "DumpDBTableIntoInternalPrqt",
				"type": "Copy",
				"dependsOn": [
					{
						"activity": "SetQueryText",
						"dependencyConditions": [
							"Succeeded"
						]
					},
					{
						"activity": "CreateSubmitTable",
						"dependencyConditions": [
							"Succeeded"
						]
					}
				],
				"policy": {
					"timeout": "7.00:00:00",
					"retry": 1,
					"retryIntervalInSeconds": 30,
					"secureOutput": false,
					"secureInput": false
				},
				"userProperties": [],
				"typeProperties": {
					"source": {
						"type": "AzureSqlSource",
						"sqlReaderQuery": {
							"value": "@variables('l_qry_txt')",
							"type": "Expression"
						},
						"queryTimeout": "02:00:00",
						"partitionOption": "None"
					},
					"sink": {
						"type": "ParquetSink",
						"storeSettings": {
							"type": "AzureBlobFSWriteSettings"
						},
						"formatSettings": {
							"type": "ParquetWriteSettings"
						}
					},
					"enableStaging": false
				},
				"inputs": [
					{
						"referenceName": "DS_DbGeneric",
						"type": "DatasetReference",
						"parameters": {
							"in_schma_name": "..",
							"in_tbl_view": "..",
							"in_key_vault_name": {
								"value": "@pipeline().globalParameters.globl_key_vault_name",
								"type": "Expression"
							}
						}
					}
				],
				"outputs": [
					{
						"referenceName": "DS_GeneralInternalParquet",
						"type": "DatasetReference",
						"parameters": {
							"in_cntnr_name_txt": {
								"value": "@variables('l_int_cntnr_name_txt')",
								"type": "Expression"
							},
							"in_path_txt": {
								"value": "@variables('l_path_txt')",
								"type": "Expression"
							},
							"in_file_name_txt": {
								"value": "@variables('l_file_name')",
								"type": "Expression"
							},
							"in_storg_acct_name": {
								"value": "@activity('GetSecretValueInboundStorageAccountName').output.value",
								"type": "Expression"
							}
						}
					}
				]
			},
			{
				"name": "SetQueryText",
				"type": "SetVariable",
				"dependsOn": [
					{
						"activity": "Get Where Condition",
						"dependencyConditions": [
							"Succeeded"
						]
					}
				],
				"userProperties": [],
				"typeProperties": {
					"variableName": "l_qry_txt",
					"value": {
						"value": "@concat('SELECT '\n,variables('l_col_names')\n,' FROM sbmt.'\n,variables('l_tbl_name')\n,' WHERE '\n,activity('Get Where Condition').output.firstRow.whereCond\n)",
						"type": "Expression"
					}
				}
			},
			{
				"name": "GetTableMetadata",
				"type": "Lookup",
				"dependsOn": [],
				"policy": {
					"timeout": "7.00:00:00",
					"retry": 1,
					"retryIntervalInSeconds": 30,
					"secureOutput": false,
					"secureInput": false
				},
				"userProperties": [],
				"typeProperties": {
					"source": {
						"type": "AzureSqlSource",
						"sqlReaderQuery": {
							"value": "SELECT sbmt_tbl_name FROM [md].[file_dfntn_vers_prc_vw] WHERE file_dfntn_vers_id = @{pipeline().parameters.in_file_dfntn_vers_id}",
							"type": "Expression"
						},
						"queryTimeout": "02:00:00",
						"partitionOption": "None"
					},
					"dataset": {
						"referenceName": "DS_DbSchemaModule",
						"type": "DatasetReference",
						"parameters": {
							"in_tbl_view": "..",
							"in_key_vault_name": {
								"value": "@pipeline().globalParameters.globl_key_vault_name",
								"type": "Expression"
							}
						}
					},
					"firstRowOnly": true
				}
			},
			{
				"name": "SetTableName",
				"type": "SetVariable",
				"dependsOn": [
					{
						"activity": "GetTableMetadata",
						"dependencyConditions": [
							"Succeeded"
						]
					}
				],
				"userProperties": [],
				"typeProperties": {
					"variableName": "l_tbl_name",
					"value": {
						"value": "@activity('GetTableMetadata').output.firstRow.sbmt_tbl_name",
						"type": "Expression"
					}
				}
			},
			{
				"name": "GetTableColumnsMetadata",
				"type": "Lookup",
				"dependsOn": [],
				"policy": {
					"timeout": "7.00:00:00",
					"retry": 1,
					"retryIntervalInSeconds": 30,
					"secureOutput": false,
					"secureInput": false
				},
				"userProperties": [],
				"typeProperties": {
					"source": {
						"type": "AzureSqlSource",
						"sqlReaderQuery": {
							"value": "DECLARE @r AS VARCHAR(MAX)\n\nSELECT @r = COALESCE(@r + ', ', '') + col_name\nFROM [md].[file_dfntn_vers_col_prc_vw]\nWHERE file_dfntn_vers_id = @{pipeline().parameters.in_file_dfntn_vers_id}\nAND sbmt_tbl_ind = 'Y'\nORDER BY col_num\n\nSELECT @r as col_names",
							"type": "Expression"
						},
						"queryTimeout": "02:00:00",
						"partitionOption": "None"
					},
					"dataset": {
						"referenceName": "DS_DbSchemaModule",
						"type": "DatasetReference",
						"parameters": {
							"in_tbl_view": "..",
							"in_key_vault_name": {
								"value": "@pipeline().globalParameters.globl_key_vault_name",
								"type": "Expression"
							}
						}
					},
					"firstRowOnly": true
				}
			},
			{
				"name": "SetColumnNames",
				"type": "SetVariable",
				"dependsOn": [
					{
						"activity": "GetTableColumnsMetadata",
						"dependencyConditions": [
							"Succeeded"
						]
					}
				],
				"userProperties": [],
				"typeProperties": {
					"variableName": "l_col_names",
					"value": {
						"value": "@activity('GetTableColumnsMetadata').output.firstRow.col_names",
						"type": "Expression"
					}
				}
			},
			{
				"name": "DumpDBTableIntoOutbndPrqt",
				"type": "Copy",
				"dependsOn": [
					{
						"activity": "SetQueryText",
						"dependencyConditions": [
							"Succeeded"
						]
					},
					{
						"activity": "CreateSubmitTable",
						"dependencyConditions": [
							"Succeeded"
						]
					}
				],
				"policy": {
					"timeout": "7.00:00:00",
					"retry": 1,
					"retryIntervalInSeconds": 30,
					"secureOutput": false,
					"secureInput": false
				},
				"userProperties": [],
				"typeProperties": {
					"source": {
						"type": "AzureSqlSource",
						"sqlReaderQuery": {
							"value": "@variables('l_qry_txt')",
							"type": "Expression"
						},
						"queryTimeout": "02:00:00",
						"partitionOption": "None"
					},
					"sink": {
						"type": "ParquetSink",
						"storeSettings": {
							"type": "AzureBlobFSWriteSettings"
						},
						"formatSettings": {
							"type": "ParquetWriteSettings"
						}
					},
					"enableStaging": false
				},
				"inputs": [
					{
						"referenceName": "DS_DbGeneric",
						"type": "DatasetReference",
						"parameters": {
							"in_schma_name": "..",
							"in_tbl_view": "..",
							"in_key_vault_name": {
								"value": "@pipeline().globalParameters.globl_key_vault_name",
								"type": "Expression"
							}
						}
					}
				],
				"outputs": [
					{
						"referenceName": "DS_GeneralInternalParquet",
						"type": "DatasetReference",
						"parameters": {
							"in_cntnr_name_txt": {
								"value": "@variables('l_out_cntnr_name_txt')",
								"type": "Expression"
							},
							"in_path_txt": {
								"value": "@variables('l_path_txt')",
								"type": "Expression"
							},
							"in_file_name_txt": {
								"value": "@variables('l_file_name')",
								"type": "Expression"
							},
							"in_storg_acct_name": {
								"value": "@activity('GetSecretValueOutboundStorageAccountName').output.value",
								"type": "Expression"
							}
						}
					}
				]
			},
			{
				"name": "DumpFileListToOutbndPrqt",
				"type": "Copy",
				"dependsOn": [
					{
						"activity": "SetQueryText",
						"dependencyConditions": [
							"Succeeded"
						]
					},
					{
						"activity": "CreateSubmitTable",
						"dependencyConditions": [
							"Succeeded"
						]
					}
				],
				"policy": {
					"timeout": "7.00:00:00",
					"retry": 1,
					"retryIntervalInSeconds": 30,
					"secureOutput": false,
					"secureInput": false
				},
				"userProperties": [],
				"typeProperties": {
					"source": {
						"type": "AzureSqlSource",
						"sqlReaderQuery": {
							"value": "select concat(sbmt_tbl_name,'.parquet') input_file_parquet_name\n, mkt_grp_name market_group\n, file_dfntn_vers_id file_version\n, sbmt_datetm date_of_last_submit\n, UPPER(format(sbmt_datetm,'MMM yyyy')) month_of_last_submit\nFROM [md].[file_dfntn_vers_prc_vw]\nORDER BY 1",
							"type": "Expression"
						},
						"queryTimeout": "02:00:00",
						"partitionOption": "None"
					},
					"sink": {
						"type": "ParquetSink",
						"storeSettings": {
							"type": "AzureBlobFSWriteSettings"
						},
						"formatSettings": {
							"type": "ParquetWriteSettings"
						}
					},
					"enableStaging": false
				},
				"inputs": [
					{
						"referenceName": "DS_DbGeneric",
						"type": "DatasetReference",
						"parameters": {
							"in_schma_name": "..",
							"in_tbl_view": "..",
							"in_key_vault_name": {
								"value": "@pipeline().globalParameters.globl_key_vault_name",
								"type": "Expression"
							}
						}
					}
				],
				"outputs": [
					{
						"referenceName": "DS_GeneralInternalParquet",
						"type": "DatasetReference",
						"parameters": {
							"in_cntnr_name_txt": {
								"value": "@variables('l_int_cntnr_name_txt')",
								"type": "Expression"
							},
							"in_path_txt": {
								"value": "@variables('l_path_txt')",
								"type": "Expression"
							},
							"in_file_name_txt": {
								"value": "@variables('l_input_file_list_txt')",
								"type": "Expression"
							},
							"in_storg_acct_name": {
								"value": "@activity('GetSecretValueOutboundStorageAccountName').output.value",
								"type": "Expression"
							}
						}
					}
				]
			},
			{
				"name": "CloseFileActionSuccess",
				"type": "SqlServerStoredProcedure",
				"dependsOn": [
					{
						"activity": "DumpFileListToInternalPrqt",
						"dependencyConditions": [
							"Succeeded"
						]
					},
					{
						"activity": "DumpFileListToOutbndPrqt",
						"dependencyConditions": [
							"Succeeded"
						]
					},
					{
						"activity": "DumpDBTableIntoInternalPrqt",
						"dependencyConditions": [
							"Succeeded"
						]
					},
					{
						"activity": "DumpDBTableIntoOutbndPrqt",
						"dependencyConditions": [
							"Succeeded"
						]
					}
				],
				"policy": {
					"timeout": "7.00:00:00",
					"retry": 0,
					"retryIntervalInSeconds": 30,
					"secureOutput": false,
					"secureInput": false
				},
				"userProperties": [],
				"typeProperties": {
					"storedProcedureName": "[main].[pro_file_actn_close]",
					"storedProcedureParameters": {
						"in_parnt_comp_exctn_id": {
							"value": {
								"value": "@pipeline().parameters.in_parnt_comp_exctn_id",
								"type": "Expression"
							},
							"type": "Int32"
						},
						"in_user_name": {
							"value": {
								"value": "@pipeline().parameters.in_user_name",
								"type": "Expression"
							},
							"type": "String"
						},
						"in_file_actn_id": {
							"value": {
								"value": "@activity('CreateFileAction').output.firstRow.out_file_actn_id",
								"type": "Expression"
							},
							"type": "Int32"
						},
						"in_sttus_code": {
							"value": "C",
							"type": "String"
						}
					}
				},
				"linkedServiceName": {
					"referenceName": "LS_SQLDatabase",
					"type": "LinkedServiceReference",
					"parameters": {
						"in_key_vault_name": {
							"value": "@pipeline().globalParameters.globl_key_vault_name",
							"type": "Expression"
						}
					}
				}
			},
			{
				"name": "CloseFileActionFail",
				"type": "SqlServerStoredProcedure",
				"dependsOn": [
					{
						"activity": "CloseFileActionSuccess",
						"dependencyConditions": [
							"Failed",
							"Skipped"
						]
					}
				],
				"policy": {
					"timeout": "7.00:00:00",
					"retry": 0,
					"retryIntervalInSeconds": 30,
					"secureOutput": false,
					"secureInput": false
				},
				"userProperties": [],
				"typeProperties": {
					"storedProcedureName": "[main].[pro_file_actn_close]",
					"storedProcedureParameters": {
						"in_parnt_comp_exctn_id": {
							"value": {
								"value": "@pipeline().parameters.in_parnt_comp_exctn_id",
								"type": "Expression"
							},
							"type": "Int32"
						},
						"in_user_name": {
							"value": {
								"value": "@pipeline().parameters.in_user_name",
								"type": "Expression"
							},
							"type": "String"
						},
						"in_file_actn_id": {
							"value": {
								"value": "@activity('CreateFileAction').output.firstRow.out_file_actn_id",
								"type": "Expression"
							},
							"type": "Int32"
						},
						"in_sttus_code": {
							"value": "F",
							"type": "String"
						}
					}
				},
				"linkedServiceName": {
					"referenceName": "LS_SQLDatabase",
					"type": "LinkedServiceReference",
					"parameters": {
						"in_key_vault_name": {
							"value": "@pipeline().globalParameters.globl_key_vault_name",
							"type": "Expression"
						}
					}
				}
			},
			{
				"name": "Get Where Condition",
				"type": "Lookup",
				"dependsOn": [
					{
						"activity": "SetTableName",
						"dependencyConditions": [
							"Succeeded"
						]
					},
					{
						"activity": "SetColumnNames",
						"dependencyConditions": [
							"Succeeded"
						]
					}
				],
				"policy": {
					"timeout": "0.12:00:00",
					"retry": 0,
					"retryIntervalInSeconds": 30,
					"secureOutput": false,
					"secureInput": false
				},
				"userProperties": [],
				"typeProperties": {
					"source": {
						"type": "AzureSqlSource",
						"sqlReaderQuery": {
							"value": "SELECT ISNULL(MIN(p.whereCond), '1=1') AS whereCond\nFROM (\n\tSELECT CONCAT (\n\t\t\tSTRING_AGG(fct.col_name, ' IS NOT NULL AND '),\n\t\t\t' IS NOT NULL'\n\t\t\t) AS whereCond from (SELECT col_name, file_dfntn_vers_id FROM [md].[file_dfntn_vers_col_prc_vw] WHERE file_dfntn_vers_id = '@{pipeline().parameters.in_file_dfntn_vers_id}'\n\t\t\tAND load_col_ind = 'N'\n\t\t\tAND reqd_ind = 'Y'\n\t\t\tAND sys_col_ind = 'N'\n\t\t\tAND hdn_ind = 'N'\n\t\t\n\t\tUNION\n\t\t\t\n\t\t\tSELECT col_name, file_dfntn_vers_id FROM [md].[file_dfntn_vers_col_prc_vw] WHERE file_dfntn_vers_id = '@{pipeline().parameters.in_file_dfntn_vers_id}'\n\t\t\tAND load_col_ind = 'Y'  \n\t\t\tAND hdn_ind = 'N'\n\t\t\tAND sys_col_ind = 'N'  ) fct  \n\tGROUP BY fct.file_dfntn_vers_id\n\t) p",
							"type": "Expression"
						},
						"queryTimeout": "02:00:00",
						"partitionOption": "None"
					},
					"dataset": {
						"referenceName": "DS_DbGeneric",
						"type": "DatasetReference",
						"parameters": {
							"in_schma_name": "..",
							"in_tbl_view": "..",
							"in_key_vault_name": {
								"value": "@pipeline().globalParameters.globl_key_vault_name",
								"type": "Expression"
							}
						}
					}
				}
			}
		],
		"parameters": {
			"in_parnt_comp_exctn_id": {
				"type": "int",
				"defaultValue": 1
			},
			"in_user_name": {
				"type": "string",
				"defaultValue": "colaco.cc"
			},
			"in_file_dfntn_vers_id": {
				"type": "int",
				"defaultValue": 38
			},
			"in_scope_id": {
				"type": "int",
				"defaultValue": 438
			}
		},
		"variables": {
			"l_path_txt": {
				"type": "String",
				"defaultValue": "input_files"
			},
			"l_out_cntnr_name_txt": {
				"type": "String",
				"defaultValue": "cngcbp2"
			},
			"l_int_cntnr_name_txt": {
				"type": "String",
				"defaultValue": "internal"
			},
			"l_input_file_list_txt": {
				"type": "String",
				"defaultValue": "input_file_list"
			},
			"l_file_name": {
				"type": "String"
			},
			"l_tbl_name": {
				"type": "String"
			},
			"l_col_names": {
				"type": "String"
			},
			"l_qry_txt": {
				"type": "String"
			}
		},
		"folder": {
			"name": "File"
		},
		"annotations": []
	}
}