{
	"name": "fl-FileDQValDownload",
	"properties": {
		"activities": [
			{
				"name": "OpenComponentExecution",
				"type": "Lookup",
				"dependsOn": [
					{
						"activity": "GetSecretValueInboundStorageAccountName",
						"dependencyConditions": [
							"Succeeded"
						]
					}
				],
				"policy": {
					"timeout": "7.00:00:00",
					"retry": 1,
					"retryIntervalInSeconds": 30,
					"secureOutput": false,
					"secureInput": false
				},
				"userProperties": [],
				"typeProperties": {
					"source": {
						"type": "AzureSqlSource",
						"sqlReaderStoredProcedureName": "[md].[pro_comp_exctn_open]",
						"storedProcedureParameters": {
							"in_adf_pipln_name": {
								"type": "String",
								"value": {
									"value": "@pipeline().Pipeline",
									"type": "Expression"
								}
							},
							"in_param_json_txt": {
								"type": "String",
								"value": {
									"value": "@concat('{'\n,'\"in_dq_check_exctn_id\": \"', string(pipeline().parameters.in_dq_check_exctn_id),'\", '\n,'\"in_reslt_tbl_name\": \"', string(pipeline().parameters.in_reslt_tbl_name),'\", '\n,'\"in_file_actn_id\": \"', string(pipeline().parameters.in_file_actn_id),'\", '\n,'\"in_scope_id\": \"', string(pipeline().parameters.in_scope_id),'\"}'\n)\n\n",
									"type": "Expression"
								}
							},
							"in_parnt_comp_exctn_id": {
								"type": "Int32",
								"value": {
									"value": "@pipeline().parameters.in_parnt_comp_exctn_id",
									"type": "Expression"
								}
							},
							"in_scope_id": {
								"type": "Int32",
								"value": null
							},
							"in_user_name": {
								"type": "String",
								"value": {
									"value": "@pipeline().parameters.in_user_name",
									"type": "Expression"
								}
							},
							"out_comp_exctn_id": {
								"type": "Int32",
								"value": null
							},
							"out_param_json_txt": {
								"type": "String",
								"value": null
							},
							"in_adf_pipln_run_id": {
								"type": "String",
								"value": {
									"value": "@pipeline().RunId",
									"type": "Expression"
								}
							}
						},
						"queryTimeout": "02:00:00",
						"partitionOption": "None"
					},
					"dataset": {
						"referenceName": "DS_DbGeneric",
						"type": "DatasetReference",
						"parameters": {
							"in_schma_name": "..",
							"in_tbl_view": "..",
							"in_key_vault_name": {
								"value": "@pipeline().globalParameters.globl_key_vault_name",
								"type": "Expression"
							}
						}
					},
					"firstRowOnly": true
				}
			},
			{
				"name": "SetOutComponentExecutionId",
				"type": "SetVariable",
				"dependsOn": [
					{
						"activity": "OpenComponentExecution",
						"dependencyConditions": [
							"Succeeded"
						]
					}
				],
				"userProperties": [],
				"typeProperties": {
					"variableName": "l_comp_exctn_id",
					"value": {
						"value": "@string(activity('OpenComponentExecution').output.firstRow.out_comp_exctn_id)",
						"type": "Expression"
					}
				}
			},
			{
				"name": "CreateFileDownload",
				"type": "Lookup",
				"dependsOn": [
					{
						"activity": "SetDisplayFileName",
						"dependencyConditions": [
							"Succeeded"
						]
					}
				],
				"policy": {
					"timeout": "7.00:00:00",
					"retry": 0,
					"retryIntervalInSeconds": 30,
					"secureOutput": false,
					"secureInput": false
				},
				"userProperties": [],
				"typeProperties": {
					"source": {
						"type": "AzureSqlSource",
						"sqlReaderStoredProcedureName": "[main].[pro_file_dwnld_creat]",
						"storedProcedureParameters": {
							"in_disp_file_name": {
								"type": "String",
								"value": {
									"value": "@variables('l_disp_file_name')",
									"type": "Expression"
								}
							},
							"in_parnt_comp_exctn_id": {
								"type": "Int32",
								"value": {
									"value": "@int(variables('l_comp_exctn_id'))",
									"type": "Expression"
								}
							},
							"in_user_name": {
								"type": "String",
								"value": {
									"value": "@pipeline().parameters.in_user_name",
									"type": "Expression"
								}
							},
							"in_orig_file_name": {
								"type": "String",
								"value": {
									"value": "@concat('output/',pipeline().parameters.in_reslt_tbl_name,'.xlsx')",
									"type": "Expression"
								}
							},
							"out_file_dwnld_id": {
								"type": "Int32",
								"value": null
							}
						},
						"queryTimeout": "02:00:00",
						"partitionOption": "None"
					},
					"dataset": {
						"referenceName": "DS_DbSchemaMain",
						"type": "DatasetReference",
						"parameters": {
							"in_tbl_view": "..",
							"in_key_vault_name": {
								"value": "@pipeline().globalParameters.globl_key_vault_name",
								"type": "Expression"
							}
						}
					},
					"firstRowOnly": true
				}
			},
			{
				"name": "CopyFromDBtoCSV",
				"type": "Copy",
				"dependsOn": [
					{
						"activity": "CreateFileDownload",
						"dependencyConditions": [
							"Succeeded"
						]
					},
					{
						"activity": "LookupColumnList",
						"dependencyConditions": [
							"Succeeded"
						]
					}
				],
				"policy": {
					"timeout": "7.00:00:00",
					"retry": 0,
					"retryIntervalInSeconds": 30,
					"secureOutput": false,
					"secureInput": false
				},
				"userProperties": [],
				"typeProperties": {
					"source": {
						"type": "AzureSqlSource",
						"sqlReaderQuery": {
							"value": "SELECT @{activity('LookupColumnList').output.firstRow.select_col_list} \nFROM @{variables('l_schema_name')}.@{pipeline().parameters.in_reslt_tbl_name} \n",
							"type": "Expression"
						},
						"queryTimeout": "02:00:00",
						"partitionOption": "None"
					},
					"sink": {
						"type": "DelimitedTextSink",
						"storeSettings": {
							"type": "AzureBlobFSWriteSettings"
						},
						"formatSettings": {
							"type": "DelimitedTextWriteSettings",
							"quoteAllText": true,
							"fileExtension": ".txt"
						}
					},
					"enableStaging": false,
					"translator": {
						"type": "TabularTranslator",
						"typeConversion": true,
						"typeConversionSettings": {
							"allowDataTruncation": true,
							"treatBooleanAsNumber": false
						}
					}
				},
				"inputs": [
					{
						"referenceName": "DS_DbGeneric",
						"type": "DatasetReference",
						"parameters": {
							"in_schma_name": {
								"value": "@variables('l_schema_name')",
								"type": "Expression"
							},
							"in_tbl_view": {
								"value": "@pipeline().parameters.in_reslt_tbl_name",
								"type": "Expression"
							},
							"in_key_vault_name": {
								"value": "@pipeline().globalParameters.globl_key_vault_name",
								"type": "Expression"
							}
						}
					}
				],
				"outputs": [
					{
						"referenceName": "DS_GenericInternalCsvPipe",
						"type": "DatasetReference",
						"parameters": {
							"in_cntnr_name_txt": {
								"value": "@variables('l_cntnr_name')",
								"type": "Expression"
							},
							"in_path_txt": {
								"value": "@variables('l_tocsv_path')",
								"type": "Expression"
							},
							"in_file_name_txt": {
								"value": "@pipeline().parameters.in_reslt_tbl_name",
								"type": "Expression"
							},
							"in_storg_acct_name": {
								"value": "@activity('GetSecretValueInboundStorageAccountName').output.value",
								"type": "Expression"
							}
						}
					}
				]
			},
			{
				"name": "PrepareXLSXParameters",
				"type": "Lookup",
				"dependsOn": [
					{
						"activity": "CreateFileDownload",
						"dependencyConditions": [
							"Succeeded"
						]
					}
				],
				"policy": {
					"timeout": "7.00:00:00",
					"retry": 0,
					"retryIntervalInSeconds": 30,
					"secureOutput": false,
					"secureInput": false
				},
				"userProperties": [],
				"typeProperties": {
					"source": {
						"type": "AzureSqlSource",
						"sqlReaderStoredProcedureName": "[main].[pro_file_xlsx_cnvrt_dq_parm_prep]",
						"storedProcedureParameters": {
							"in_parnt_comp_exctn_id": {
								"type": "Int32",
								"value": {
									"value": "@int(variables('l_comp_exctn_id'))",
									"type": "Expression"
								}
							},
							"in_user_name": {
								"type": "String",
								"value": {
									"value": "@pipeline().parameters.in_user_name",
									"type": "Expression"
								}
							},
							"in_dq_check_exctn_id": {
								"type": "Int32",
								"value": {
									"value": "@pipeline().parameters.in_dq_check_exctn_id",
									"type": "Expression"
								}
							},
							"out_param_json_txt": {
								"type": "String",
								"value": null
							}
						},
						"queryTimeout": "02:00:00",
						"partitionOption": "None"
					},
					"dataset": {
						"referenceName": "DS_DbSchemaMain",
						"type": "DatasetReference",
						"parameters": {
							"in_tbl_view": "..",
							"in_key_vault_name": {
								"value": "@pipeline().globalParameters.globl_key_vault_name",
								"type": "Expression"
							}
						}
					},
					"firstRowOnly": true
				}
			},
			{
				"name": "SetFileDownloadId",
				"type": "SetVariable",
				"dependsOn": [
					{
						"activity": "CreateFileDownload",
						"dependencyConditions": [
							"Succeeded"
						]
					}
				],
				"userProperties": [],
				"typeProperties": {
					"variableName": "l_file_dwnld_id",
					"value": {
						"value": "@string(activity('CreateFileDownload').output.firstRow.out_file_dwnld_id)",
						"type": "Expression"
					}
				}
			},
			{
				"name": "GetDisplayFileName",
				"type": "Lookup",
				"dependsOn": [
					{
						"activity": "SetOutComponentExecutionId",
						"dependencyConditions": [
							"Succeeded"
						]
					}
				],
				"policy": {
					"timeout": "7.00:00:00",
					"retry": 0,
					"retryIntervalInSeconds": 30,
					"secureOutput": false,
					"secureInput": false
				},
				"userProperties": [],
				"typeProperties": {
					"source": {
						"type": "AzureSqlSource",
						"sqlReaderQuery": {
							"value": "@concat('select CONCAT(replace(\n\t\t\t\treplace(\n\t\t\t\t\treplace(\n\t\t\t\t\t\treplace(scope_name,'' - '',''_'')\n\t\t\t\t\t\t,'' '',''-'')\n\t\t\t\t\t,''/'',''-'')\n\t\t\t\t,''\\'',''-'')\n\t\t\t,''_'',',string(pipeline().parameters.in_dq_check_exctn_id),',''.xlsx'')\n\tdisp_file_name\nfrom md.scope_prc_vw\nwhere scope_id = ',string(pipeline().parameters.in_scope_id))",
							"type": "Expression"
						},
						"queryTimeout": "02:00:00",
						"partitionOption": "None"
					},
					"dataset": {
						"referenceName": "DS_DbGeneric",
						"type": "DatasetReference",
						"parameters": {
							"in_schma_name": "..",
							"in_tbl_view": "..",
							"in_key_vault_name": {
								"value": "@pipeline().globalParameters.globl_key_vault_name",
								"type": "Expression"
							}
						}
					}
				}
			},
			{
				"name": "SetDisplayFileName",
				"type": "SetVariable",
				"dependsOn": [
					{
						"activity": "GetDisplayFileName",
						"dependencyConditions": [
							"Succeeded"
						]
					}
				],
				"userProperties": [],
				"typeProperties": {
					"variableName": "l_disp_file_name",
					"value": {
						"value": "@activity('GetDisplayFileName').output.firstRow.disp_file_name",
						"type": "Expression"
					}
				}
			},
			{
				"name": "SetConverterRequestBody",
				"type": "SetVariable",
				"dependsOn": [
					{
						"activity": "PrepareXLSXParameters",
						"dependencyConditions": [
							"Succeeded"
						]
					}
				],
				"userProperties": [],
				"typeProperties": {
					"variableName": "l_request_body",
					"value": {
						"value": "@replace(replace(string(activity('PrepareXLSXParameters').output.firstRow.out_param_json_txt),'\\',''),'''','''''')",
						"type": "Expression"
					}
				}
			},
			{
				"name": "SetPipelineParams",
				"type": "SetVariable",
				"dependsOn": [
					{
						"activity": "SetFileDownloadId",
						"dependencyConditions": [
							"Succeeded"
						]
					}
				],
				"userProperties": [],
				"typeProperties": {
					"variableName": "l_pipeline_params",
					"value": {
						"value": "{\"in_comp_exctn_id\": @{variables('l_comp_exctn_id')}, \"in_file_dwnld_id\": @{variables('l_file_dwnld_id')}, \"in_scope_id\": @{pipeline().parameters.in_scope_id}, \"in_file_actn_id\": @{pipeline().parameters.in_file_actn_id}, \"in_user_name\":\"@{pipeline().parameters.in_user_name}\", \"in_dq_check_exctn_id\":@{pipeline().parameters.in_dq_check_exctn_id}, \"in_pip_name\":\"@{pipeline().Pipeline}\"}",
						"type": "Expression"
					}
				}
			},
			{
				"name": "Set l_json_param",
				"type": "SetVariable",
				"dependsOn": [
					{
						"activity": "SetConverterRequestBody",
						"dependencyConditions": [
							"Succeeded"
						]
					},
					{
						"activity": "SetPipelineParams",
						"dependencyConditions": [
							"Succeeded"
						]
					}
				],
				"userProperties": [],
				"typeProperties": {
					"variableName": "l_json_param",
					"value": {
						"value": "{\"pipelineParameters\":\"@{replace(variables('l_pipeline_params'),'\"','\\\"')}\", \"requestBody\":@{replace(variables('l_request_body'),'\\\\','')}, \"outputFolder\":\"fileDQval\"}",
						"type": "Expression"
					}
				}
			},
			{
				"name": "Copy JSON parameters to Blob",
				"type": "Copy",
				"dependsOn": [
					{
						"activity": "Set l_json_param",
						"dependencyConditions": [
							"Succeeded"
						]
					},
					{
						"activity": "CopyFromDBtoCSV",
						"dependencyConditions": [
							"Succeeded"
						]
					}
				],
				"policy": {
					"timeout": "7.00:00:00",
					"retry": 0,
					"retryIntervalInSeconds": 30,
					"secureOutput": false,
					"secureInput": false
				},
				"userProperties": [],
				"typeProperties": {
					"source": {
						"type": "DelimitedTextSource",
						"additionalColumns": [
							{
								"name": "mycolumn",
								"value": {
									"value": "@variables('l_json_param')",
									"type": "Expression"
								}
							}
						],
						"storeSettings": {
							"type": "AzureBlobFSReadSettings",
							"recursive": true,
							"enablePartitionDiscovery": false
						},
						"formatSettings": {
							"type": "DelimitedTextReadSettings"
						}
					},
					"sink": {
						"type": "DelimitedTextSink",
						"storeSettings": {
							"type": "AzureBlobFSWriteSettings",
							"copyBehavior": "PreserveHierarchy"
						},
						"formatSettings": {
							"type": "DelimitedTextWriteSettings",
							"quoteAllText": true,
							"fileExtension": ".txt"
						}
					},
					"enableStaging": false,
					"translator": {
						"type": "TabularTranslator",
						"mappings": [
							{
								"source": {
									"name": "mycolumn",
									"type": "String"
								},
								"sink": {
									"type": "String",
									"physicalType": "String",
									"ordinal": 1
								}
							}
						],
						"typeConversion": true,
						"typeConversionSettings": {
							"allowDataTruncation": true,
							"treatBooleanAsNumber": false
						}
					}
				},
				"inputs": [
					{
						"referenceName": "DS_General",
						"type": "DatasetReference",
						"parameters": {
							"in_cntnr_name_txt": "converter-input",
							"in_path_txt": "input",
							"in_file_name_txt": "template-dont-delete.txt",
							"in_storg_acct_name": {
								"value": "@activity('GetSecretValueInboundStorageAccountName').output.value",
								"type": "Expression"
							}
						}
					}
				],
				"outputs": [
					{
						"referenceName": "DS_General",
						"type": "DatasetReference",
						"parameters": {
							"in_cntnr_name_txt": "converter-input",
							"in_path_txt": "json/input",
							"in_file_name_txt": {
								"value": "@{pipeline().parameters.in_reslt_tbl_name}.json",
								"type": "Expression"
							},
							"in_storg_acct_name": {
								"value": "@activity('GetSecretValueInboundStorageAccountName').output.value",
								"type": "Expression"
							}
						}
					}
				]
			},
			{
				"name": "CloseComponentExecutionFailed",
				"type": "SqlServerStoredProcedure",
				"dependsOn": [
					{
						"activity": "Copy JSON parameters to Blob",
						"dependencyConditions": [
							"Failed",
							"Skipped"
						]
					}
				],
				"policy": {
					"timeout": "7.00:00:00",
					"retry": 0,
					"retryIntervalInSeconds": 30,
					"secureOutput": false,
					"secureInput": false
				},
				"userProperties": [],
				"typeProperties": {
					"storedProcedureName": "[md].[pro_comp_exctn_close]",
					"storedProcedureParameters": {
						"in_comp_exctn_id": {
							"value": {
								"value": "@int(variables('l_comp_exctn_id'))",
								"type": "Expression"
							},
							"type": "Int32"
						},
						"in_sttus_code": {
							"value": "F",
							"type": "String"
						},
						"in_err_msg_txt": {
							"value": {
								"value": "@concat(pipeline().Pipeline, ' failed.')",
								"type": "Expression"
							},
							"type": "String"
						}
					}
				},
				"linkedServiceName": {
					"referenceName": "LS_SQLDatabase",
					"type": "LinkedServiceReference",
					"parameters": {
						"in_key_vault_name": {
							"value": "@pipeline().globalParameters.globl_key_vault_name",
							"type": "Expression"
						}
					}
				}
			},
			{
				"name": "Fail",
				"type": "Fail",
				"dependsOn": [
					{
						"activity": "CloseComponentExecutionFailed",
						"dependencyConditions": [
							"Completed"
						]
					}
				],
				"userProperties": [],
				"typeProperties": {
					"message": {
						"value": "@CONCAT('Error with ',pipeline().Pipeline,' Pipeline')",
						"type": "Expression"
					},
					"errorCode": "500"
				}
			},
			{
				"name": "GetSecretValueInboundStorageAccountName",
				"type": "WebActivity",
				"dependsOn": [],
				"policy": {
					"timeout": "0.00:02:00",
					"retry": 0,
					"retryIntervalInSeconds": 30,
					"secureOutput": true,
					"secureInput": false
				},
				"userProperties": [],
				"typeProperties": {
					"url": {
						"value": "@concat(\n'https://'\n,pipeline().globalParameters.globl_key_vault_name\n,'.vault.azure.net/secrets/'\n,'cngc-inbound-storage-account-name'\n,'?'\n,pipeline().globalParameters.globl_key_vault_url_api_vers\n)",
						"type": "Expression"
					},
					"method": "GET",
					"authentication": {
						"type": "MSI",
						"resource": "https://vault.azure.net"
					}
				}
			},
			{
				"name": "LookupColumnList",
				"type": "Lookup",
				"dependsOn": [],
				"policy": {
					"timeout": "7.00:00:00",
					"retry": 0,
					"retryIntervalInSeconds": 30,
					"secureOutput": false,
					"secureInput": false
				},
				"userProperties": [],
				"typeProperties": {
					"source": {
						"type": "AzureSqlSource",
						"sqlReaderQuery": {
							"value": "SELECT STRING_AGG(\n\tCASE \n    WHEN t.[name] IN ('char','varchar')\n      THEN c.[name]\n\tWHEN t.[name] IN ('datetime2')\n\t THEN CONCAT('FORMAT(',c.[name],',''MM/dd/yyyy'') ',c.[name])\n\tELSE CONCAT('TRY_CONVERT(VARCHAR(MAX),',c.[name],') ',c.[name])\n\tEND, ', ')\n\tWITHIN GROUP (ORDER BY column_id)\n\tas select_col_list\n FROM sys.objects o\n  INNER JOIN sys.columns c\n    ON c.object_id = o.object_id\n  INNER JOIN sys.types t\n\tON c.system_type_id = t.system_type_id\n  WHERE o.name = '@{pipeline().parameters.in_reslt_tbl_name}'",
							"type": "Expression"
						},
						"queryTimeout": "02:00:00",
						"partitionOption": "None"
					},
					"dataset": {
						"referenceName": "DS_DbGeneric",
						"type": "DatasetReference",
						"parameters": {
							"in_schma_name": "..",
							"in_tbl_view": "..",
							"in_key_vault_name": {
								"value": "@pipeline().globalParameters.globl_key_vault_name",
								"type": "Expression"
							}
						}
					},
					"firstRowOnly": true
				}
			}
		],
		"parameters": {
			"in_parnt_comp_exctn_id": {
				"type": "int"
			},
			"in_user_name": {
				"type": "string"
			},
			"in_dq_check_exctn_id": {
				"type": "int"
			},
			"in_reslt_tbl_name": {
				"type": "string"
			},
			"in_scope_id": {
				"type": "int"
			},
			"in_file_actn_id": {
				"type": "int"
			}
		},
		"variables": {
			"l_comp_exctn_id": {
				"type": "String"
			},
			"l_schema_name": {
				"type": "String",
				"defaultValue": "tmp"
			},
			"l_cntnr_name": {
				"type": "String",
				"defaultValue": "converter-input"
			},
			"l_tocsv_path": {
				"type": "String",
				"defaultValue": "input"
			},
			"l_file_dwnld_id": {
				"type": "String"
			},
			"l_disp_file_name": {
				"type": "String"
			},
			"l_request_body": {
				"type": "String"
			},
			"l_pipeline_params": {
				"type": "String"
			},
			"l_json_param": {
				"type": "String"
			}
		},
		"folder": {
			"name": "File"
		},
		"annotations": []
	}
}