{
	"name": "fl-FileDownloadAndFollowUp",
	"properties": {
		"activities": [
			{
				"name": "CloseComponentExecutionFailed",
				"type": "SqlServerStoredProcedure",
				"dependsOn": [
					{
						"activity": "CloseFileActionFail",
						"dependencyConditions": [
							"Completed"
						]
					}
				],
				"policy": {
					"timeout": "7.00:00:00",
					"retry": 0,
					"retryIntervalInSeconds": 30,
					"secureOutput": false,
					"secureInput": false
				},
				"userProperties": [],
				"typeProperties": {
					"storedProcedureName": "[md].[pro_comp_exctn_close]",
					"storedProcedureParameters": {
						"in_comp_exctn_id": {
							"value": {
								"value": "@pipeline().parameters.in_parnt_comp_exctn_id",
								"type": "Expression"
							},
							"type": "Int32"
						},
						"in_sttus_code": {
							"value": "F",
							"type": "String"
						},
						"in_err_msg_txt": {
							"value": {
								"value": "@concat(pipeline().Pipeline, ' failed.')",
								"type": "Expression"
							},
							"type": "String"
						}
					}
				},
				"linkedServiceName": {
					"referenceName": "LS_SQLDatabase",
					"type": "LinkedServiceReference",
					"parameters": {
						"in_key_vault_name": {
							"value": "@pipeline().globalParameters.globl_key_vault_name",
							"type": "Expression"
						}
					}
				}
			},
			{
				"name": "CreateInProgressNotification",
				"type": "Lookup",
				"dependsOn": [],
				"policy": {
					"timeout": "7.00:00:00",
					"retry": 0,
					"retryIntervalInSeconds": 30,
					"secureOutput": false,
					"secureInput": false
				},
				"userProperties": [],
				"typeProperties": {
					"source": {
						"type": "AzureSqlSource",
						"sqlReaderStoredProcedureName": "[md].[pro_notif_upsrt]",
						"storedProcedureParameters": {
							"in_parnt_comp_exctn_id": {
								"type": "Int32",
								"value": {
									"value": "@pipeline().parameters.in_parnt_comp_exctn_id",
									"type": "Expression"
								}
							},
							"in_user_name": {
								"type": "String",
								"value": {
									"value": "@pipeline().parameters.in_user_name",
									"type": "Expression"
								}
							},
							"in_notif_id": {
								"type": "Int32",
								"value": null
							},
							"in_file_actn_id": {
								"type": "Int32",
								"value": {
									"value": "@pipeline().parameters.in_file_actn_id",
									"type": "Expression"
								}
							},
							"in_notif_user_name": {
								"type": "String",
								"value": {
									"value": "@pipeline().parameters.in_user_name",
									"type": "Expression"
								}
							},
							"in_sttus_txt": {
								"type": "String",
								"value": "PROCESSING"
							},
							"in_desc_txt": {
								"type": "String",
								"value": {
									"value": "Preparation of download in progress.",
									"type": "Expression"
								}
							},
							"out_notif_id": {
								"type": "Int32",
								"value": null
							}
						},
						"queryTimeout": "02:00:00",
						"partitionOption": "None"
					},
					"dataset": {
						"referenceName": "DS_DbSchemaMain",
						"type": "DatasetReference",
						"parameters": {
							"in_tbl_view": "..",
							"in_key_vault_name": {
								"value": "@pipeline().globalParameters.globl_key_vault_name",
								"type": "Expression"
							}
						}
					}
				}
			},
			{
				"name": "CreateFailNotification",
				"type": "Lookup",
				"dependsOn": [
					{
						"activity": "CloseFileActionFail",
						"dependencyConditions": [
							"Completed"
						]
					}
				],
				"policy": {
					"timeout": "7.00:00:00",
					"retry": 0,
					"retryIntervalInSeconds": 30,
					"secureOutput": false,
					"secureInput": false
				},
				"userProperties": [],
				"typeProperties": {
					"source": {
						"type": "AzureSqlSource",
						"sqlReaderStoredProcedureName": "[md].[pro_notif_upsrt]",
						"storedProcedureParameters": {
							"in_parnt_comp_exctn_id": {
								"type": "Int32",
								"value": {
									"value": "@pipeline().parameters.in_parnt_comp_exctn_id",
									"type": "Expression"
								}
							},
							"in_user_name": {
								"type": "String",
								"value": {
									"value": "@pipeline().parameters.in_user_name",
									"type": "Expression"
								}
							},
							"in_notif_id": {
								"type": "Int32",
								"value": {
									"value": "@activity('CreateInProgressNotification').output.firstRow.out_notif_id",
									"type": "Expression"
								}
							},
							"in_file_actn_id": {
								"type": "Int32",
								"value": {
									"value": "@pipeline().parameters.in_file_actn_id",
									"type": "Expression"
								}
							},
							"in_notif_user_name": {
								"type": "String",
								"value": {
									"value": "@pipeline().parameters.in_user_name",
									"type": "Expression"
								}
							},
							"in_sttus_txt": {
								"type": "String",
								"value": "FAILED"
							},
							"in_desc_txt": {
								"type": "String",
								"value": {
									"value": "Preparation of download failed.",
									"type": "Expression"
								}
							},
							"out_notif_id": {
								"type": "Int32",
								"value": "1"
							}
						},
						"queryTimeout": "02:00:00",
						"partitionOption": "None"
					},
					"dataset": {
						"referenceName": "DS_DbSchemaMain",
						"type": "DatasetReference",
						"parameters": {
							"in_tbl_view": "..",
							"in_key_vault_name": {
								"value": "@pipeline().globalParameters.globl_key_vault_name",
								"type": "Expression"
							}
						}
					}
				}
			},
			{
				"name": "Fail1",
				"type": "Fail",
				"dependsOn": [
					{
						"activity": "CloseComponentExecutionFailed",
						"dependencyConditions": [
							"Completed"
						]
					}
				],
				"userProperties": [],
				"typeProperties": {
					"message": {
						"value": "@CONCAT('Error with ',pipeline().Pipeline,' Pipeline')",
						"type": "Expression"
					},
					"errorCode": "500"
				}
			},
			{
				"name": "SetNotifID",
				"type": "SetVariable",
				"dependsOn": [
					{
						"activity": "CreateInProgressNotification",
						"dependencyConditions": [
							"Succeeded"
						]
					}
				],
				"userProperties": [],
				"typeProperties": {
					"variableName": "l_notif_id",
					"value": {
						"value": "@string(activity('CreateInProgressNotification').output.firstRow.out_notif_id)",
						"type": "Expression"
					}
				}
			},
			{
				"name": "GetSecretValueInboundStorageAccountName",
				"type": "WebActivity",
				"dependsOn": [],
				"policy": {
					"timeout": "0.00:02:00",
					"retry": 0,
					"retryIntervalInSeconds": 30,
					"secureOutput": true,
					"secureInput": false
				},
				"userProperties": [],
				"typeProperties": {
					"url": {
						"value": "@concat(\n'https://'\n,pipeline().globalParameters.globl_key_vault_name\n,'.vault.azure.net/secrets/'\n,'cngc-inbound-storage-account-name'\n,'?'\n,pipeline().globalParameters.globl_key_vault_url_api_vers\n)",
						"type": "Expression"
					},
					"method": "GET",
					"authentication": {
						"type": "MSI",
						"resource": "https://vault.azure.net"
					}
				}
			},
			{
				"name": "DumpDBTableIntoFile",
				"type": "Copy",
				"dependsOn": [
					{
						"activity": "GetSecretValueInboundStorageAccountName",
						"dependencyConditions": [
							"Succeeded"
						]
					}
				],
				"policy": {
					"timeout": "7.00:00:00",
					"retry": 1,
					"retryIntervalInSeconds": 30,
					"secureOutput": false,
					"secureInput": false
				},
				"userProperties": [],
				"typeProperties": {
					"source": {
						"type": "AzureSqlSource",
						"sqlReaderQuery": {
							"value": "@pipeline().parameters.in_qry_txt",
							"type": "Expression"
						},
						"queryTimeout": "02:00:00",
						"partitionOption": "None"
					},
					"sink": {
						"type": "DelimitedTextSink",
						"storeSettings": {
							"type": "AzureBlobFSWriteSettings",
							"copyBehavior": "FlattenHierarchy"
						},
						"formatSettings": {
							"type": "DelimitedTextWriteSettings",
							"quoteAllText": true,
							"fileExtension": ".txt"
						}
					},
					"enableStaging": false
				},
				"inputs": [
					{
						"referenceName": "DS_DbGeneric",
						"type": "DatasetReference",
						"parameters": {
							"in_schma_name": "..",
							"in_tbl_view": "..",
							"in_key_vault_name": {
								"value": "@pipeline().globalParameters.globl_key_vault_name",
								"type": "Expression"
							}
						}
					}
				],
				"outputs": [
					{
						"referenceName": "DS_GenericInternalCsvPipe",
						"type": "DatasetReference",
						"parameters": {
							"in_cntnr_name_txt": {
								"value": "converter-input",
								"type": "Expression"
							},
							"in_path_txt": {
								"value": "input",
								"type": "Expression"
							},
							"in_file_name_txt": {
								"value": "@pipeline().parameters.in_phys_file_name",
								"type": "Expression"
							},
							"in_storg_acct_name": {
								"value": "@activity('GetSecretValueInboundStorageAccountName').output.value",
								"type": "Expression"
							}
						}
					}
				]
			},
			{
				"name": "ReadyFileDownload",
				"type": "SqlServerStoredProcedure",
				"dependsOn": [
					{
						"activity": "FileConverter",
						"dependencyConditions": [
							"Succeeded"
						]
					}
				],
				"policy": {
					"timeout": "0.00:10:00",
					"retry": 0,
					"retryIntervalInSeconds": 30,
					"secureOutput": false,
					"secureInput": false
				},
				"userProperties": [],
				"typeProperties": {
					"storedProcedureName": "[main].[pro_file_dwnld_ready]",
					"storedProcedureParameters": {
						"in_file_dwnld_id": {
							"value": {
								"value": "@pipeline().parameters.in_file_dwnld_id",
								"type": "Expression"
							},
							"type": "Int32"
						},
						"in_parnt_comp_exctn_id": {
							"value": {
								"value": "@pipeline().parameters.in_parnt_comp_exctn_id",
								"type": "Expression"
							},
							"type": "Int32"
						},
						"in_user_name": {
							"value": {
								"value": "@pipeline().parameters.in_user_name",
								"type": "Expression"
							},
							"type": "String"
						}
					}
				},
				"linkedServiceName": {
					"referenceName": "LS_SQLDatabase",
					"type": "LinkedServiceReference",
					"parameters": {
						"in_key_vault_name": {
							"value": "@pipeline().globalParameters.globl_key_vault_name",
							"type": "Expression"
						}
					}
				}
			},
			{
				"name": "CompleteNotification",
				"type": "SqlServerStoredProcedure",
				"dependsOn": [
					{
						"activity": "FileConverter",
						"dependencyConditions": [
							"Succeeded"
						]
					},
					{
						"activity": "SetNotifID",
						"dependencyConditions": [
							"Succeeded"
						]
					}
				],
				"policy": {
					"timeout": "7.00:00:00",
					"retry": 0,
					"retryIntervalInSeconds": 30,
					"secureOutput": false,
					"secureInput": false
				},
				"userProperties": [],
				"typeProperties": {
					"storedProcedureName": "[md].[pro_notif_upsrt]",
					"storedProcedureParameters": {
						"in_desc_txt": {
							"value": "Preparation of download file completed successfully.",
							"type": "String"
						},
						"in_file_actn_id": {
							"value": {
								"value": "@pipeline().parameters.in_file_actn_id",
								"type": "Expression"
							},
							"type": "Int32"
						},
						"in_notif_id": {
							"value": {
								"value": "@variables('l_notif_id')",
								"type": "Expression"
							},
							"type": "Int32"
						},
						"in_notif_user_name": {
							"value": {
								"value": "@pipeline().parameters.in_user_name",
								"type": "Expression"
							},
							"type": "String"
						},
						"in_parnt_comp_exctn_id": {
							"value": {
								"value": "@pipeline().parameters.in_parnt_comp_exctn_id",
								"type": "Expression"
							},
							"type": "Int32"
						},
						"in_sttus_txt": {
							"value": "COMPLETED",
							"type": "String"
						},
						"in_user_name": {
							"value": {
								"value": "@pipeline().parameters.in_user_name",
								"type": "Expression"
							},
							"type": "String"
						},
						"out_notif_id": {
							"value": null,
							"type": "Int32"
						}
					}
				},
				"linkedServiceName": {
					"referenceName": "LS_SQLDatabase",
					"type": "LinkedServiceReference",
					"parameters": {
						"in_key_vault_name": {
							"value": "@pipeline().globalParameters.globl_key_vault_name",
							"type": "Expression"
						}
					}
				}
			},
			{
				"name": "CloseParentComponentExecutionSuccess",
				"type": "SqlServerStoredProcedure",
				"dependsOn": [
					{
						"activity": "CloseFileActionSuccess",
						"dependencyConditions": [
							"Succeeded"
						]
					}
				],
				"policy": {
					"timeout": "7.00:00:00",
					"retry": 0,
					"retryIntervalInSeconds": 30,
					"secureOutput": false,
					"secureInput": false
				},
				"userProperties": [],
				"typeProperties": {
					"storedProcedureName": "[md].[pro_comp_exctn_close]",
					"storedProcedureParameters": {
						"in_comp_exctn_id": {
							"value": {
								"value": "@pipeline().parameters.in_parnt_comp_exctn_id",
								"type": "Expression"
							},
							"type": "Int32"
						},
						"in_sttus_code": {
							"value": "C",
							"type": "String"
						},
						"in_err_msg_txt": {
							"value": null,
							"type": "String"
						}
					}
				},
				"linkedServiceName": {
					"referenceName": "LS_SQLDatabase",
					"type": "LinkedServiceReference",
					"parameters": {
						"in_key_vault_name": {
							"value": "@pipeline().globalParameters.globl_key_vault_name",
							"type": "Expression"
						}
					}
				}
			},
			{
				"name": "CloseFileActionSuccess",
				"type": "SqlServerStoredProcedure",
				"dependsOn": [
					{
						"activity": "ReadyFileDownload",
						"dependencyConditions": [
							"Succeeded"
						]
					},
					{
						"activity": "CompleteNotification",
						"dependencyConditions": [
							"Succeeded"
						]
					}
				],
				"policy": {
					"timeout": "7.00:00:00",
					"retry": 0,
					"retryIntervalInSeconds": 30,
					"secureOutput": false,
					"secureInput": false
				},
				"userProperties": [],
				"typeProperties": {
					"storedProcedureName": "[main].[pro_file_actn_close]",
					"storedProcedureParameters": {
						"in_parnt_comp_exctn_id": {
							"value": {
								"value": "@pipeline().parameters.in_parnt_comp_exctn_id",
								"type": "Expression"
							},
							"type": "Int32"
						},
						"in_user_name": {
							"value": {
								"value": "@pipeline().parameters.in_user_name",
								"type": "Expression"
							},
							"type": "String"
						},
						"in_file_actn_id": {
							"value": {
								"value": "@pipeline().parameters.in_file_actn_id",
								"type": "Expression"
							},
							"type": "Int32"
						},
						"in_sttus_code": {
							"value": "C",
							"type": "String"
						}
					}
				},
				"linkedServiceName": {
					"referenceName": "LS_SQLDatabase",
					"type": "LinkedServiceReference",
					"parameters": {
						"in_key_vault_name": {
							"value": "@pipeline().globalParameters.globl_key_vault_name",
							"type": "Expression"
						}
					}
				}
			},
			{
				"name": "CloseFileActionFail",
				"type": "SqlServerStoredProcedure",
				"dependsOn": [
					{
						"activity": "ReadyFileDownload",
						"dependencyConditions": [
							"Failed",
							"Skipped"
						]
					},
					{
						"activity": "CompleteNotification",
						"dependencyConditions": [
							"Failed",
							"Skipped"
						]
					}
				],
				"policy": {
					"timeout": "7.00:00:00",
					"retry": 0,
					"retryIntervalInSeconds": 30,
					"secureOutput": false,
					"secureInput": false
				},
				"userProperties": [],
				"typeProperties": {
					"storedProcedureName": "[main].[pro_file_actn_close]",
					"storedProcedureParameters": {
						"in_parnt_comp_exctn_id": {
							"value": {
								"value": "@pipeline().parameters.in_parnt_comp_exctn_id",
								"type": "Expression"
							},
							"type": "Int32"
						},
						"in_user_name": {
							"value": {
								"value": "@pipeline().parameters.in_user_name",
								"type": "Expression"
							},
							"type": "String"
						},
						"in_file_actn_id": {
							"value": {
								"value": "@pipeline().parameters.in_file_actn_id",
								"type": "Expression"
							},
							"type": "Int32"
						},
						"in_sttus_code": {
							"value": "F",
							"type": "String"
						}
					}
				},
				"linkedServiceName": {
					"referenceName": "LS_SQLDatabase",
					"type": "LinkedServiceReference",
					"parameters": {
						"in_key_vault_name": {
							"value": "@pipeline().globalParameters.globl_key_vault_name",
							"type": "Expression"
						}
					}
				}
			},
			{
				"name": "FileConverter",
				"type": "ExecutePipeline",
				"dependsOn": [
					{
						"activity": "DumpDBTableIntoFile",
						"dependencyConditions": [
							"Succeeded"
						]
					},
					{
						"activity": "GetConverterUrl",
						"dependencyConditions": [
							"Succeeded"
						]
					},
					{
						"activity": "Modify the Converter param",
						"dependencyConditions": [
							"Succeeded"
						]
					}
				],
				"userProperties": [],
				"typeProperties": {
					"pipeline": {
						"referenceName": "fl-FileConverter",
						"type": "PipelineReference"
					},
					"waitOnCompletion": true,
					"parameters": {
						"in_converter_param_json": {
							"value": "@variables('conv_param')",
							"type": "Expression"
						},
						"in_converter_base_url": {
							"value": "@activity('GetConverterUrl').output.value",
							"type": "Expression"
						}
					}
				}
			},
			{
				"name": "GetConverterUrl",
				"type": "WebActivity",
				"dependsOn": [],
				"policy": {
					"timeout": "0.00:02:00",
					"retry": 0,
					"retryIntervalInSeconds": 30,
					"secureOutput": true,
					"secureInput": false
				},
				"userProperties": [],
				"typeProperties": {
					"url": {
						"value": "@concat(\n'https://'\n,pipeline().globalParameters.globl_key_vault_name\n,'.vault.azure.net/secrets/'\n,'cngc-excel-converter-url'\n,'?'\n,pipeline().globalParameters.globl_key_vault_url_api_vers\n)",
						"type": "Expression"
					},
					"method": "GET",
					"authentication": {
						"type": "MSI",
						"resource": "https://vault.azure.net"
					}
				}
			},
			{
				"name": "Check if File is in Scope",
				"type": "Lookup",
				"dependsOn": [
					{
						"activity": "Get File Name",
						"dependencyConditions": [
							"Succeeded"
						]
					}
				],
				"policy": {
					"timeout": "0.12:00:00",
					"retry": 0,
					"retryIntervalInSeconds": 30,
					"secureOutput": false,
					"secureInput": false
				},
				"userProperties": [],
				"typeProperties": {
					"source": {
						"type": "AzureSqlSource",
						"sqlReaderQuery": {
							"value": "select \n\tcase \n\t\twhen f.file_name = 'SD Customer Direct Actuals Abs.' then 'true'\n\t\twhen f.file_name = 'SD Customer Direct Actuals Perc.' then 'true'\n\t\twhen f.file_name = 'SD Customer Indirect Actuals Abs.' then 'true'\n\t\twhen f.file_name = 'SD Customer Indirect Actuals Perc.' then 'true'\n\t\twhen f.file_name = 'SD National Direct Actuals Abs.' then 'true'\n\t\twhen f.file_name = 'SD National Direct Actuals Perc.' then 'true'\n\t\twhen f.file_name = 'SD National Direct Forecast Perc.' then 'true'\n\t\twhen f.file_name = 'SD National Indirect Actuals Abs.' then 'true'\n\t\twhen f.file_name = 'SD Regional Direct Actuals Perc.' then 'true'\n\t\twhen f.file_name = 'SD Regional Direct Forecast Perc.' then 'true'\n\t\twhen f.file_name = 'TT Direct Actuals Abs.' then 'true'\n\t\twhen f.file_name = 'TT Direct Actuals Perc.' then 'true'\n\t\twhen f.file_name = 'TT Direct Forecast Perc.' then 'true'\n\t\twhen f.file_name = 'TT Indirect Actuals Perc.' then 'true'\n\t\twhen f.file_name = 'Customer Manual Input - LA' then 'true'\n\t\twhen f.file_name = 'FMR Inputs' then 'true'\n\t\telse 'false'\n\tend as fileflag\n\tfrom (select '@{activity('Get File Name').output.firstRow.file_name}' as file_name) f",
							"type": "Expression"
						},
						"queryTimeout": "02:00:00",
						"partitionOption": "None"
					},
					"dataset": {
						"referenceName": "DS_DbGeneric",
						"type": "DatasetReference",
						"parameters": {
							"in_schma_name": "..",
							"in_tbl_view": "..",
							"in_key_vault_name": {
								"value": "@pipeline().globalParameters.globl_key_vault_name",
								"type": "Expression"
							}
						}
					}
				}
			},
			{
				"name": "Check if Month is FY Start",
				"type": "Lookup",
				"dependsOn": [
					{
						"activity": "Get File Name",
						"dependencyConditions": [
							"Succeeded"
						]
					}
				],
				"policy": {
					"timeout": "0.12:00:00",
					"retry": 0,
					"retryIntervalInSeconds": 30,
					"secureOutput": false,
					"secureInput": false
				},
				"userProperties": [],
				"typeProperties": {
					"source": {
						"type": "AzureSqlSource",
						"sqlReaderQuery": {
							"value": "select f.dateflag dateflag from (select \n\tcase \n\t\twhen cast(month(CURRENT_TIMESTAMP) as int) = 9 then 'false'\n\t\twhen cast(month(CURRENT_TIMESTAMP) as int) = 8 then 'false'\n\t\telse 'true'\n\tend as dateflag) f",
							"type": "Expression"
						},
						"queryTimeout": "02:00:00",
						"partitionOption": "None"
					},
					"dataset": {
						"referenceName": "DS_DbGeneric",
						"type": "DatasetReference",
						"parameters": {
							"in_schma_name": "..",
							"in_tbl_view": "..",
							"in_key_vault_name": {
								"value": "@pipeline().globalParameters.globl_key_vault_name",
								"type": "Expression"
							}
						}
					}
				}
			},
			{
				"name": "Modify the Converter param",
				"type": "SetVariable",
				"dependsOn": [
					{
						"activity": "Check if File is in Scope",
						"dependencyConditions": [
							"Succeeded"
						]
					},
					{
						"activity": "Check if Month is FY Start",
						"dependencyConditions": [
							"Succeeded"
						]
					}
				],
				"userProperties": [],
				"typeProperties": {
					"variableName": "conv_param",
					"value": {
						"value": "@replace(string(pipeline().parameters.in_converter_param_json),']',concat(\n    '],',\n    '\"isAdmin\"',   ':',    '\"', pipeline().parameters.is_Admin,'\", ' , \n    '\"monthFlag\"', ':',    activity('Check if Month is FY Start').output.firstRow.dateflag, ', ' ,\n    '\"inScope\"',   ':',    activity('Check if File is in Scope').output.firstRow.fileflag\n    \n    )\n)",
						"type": "Expression"
					}
				}
			},
			{
				"name": "Get File Name",
				"type": "Lookup",
				"dependsOn": [],
				"policy": {
					"timeout": "0.12:00:00",
					"retry": 0,
					"retryIntervalInSeconds": 30,
					"secureOutput": false,
					"secureInput": false
				},
				"userProperties": [],
				"typeProperties": {
					"source": {
						"type": "AzureSqlSource",
						"sqlReaderQuery": {
							"value": "select x.file_name from md.file_dfntn_vers_prc_vw x\ninner join md.scope_prc_vw y on x.file_dfntn_vers_id = y.file_dfntn_vers_id\nwhere y.scope_id = '@{pipeline().parameters.in_scope_id}'",
							"type": "Expression"
						},
						"queryTimeout": "02:00:00",
						"partitionOption": "None"
					},
					"dataset": {
						"referenceName": "DS_DbGeneric",
						"type": "DatasetReference",
						"parameters": {
							"in_schma_name": "..",
							"in_tbl_view": "..",
							"in_key_vault_name": {
								"value": "@pipeline().globalParameters.globl_key_vault_name",
								"type": "Expression"
							}
						}
					}
				}
			}
		],
		"parameters": {
			"in_parnt_comp_exctn_id": {
				"type": "int",
				"defaultValue": 0
			},
			"in_user_name": {
				"type": "string"
			},
			"in_scope_id": {
				"type": "int"
			},
			"in_filtr_json_txt": {
				"type": "string"
			},
			"in_qry_txt": {
				"type": "string"
			},
			"in_phys_file_name": {
				"type": "string"
			},
			"in_converter_param_json": {
				"type": "string"
			},
			"in_file_actn_id": {
				"type": "int"
			},
			"in_file_dwnld_id": {
				"type": "int"
			},
			"is_Admin": {
				"type": "string"
			}
		},
		"variables": {
			"l_notif_id": {
				"type": "String"
			},
			"l_pipeline_params": {
				"type": "String"
			},
			"conv_param": {
				"type": "String"
			}
		},
		"folder": {
			"name": "File"
		},
		"annotations": [],
		"lastPublishTime": "2021-10-27T10:53:03Z"
	},
	"type": "Microsoft.DataFactory/factories/pipelines"
}