{
	"name": "fl-FileDownload",
	"properties": {
		"activities": [
			{
				"name": "CreateFileAction",
				"type": "Lookup",
				"dependsOn": [
					{
						"activity": "SetOutComponentExecutionId",
						"dependencyConditions": [
							"Succeeded"
						]
					}
				],
				"policy": {
					"timeout": "7.00:00:00",
					"retry": 0,
					"retryIntervalInSeconds": 30,
					"secureOutput": false,
					"secureInput": false
				},
				"userProperties": [],
				"typeProperties": {
					"source": {
						"type": "AzureSqlSource",
						"sqlReaderStoredProcedureName": "[main].[pro_file_actn_open]",
						"storedProcedureParameters": {
							"in_file_actn_type_code": {
								"type": "String",
								"value": "D"
							},
							"in_parnt_comp_exctn_id": {
								"type": "Int32",
								"value": {
									"value": "@int(variables('l_comp_exctn_id'))",
									"type": "Expression"
								}
							},
							"in_scope_id": {
								"type": "Int32",
								"value": {
									"value": "@pipeline().parameters.in_scope_id",
									"type": "Expression"
								}
							},
							"in_user_name": {
								"type": "String",
								"value": {
									"value": "@pipeline().parameters.in_user_name",
									"type": "Expression"
								}
							},
							"out_file_actn_id": {
								"type": "Int32",
								"value": null
							}
						},
						"queryTimeout": "02:00:00",
						"partitionOption": "None"
					},
					"dataset": {
						"referenceName": "DS_DbSchemaMain",
						"type": "DatasetReference",
						"parameters": {
							"in_tbl_view": "..",
							"in_key_vault_name": {
								"value": "@pipeline().globalParameters.globl_key_vault_name",
								"type": "Expression"
							}
						}
					},
					"firstRowOnly": true
				}
			},
			{
				"name": "CreateFileDownload",
				"type": "Lookup",
				"dependsOn": [
					{
						"activity": "GetDisplayFileName",
						"dependencyConditions": [
							"Succeeded"
						]
					},
					{
						"activity": "SetOutputFileName",
						"dependencyConditions": [
							"Succeeded"
						]
					}
				],
				"policy": {
					"timeout": "7.00:00:00",
					"retry": 0,
					"retryIntervalInSeconds": 30,
					"secureOutput": false,
					"secureInput": false
				},
				"userProperties": [],
				"typeProperties": {
					"source": {
						"type": "AzureSqlSource",
						"sqlReaderStoredProcedureName": "[main].[pro_file_dwnld_creat]",
						"storedProcedureParameters": {
							"in_disp_file_name": {
								"type": "String",
								"value": {
									"value": "@activity('GetDisplayFileName').output.firstRow.disp_file_name",
									"type": "Expression"
								}
							},
							"in_parnt_comp_exctn_id": {
								"type": "Int32",
								"value": {
									"value": "@int(variables('l_comp_exctn_id'))",
									"type": "Expression"
								}
							},
							"in_user_name": {
								"type": "String",
								"value": {
									"value": "@pipeline().parameters.in_user_name",
									"type": "Expression"
								}
							},
							"in_orig_file_name": {
								"type": "String",
								"value": {
									"value": "@variables('l_out_file_name')",
									"type": "Expression"
								}
							},
							"out_file_dwnld_id": {
								"type": "Int32",
								"value": null
							}
						},
						"queryTimeout": "02:00:00",
						"partitionOption": "None"
					},
					"dataset": {
						"referenceName": "DS_DbSchemaMain",
						"type": "DatasetReference",
						"parameters": {
							"in_tbl_view": "..",
							"in_key_vault_name": {
								"value": "@pipeline().globalParameters.globl_key_vault_name",
								"type": "Expression"
							}
						}
					},
					"firstRowOnly": true
				}
			},
			{
				"name": "OpenComponentExecution",
				"type": "Lookup",
				"dependsOn": [
					{
						"activity": "GetSecretValueInboundStorageAccountName",
						"dependencyConditions": [
							"Succeeded"
						]
					}
				],
				"policy": {
					"timeout": "7.00:00:00",
					"retry": 1,
					"retryIntervalInSeconds": 30,
					"secureOutput": false,
					"secureInput": false
				},
				"userProperties": [],
				"typeProperties": {
					"source": {
						"type": "AzureSqlSource",
						"sqlReaderStoredProcedureName": "[md].[pro_comp_exctn_open]",
						"storedProcedureParameters": {
							"in_adf_pipln_run_id": {
								"type": "String",
								"value": {
									"value": "@pipeline().RunId",
									"type": "Expression"
								}
							},
							"in_param_json_txt": {
								"type": "String",
								"value": {
									"value": "@concat('{'\n,'\"in_scope_id\": \"', string(pipeline().parameters.in_scope_id),'\",'\n,'\"in_filtr_json_txt\": \"', string(pipeline().parameters.in_filtr_json_txt),'\"'\n,'}')",
									"type": "Expression"
								}
							},
							"in_parnt_comp_exctn_id": {
								"type": "Int32",
								"value": null
							},
							"in_scope_id": {
								"type": "Int32",
								"value": null
							},
							"in_user_name": {
								"type": "String",
								"value": {
									"value": "@pipeline().parameters.in_user_name",
									"type": "Expression"
								}
							},
							"out_comp_exctn_id": {
								"type": "Int32",
								"value": null
							},
							"out_param_json_txt": {
								"type": "String",
								"value": null
							},
							"in_adf_pipln_name": {
								"type": "String",
								"value": {
									"value": "@pipeline().Pipeline",
									"type": "Expression"
								}
							}
						},
						"queryTimeout": "02:00:00",
						"partitionOption": "None"
					},
					"dataset": {
						"referenceName": "DS_DbGeneric",
						"type": "DatasetReference",
						"parameters": {
							"in_schma_name": "..",
							"in_tbl_view": "..",
							"in_key_vault_name": {
								"value": "@pipeline().globalParameters.globl_key_vault_name",
								"type": "Expression"
							}
						}
					},
					"firstRowOnly": true
				}
			},
			{
				"name": "SetOutComponentExecutionId",
				"type": "SetVariable",
				"dependsOn": [
					{
						"activity": "OpenComponentExecution",
						"dependencyConditions": [
							"Succeeded"
						]
					}
				],
				"userProperties": [],
				"typeProperties": {
					"variableName": "l_comp_exctn_id",
					"value": {
						"value": "@string(activity('OpenComponentExecution').output.firstRow.out_comp_exctn_id)",
						"type": "Expression"
					}
				}
			},
			{
				"name": "CloseComponentExecutionFailed",
				"type": "SqlServerStoredProcedure",
				"dependsOn": [
					{
						"activity": "Copy JSON parameters to Blob",
						"dependencyConditions": [
							"Failed",
							"Skipped"
						]
					}
				],
				"policy": {
					"timeout": "7.00:00:00",
					"retry": 0,
					"retryIntervalInSeconds": 30,
					"secureOutput": false,
					"secureInput": false
				},
				"userProperties": [],
				"typeProperties": {
					"storedProcedureName": "[md].[pro_comp_exctn_close]",
					"storedProcedureParameters": {
						"in_comp_exctn_id": {
							"value": {
								"value": "@int(variables('l_comp_exctn_id'))",
								"type": "Expression"
							},
							"type": "Int32"
						},
						"in_sttus_code": {
							"value": "F",
							"type": "String"
						},
						"in_err_msg_txt": {
							"value": {
								"value": "@concat(pipeline().Pipeline, ' failed.')",
								"type": "Expression"
							},
							"type": "String"
						}
					}
				},
				"linkedServiceName": {
					"referenceName": "LS_SQLDatabase",
					"type": "LinkedServiceReference",
					"parameters": {
						"in_key_vault_name": {
							"value": "@pipeline().globalParameters.globl_key_vault_name",
							"type": "Expression"
						}
					}
				}
			},
			{
				"name": "SetFileActionId",
				"type": "SetVariable",
				"dependsOn": [
					{
						"activity": "CreateFileAction",
						"dependencyConditions": [
							"Succeeded"
						]
					}
				],
				"userProperties": [],
				"typeProperties": {
					"variableName": "l_file_actn_id",
					"value": {
						"value": "@string(activity('CreateFileAction').output.firstRow.out_file_actn_id)",
						"type": "Expression"
					}
				}
			},
			{
				"name": "GetFileVersion",
				"type": "Lookup",
				"dependsOn": [],
				"policy": {
					"timeout": "7.00:00:00",
					"retry": 0,
					"retryIntervalInSeconds": 30,
					"secureOutput": false,
					"secureInput": false
				},
				"userProperties": [],
				"typeProperties": {
					"source": {
						"type": "AzureSqlSource",
						"sqlReaderQuery": {
							"value": "@concat(\n'SELECT s.file_dfntn_vers_id, f.work_vw_name\nFROM md.scope_prc_vw s\nJOIN md.file_dfntn_vers_prc_vw f\nON f.file_dfntn_vers_id = s.file_dfntn_vers_id\nWHERE s.scope_id = '\n,string(pipeline().parameters.in_scope_id))",
							"type": "Expression"
						},
						"queryTimeout": "02:00:00",
						"partitionOption": "None"
					},
					"dataset": {
						"referenceName": "DS_DbSchemaModule",
						"type": "DatasetReference",
						"parameters": {
							"in_tbl_view": "..",
							"in_key_vault_name": {
								"value": "@pipeline().globalParameters.globl_key_vault_name",
								"type": "Expression"
							}
						}
					},
					"firstRowOnly": true
				}
			},
			{
				"name": "GetDisplayFileName",
				"type": "Lookup",
				"dependsOn": [],
				"policy": {
					"timeout": "7.00:00:00",
					"retry": 0,
					"retryIntervalInSeconds": 30,
					"secureOutput": false,
					"secureInput": false
				},
				"userProperties": [],
				"typeProperties": {
					"source": {
						"type": "AzureSqlSource",
						"sqlReaderQuery": {
							"value": "select CONCAT(replace(\n\t\t\t\treplace(\n\t\t\t\t\treplace(\n\t\t\t\t\t\treplace(scope_name,' - ','_')\n\t\t\t\t\t\t,' ','-')\n\t\t\t\t\t,'/','-')\n\t\t\t\t,'\\','-')\n\t\t\t,'.xlsx') disp_file_name\nfrom md.scope_prc_vw\nwhere scope_id = @{pipeline().parameters.in_scope_id}",
							"type": "Expression"
						},
						"queryTimeout": "02:00:00",
						"partitionOption": "None"
					},
					"dataset": {
						"referenceName": "DS_DbGeneric",
						"type": "DatasetReference",
						"parameters": {
							"in_schma_name": "md",
							"in_tbl_view": "file_actn_plc_vw",
							"in_key_vault_name": {
								"value": "@pipeline().globalParameters.globl_key_vault_name",
								"type": "Expression"
							}
						}
					},
					"firstRowOnly": true
				}
			},
			{
				"name": "CreateInProgressNotification",
				"type": "Lookup",
				"dependsOn": [
					{
						"activity": "SetFileActionId",
						"dependencyConditions": [
							"Succeeded"
						]
					}
				],
				"policy": {
					"timeout": "7.00:00:00",
					"retry": 0,
					"retryIntervalInSeconds": 30,
					"secureOutput": false,
					"secureInput": false
				},
				"userProperties": [],
				"typeProperties": {
					"source": {
						"type": "AzureSqlSource",
						"sqlReaderStoredProcedureName": "[md].[pro_notif_upsrt]",
						"storedProcedureParameters": {
							"in_parnt_comp_exctn_id": {
								"type": "Int32",
								"value": {
									"value": "@variables('l_comp_exctn_id')",
									"type": "Expression"
								}
							},
							"in_user_name": {
								"type": "String",
								"value": {
									"value": "@pipeline().parameters.in_user_name",
									"type": "Expression"
								}
							},
							"in_notif_id": {
								"type": "Int32",
								"value": null
							},
							"in_file_actn_id": {
								"type": "Int32",
								"value": {
									"value": "@variables('l_file_actn_id')",
									"type": "Expression"
								}
							},
							"in_notif_user_name": {
								"type": "String",
								"value": {
									"value": "@pipeline().parameters.in_user_name",
									"type": "Expression"
								}
							},
							"in_sttus_txt": {
								"type": "String",
								"value": "PROCESSING"
							},
							"in_desc_txt": {
								"type": "String",
								"value": {
									"value": "Preparation of download in progress.",
									"type": "Expression"
								}
							},
							"out_notif_id": {
								"type": "Int32",
								"value": null
							}
						},
						"queryTimeout": "02:00:00",
						"partitionOption": "None"
					},
					"dataset": {
						"referenceName": "DS_DbSchemaMain",
						"type": "DatasetReference",
						"parameters": {
							"in_tbl_view": "..",
							"in_key_vault_name": {
								"value": "@pipeline().globalParameters.globl_key_vault_name",
								"type": "Expression"
							}
						}
					}
				}
			},
			{
				"name": "CreateFailNotification",
				"type": "Lookup",
				"dependsOn": [
					{
						"activity": "Copy JSON parameters to Blob",
						"dependencyConditions": [
							"Failed",
							"Skipped"
						]
					},
					{
						"activity": "SetNotifID",
						"dependencyConditions": [
							"Succeeded"
						]
					}
				],
				"policy": {
					"timeout": "7.00:00:00",
					"retry": 0,
					"retryIntervalInSeconds": 30,
					"secureOutput": false,
					"secureInput": false
				},
				"userProperties": [],
				"typeProperties": {
					"source": {
						"type": "AzureSqlSource",
						"sqlReaderStoredProcedureName": "[md].[pro_notif_upsrt]",
						"storedProcedureParameters": {
							"in_parnt_comp_exctn_id": {
								"type": "Int32",
								"value": {
									"value": "@int(variables('l_comp_exctn_id'))",
									"type": "Expression"
								}
							},
							"in_user_name": {
								"type": "String",
								"value": {
									"value": "@pipeline().parameters.in_user_name",
									"type": "Expression"
								}
							},
							"in_notif_id": {
								"type": "Int32",
								"value": {
									"value": "@activity('CreateInProgressNotification').output.firstRow.out_notif_id",
									"type": "Expression"
								}
							},
							"in_file_actn_id": {
								"type": "Int32",
								"value": {
									"value": "@int(variables('l_file_actn_id'))",
									"type": "Expression"
								}
							},
							"in_notif_user_name": {
								"type": "String",
								"value": {
									"value": "@pipeline().parameters.in_user_name",
									"type": "Expression"
								}
							},
							"in_sttus_txt": {
								"type": "String",
								"value": "FAILED"
							},
							"in_desc_txt": {
								"type": "String",
								"value": {
									"value": "Preparation of download failed.",
									"type": "Expression"
								}
							},
							"out_notif_id": {
								"type": "Int32",
								"value": "1"
							}
						},
						"queryTimeout": "02:00:00",
						"partitionOption": "None"
					},
					"dataset": {
						"referenceName": "DS_DbSchemaMain",
						"type": "DatasetReference",
						"parameters": {
							"in_tbl_view": "..",
							"in_key_vault_name": {
								"value": "@pipeline().globalParameters.globl_key_vault_name",
								"type": "Expression"
							}
						}
					}
				}
			},
			{
				"name": "UpdateFileDwnldIdinFileActnPlc",
				"type": "Lookup",
				"dependsOn": [
					{
						"activity": "SetFileDownloadID",
						"dependencyConditions": [
							"Succeeded"
						]
					}
				],
				"policy": {
					"timeout": "7.00:00:00",
					"retry": 0,
					"retryIntervalInSeconds": 30,
					"secureOutput": false,
					"secureInput": false
				},
				"userProperties": [],
				"typeProperties": {
					"source": {
						"type": "AzureSqlSource",
						"sqlReaderQuery": {
							"value": "@concat('UPDATE md.file_actn_plc ',\n' set file_dwnld_id = ',string(variables('l_file_dwnld_id')),\n' where file_actn_id = ',string(variables('l_file_actn_id')),'; ',\n'SELECT 1 success')",
							"type": "Expression"
						},
						"queryTimeout": "02:00:00",
						"partitionOption": "None"
					},
					"dataset": {
						"referenceName": "DS_DbGeneric",
						"type": "DatasetReference",
						"parameters": {
							"in_schma_name": "..",
							"in_tbl_view": "..",
							"in_key_vault_name": {
								"value": "@pipeline().globalParameters.globl_key_vault_name",
								"type": "Expression"
							}
						}
					}
				}
			},
			{
				"name": "CreateSqlFilterFromJson",
				"type": "Lookup",
				"dependsOn": [
					{
						"activity": "SetFileVersionId",
						"dependencyConditions": [
							"Succeeded"
						]
					},
					{
						"activity": "SetOutComponentExecutionId",
						"dependencyConditions": [
							"Succeeded"
						]
					}
				],
				"policy": {
					"timeout": "7.00:00:00",
					"retry": 0,
					"retryIntervalInSeconds": 30,
					"secureOutput": false,
					"secureInput": false
				},
				"userProperties": [],
				"typeProperties": {
					"source": {
						"type": "AzureSqlSource",
						"sqlReaderStoredProcedureName": "[main].[pro_file_filtr_to_sql]",
						"storedProcedureParameters": {
							"in_filtr_json_txt": {
								"type": "String",
								"value": {
									"value": "@pipeline().parameters.in_filtr_json_txt",
									"type": "Expression"
								}
							},
							"in_parnt_comp_exctn_id": {
								"type": "Int32",
								"value": {
									"value": "@int(variables('l_comp_exctn_id'))",
									"type": "Expression"
								}
							},
							"in_scope_id": {
								"type": "Int32",
								"value": {
									"value": "@pipeline().parameters.in_scope_id",
									"type": "Expression"
								}
							},
							"in_user_name": {
								"type": "String",
								"value": {
									"value": "@pipeline().parameters.in_user_name",
									"type": "Expression"
								}
							},
							"out_filtr_sql_txt": {
								"type": "String",
								"value": null
							},
							"out_ordr_sql_txt": {
								"type": "String",
								"value": null
							}
						},
						"queryTimeout": "02:00:00",
						"partitionOption": "None"
					},
					"dataset": {
						"referenceName": "DS_DbGeneric",
						"type": "DatasetReference",
						"parameters": {
							"in_schma_name": "..",
							"in_tbl_view": "..",
							"in_key_vault_name": {
								"value": "@pipeline().globalParameters.globl_key_vault_name",
								"type": "Expression"
							}
						}
					},
					"firstRowOnly": true
				}
			},
			{
				"name": "SetFileDownloadID",
				"type": "SetVariable",
				"dependsOn": [
					{
						"activity": "CreateFileDownload",
						"dependencyConditions": [
							"Succeeded"
						]
					}
				],
				"userProperties": [],
				"typeProperties": {
					"variableName": "l_file_dwnld_id",
					"value": {
						"value": "@string(activity('CreateFileDownload').output.firstRow.out_file_dwnld_id)",
						"type": "Expression"
					}
				}
			},
			{
				"name": "Set l_json_param",
				"type": "SetVariable",
				"dependsOn": [
					{
						"activity": "SetPipelineParams",
						"dependencyConditions": [
							"Succeeded"
						]
					},
					{
						"activity": "SetConverterRequestBody",
						"dependencyConditions": [
							"Succeeded"
						]
					}
				],
				"userProperties": [],
				"typeProperties": {
					"variableName": "l_json_param",
					"value": {
						"value": "{\"pipelineParameters\":\"@{replace(variables('l_pipeline_params'),'\"','\\\"')}\", \"requestBody\":@{replace(variables('l_request_body'),'\\\\','')}, \"outputFolder\":\"filedownload\"}",
						"type": "Expression"
					}
				}
			},
			{
				"name": "Copy JSON parameters to Blob",
				"type": "Copy",
				"dependsOn": [
					{
						"activity": "Set l_json_param",
						"dependencyConditions": [
							"Succeeded"
						]
					},
					{
						"activity": "DumpDBTableIntoFile",
						"dependencyConditions": [
							"Succeeded"
						]
					}
				],
				"policy": {
					"timeout": "7.00:00:00",
					"retry": 0,
					"retryIntervalInSeconds": 30,
					"secureOutput": false,
					"secureInput": false
				},
				"userProperties": [],
				"typeProperties": {
					"source": {
						"type": "DelimitedTextSource",
						"additionalColumns": [
							{
								"name": "mycolumn",
								"value": {
									"value": "@variables('l_json_param')",
									"type": "Expression"
								}
							}
						],
						"storeSettings": {
							"type": "AzureBlobFSReadSettings",
							"recursive": true,
							"enablePartitionDiscovery": false
						},
						"formatSettings": {
							"type": "DelimitedTextReadSettings"
						}
					},
					"sink": {
						"type": "DelimitedTextSink",
						"storeSettings": {
							"type": "AzureBlobFSWriteSettings",
							"copyBehavior": "PreserveHierarchy"
						},
						"formatSettings": {
							"type": "DelimitedTextWriteSettings",
							"quoteAllText": true,
							"fileExtension": ".txt"
						}
					},
					"enableStaging": false,
					"translator": {
						"type": "TabularTranslator",
						"mappings": [
							{
								"source": {
									"name": "mycolumn",
									"type": "String"
								},
								"sink": {
									"type": "String",
									"physicalType": "String",
									"ordinal": 1
								}
							}
						],
						"typeConversion": true,
						"typeConversionSettings": {
							"allowDataTruncation": true,
							"treatBooleanAsNumber": false
						}
					}
				},
				"inputs": [
					{
						"referenceName": "DS_General",
						"type": "DatasetReference",
						"parameters": {
							"in_cntnr_name_txt": "converter-input",
							"in_path_txt": "input",
							"in_file_name_txt": "template-dont-delete.txt",
							"in_storg_acct_name": {
								"value": "@activity('GetSecretValueInboundStorageAccountName').output.value",
								"type": "Expression"
							}
						}
					}
				],
				"outputs": [
					{
						"referenceName": "DS_General",
						"type": "DatasetReference",
						"parameters": {
							"in_cntnr_name_txt": "converter-input",
							"in_path_txt": "json/input",
							"in_file_name_txt": {
								"value": "@{variables('l_phys_file_name')}.json",
								"type": "Expression"
							},
							"in_storg_acct_name": {
								"value": "@activity('GetSecretValueInboundStorageAccountName').output.value",
								"type": "Expression"
							}
						}
					}
				]
			},
			{
				"name": "Fail1",
				"type": "Fail",
				"dependsOn": [
					{
						"activity": "CloseComponentExecutionFailed",
						"dependencyConditions": [
							"Completed"
						]
					}
				],
				"userProperties": [],
				"typeProperties": {
					"message": {
						"value": "@CONCAT('Error with ',pipeline().Pipeline,' Pipeline')",
						"type": "Expression"
					},
					"errorCode": "500"
				}
			},
			{
				"name": "SetPhysFileName",
				"type": "SetVariable",
				"dependsOn": [
					{
						"activity": "SetOutputFileName",
						"dependencyConditions": [
							"Succeeded"
						]
					}
				],
				"userProperties": [],
				"typeProperties": {
					"variableName": "l_phys_file_name",
					"value": {
						"value": "@replace(replace(variables('l_out_file_name'),'output/',''),'.xlsx','')",
						"type": "Expression"
					}
				}
			},
			{
				"name": "SetNotifID",
				"type": "SetVariable",
				"dependsOn": [
					{
						"activity": "CreateInProgressNotification",
						"dependencyConditions": [
							"Succeeded"
						]
					}
				],
				"userProperties": [],
				"typeProperties": {
					"variableName": "l_notif_id",
					"value": {
						"value": "@string(activity('CreateInProgressNotification').output.firstRow.out_notif_id)",
						"type": "Expression"
					}
				}
			},
			{
				"name": "SetFileVersionId",
				"type": "SetVariable",
				"dependsOn": [
					{
						"activity": "GetFileVersion",
						"dependencyConditions": [
							"Succeeded"
						]
					}
				],
				"userProperties": [],
				"typeProperties": {
					"variableName": "l_file_vers_id",
					"value": {
						"value": "@string(activity('GetFileVersion').output.firstRow.file_dfntn_vers_id)",
						"type": "Expression"
					}
				}
			},
			{
				"name": "PrepareXLSXParameters",
				"type": "Lookup",
				"dependsOn": [
					{
						"activity": "SetFileActionId",
						"dependencyConditions": [
							"Succeeded"
						]
					},
					{
						"activity": "SetFileVersionId",
						"dependencyConditions": [
							"Succeeded"
						]
					}
				],
				"policy": {
					"timeout": "7.00:00:00",
					"retry": 0,
					"retryIntervalInSeconds": 30,
					"secureOutput": false,
					"secureInput": false
				},
				"userProperties": [],
				"typeProperties": {
					"source": {
						"type": "AzureSqlSource",
						"sqlReaderStoredProcedureName": "[main].[pro_file_xlsx_cnvrt_parm_prep]",
						"storedProcedureParameters": {
							"in_cnvrt_type_code": {
								"type": "String",
								"value": {
									"value": "CSV_TO_XLSX",
									"type": "Expression"
								}
							},
							"in_file_actn_id": {
								"type": "Int32",
								"value": {
									"value": "@int(variables('l_file_actn_id'))",
									"type": "Expression"
								}
							},
							"in_file_dfntn_vers_id": {
								"type": "Int32",
								"value": {
									"value": "@int(variables('l_file_vers_id'))",
									"type": "Expression"
								}
							},
							"in_parnt_comp_exctn_id": {
								"type": "Int32",
								"value": {
									"value": "@int(variables('l_comp_exctn_id'))",
									"type": "Expression"
								}
							},
							"in_user_name": {
								"type": "String",
								"value": {
									"value": "@pipeline().parameters.in_user_name",
									"type": "Expression"
								}
							},
							"out_param_json_txt": {
								"type": "String",
								"value": null
							}
						},
						"queryTimeout": "02:00:00",
						"partitionOption": "None"
					},
					"dataset": {
						"referenceName": "DS_DbSchemaMain",
						"type": "DatasetReference",
						"parameters": {
							"in_tbl_view": "..",
							"in_key_vault_name": {
								"value": "@pipeline().globalParameters.globl_key_vault_name",
								"type": "Expression"
							}
						}
					},
					"firstRowOnly": true
				}
			},
			{
				"name": "SetConverterRequestBody",
				"type": "SetVariable",
				"dependsOn": [
					{
						"activity": "SetOutputFileName",
						"dependencyConditions": [
							"Succeeded"
						]
					}
				],
				"userProperties": [],
				"typeProperties": {
					"variableName": "l_request_body",
					"value": {
						"value": "@replace(replace(string(activity('PrepareXLSXParameters').output.firstRow.out_param_json_txt),'\\',''),'''','''''')",
						"type": "Expression"
					}
				}
			},
			{
				"name": "SetPipelineParams",
				"type": "SetVariable",
				"dependsOn": [
					{
						"activity": "SetFileDownloadID",
						"dependencyConditions": [
							"Succeeded"
						]
					},
					{
						"activity": "SetNotifID",
						"dependencyConditions": [
							"Succeeded"
						]
					}
				],
				"userProperties": [],
				"typeProperties": {
					"variableName": "l_pipeline_params",
					"value": {
						"value": "{\"in_parnt_comp_exctn_id\": @{variables('l_comp_exctn_id')}, \"in_file_actn_id\": @{variables('l_file_actn_id')}, \"in_file_dwnld_id\": @{variables('l_file_dwnld_id')}, \"in_notif_id\": @{variables('l_notif_id')}, \"in_scope_id\": @{pipeline().parameters.in_scope_id}, \"in_user_name\":\"@{pipeline().parameters.in_user_name}\", \"in_pip_name\":\"@{pipeline().Pipeline}\"}",
						"type": "Expression"
					}
				}
			},
			{
				"name": "GetSecretValueInboundStorageAccountName",
				"type": "WebActivity",
				"dependsOn": [],
				"policy": {
					"timeout": "0.00:02:00",
					"retry": 0,
					"retryIntervalInSeconds": 30,
					"secureOutput": true,
					"secureInput": false
				},
				"userProperties": [],
				"typeProperties": {
					"url": {
						"value": "@concat(\n'https://'\n,pipeline().globalParameters.globl_key_vault_name\n,'.vault.azure.net/secrets/'\n,'cngc-inbound-storage-account-name'\n,'?'\n,pipeline().globalParameters.globl_key_vault_url_api_vers\n)",
						"type": "Expression"
					},
					"method": "GET",
					"authentication": {
						"type": "MSI",
						"resource": "https://vault.azure.net"
					}
				}
			},
			{
				"name": "LookupColumnList",
				"type": "Lookup",
				"dependsOn": [
					{
						"activity": "SetFileVersionId",
						"dependencyConditions": [
							"Succeeded"
						]
					}
				],
				"policy": {
					"timeout": "7.00:00:00",
					"retry": 0,
					"retryIntervalInSeconds": 30,
					"secureOutput": false,
					"secureInput": false
				},
				"userProperties": [],
				"typeProperties": {
					"source": {
						"type": "AzureSqlSource",
						"sqlReaderQuery": {
							"value": "SELECT STRING_AGG(\n\tCASE \n\t\tWHEN col_type_name = 'TEXT'\n\t\t\tTHEN COL_NAME\n\t\tWHEN col_type_name IN ('DATE','MONTH')\n\t\t\tTHEN CONCAT('FORMAT(',COL_NAME,',''MM/dd/yyyy'') ',COL_NAME)\n\t\tELSE CONCAT('TRY_CONVERT(VARCHAR(MAX),',COL_NAME,') ',COL_NAME)\n\tEND, ',')\n\tWITHIN GROUP (ORDER BY col_num )\n\tas select_col_list\nfrom md.file_dfntn_vers_col_prc_vw\nWHERE file_dfntn_vers_id = @{variables('l_file_vers_id')}\nAND work_vw_ind = 'Y'",
							"type": "Expression"
						},
						"queryTimeout": "02:00:00",
						"partitionOption": "None"
					},
					"dataset": {
						"referenceName": "DS_DbGeneric",
						"type": "DatasetReference",
						"parameters": {
							"in_schma_name": "..",
							"in_tbl_view": "..",
							"in_key_vault_name": {
								"value": "@pipeline().globalParameters.globl_key_vault_name",
								"type": "Expression"
							}
						}
					},
					"firstRowOnly": true
				}
			},
			{
				"name": "SetOutputFileName",
				"type": "SetVariable",
				"dependsOn": [
					{
						"activity": "PrepareXLSXParameters",
						"dependencyConditions": [
							"Succeeded"
						]
					}
				],
				"userProperties": [],
				"typeProperties": {
					"variableName": "l_out_file_name",
					"value": {
						"value": "@string(json(activity('PrepareXLSXParameters').output.firstRow.out_param_json_txt).outputPath)",
						"type": "Expression"
					}
				}
			},
			{
				"name": "SetQueryText",
				"type": "SetVariable",
				"dependsOn": [
					{
						"activity": "LookupColumnList",
						"dependencyConditions": [
							"Succeeded"
						]
					},
					{
						"activity": "SetConditionText",
						"dependencyConditions": [
							"Succeeded"
						]
					},
					{
						"activity": "SetOrderText",
						"dependencyConditions": [
							"Succeeded"
						]
					}
				],
				"userProperties": [],
				"typeProperties": {
					"variableName": "l_qry_txt",
					"value": {
						"value": "SELECT @{activity('LookupColumnList').output.firstRow.select_col_list} \nFROM @{variables('l_schema_txt')}.@{activity('GetFileVersion').output.firstRow.work_vw_name} \n@{variables('l_cond_txt')} \n@{variables('l_ordr_txt')} \n",
						"type": "Expression"
					}
				}
			},
			{
				"name": "DumpDBTableIntoFile",
				"type": "Copy",
				"dependsOn": [
					{
						"activity": "SetQueryText",
						"dependencyConditions": [
							"Succeeded"
						]
					},
					{
						"activity": "SetPhysFileName",
						"dependencyConditions": [
							"Succeeded"
						]
					}
				],
				"policy": {
					"timeout": "7.00:00:00",
					"retry": 1,
					"retryIntervalInSeconds": 30,
					"secureOutput": false,
					"secureInput": false
				},
				"userProperties": [],
				"typeProperties": {
					"source": {
						"type": "AzureSqlSource",
						"sqlReaderQuery": {
							"value": "@variables('l_qry_txt')",
							"type": "Expression"
						},
						"queryTimeout": "02:00:00",
						"partitionOption": "None"
					},
					"sink": {
						"type": "DelimitedTextSink",
						"storeSettings": {
							"type": "AzureBlobFSWriteSettings",
							"copyBehavior": "FlattenHierarchy"
						},
						"formatSettings": {
							"type": "DelimitedTextWriteSettings",
							"quoteAllText": true,
							"fileExtension": ".txt"
						}
					},
					"enableStaging": false
				},
				"inputs": [
					{
						"referenceName": "DS_DbGeneric",
						"type": "DatasetReference",
						"parameters": {
							"in_schma_name": "..",
							"in_tbl_view": "..",
							"in_key_vault_name": {
								"value": "@pipeline().globalParameters.globl_key_vault_name",
								"type": "Expression"
							}
						}
					}
				],
				"outputs": [
					{
						"referenceName": "DS_GenericInternalCsvPipe",
						"type": "DatasetReference",
						"parameters": {
							"in_cntnr_name_txt": {
								"value": "converter-input",
								"type": "Expression"
							},
							"in_path_txt": {
								"value": "input",
								"type": "Expression"
							},
							"in_file_name_txt": {
								"value": "@variables('l_phys_file_name')",
								"type": "Expression"
							},
							"in_storg_acct_name": {
								"value": "@activity('GetSecretValueInboundStorageAccountName').output.value",
								"type": "Expression"
							}
						}
					}
				]
			},
			{
				"name": "SetConditionText",
				"type": "SetVariable",
				"dependsOn": [
					{
						"activity": "CreateSqlFilterFromJson",
						"dependencyConditions": [
							"Succeeded"
						]
					}
				],
				"userProperties": [],
				"typeProperties": {
					"variableName": "l_cond_txt",
					"value": {
						"value": "@if(empty(activity('CreateSqlFilterFromJson').output.firstRow.out_filtr_sql_txt),\n'',\nconcat('WHERE ', replace(trim(activity('CreateSqlFilterFromJson').output.firstRow.out_filtr_sql_txt), 'WHERE', ''))\n)",
						"type": "Expression"
					}
				}
			},
			{
				"name": "SetOrderText",
				"type": "SetVariable",
				"dependsOn": [
					{
						"activity": "CreateSqlFilterFromJson",
						"dependencyConditions": [
							"Succeeded"
						]
					}
				],
				"userProperties": [],
				"typeProperties": {
					"variableName": "l_ordr_txt",
					"value": {
						"value": "@if(empty(activity('CreateSqlFilterFromJson').output.firstRow.out_ordr_sql_txt),\n'',\nconcat('ORDER BY ', replace(trim(activity('CreateSqlFilterFromJson').output.firstRow.out_ordr_sql_txt), 'ORDER BY', ''))\n)",
						"type": "Expression"
					}
				}
			}
		],
		"parameters": {
			"in_parnt_comp_exctn_id": {
				"type": "int",
				"defaultValue": 0
			},
			"in_user_name": {
				"type": "string"
			},
			"in_scope_id": {
				"type": "int"
			},
			"in_filtr_json_txt": {
				"type": "string"
			}
		},
		"variables": {
			"l_comp_exctn_id": {
				"type": "String"
			},
			"l_file_actn_id": {
				"type": "String"
			},
			"l_file_dwnld_id": {
				"type": "String"
			},
			"l_schema_txt": {
				"type": "String",
				"defaultValue": "input"
			},
			"l_json_param": {
				"type": "String"
			},
			"l_notif_id": {
				"type": "String"
			},
			"l_phys_file_name": {
				"type": "String"
			},
			"l_file_vers_id": {
				"type": "String"
			},
			"l_request_body": {
				"type": "String"
			},
			"l_pipeline_params": {
				"type": "String"
			},
			"l_out_file_name": {
				"type": "String"
			},
			"l_qry_txt": {
				"type": "String"
			},
			"l_cond_txt": {
				"type": "String"
			},
			"l_ordr_txt": {
				"type": "String"
			}
		},
		"folder": {
			"name": "File"
		},
		"annotations": [],
		"lastPublishTime": "2021-10-27T10:53:03Z"
	},
	"type": "Microsoft.DataFactory/factories/pipelines"
}