{
	"name": "fl-FileDownloadFollowUp",
	"properties": {
		"activities": [
			{
				"name": "If CSVtoXLSX fail",
				"type": "IfCondition",
				"dependsOn": [
					{
						"activity": "OpenComponentExecution",
						"dependencyConditions": [
							"Succeeded"
						]
					}
				],
				"userProperties": [],
				"typeProperties": {
					"expression": {
						"value": "@equals(activity('GetConfigOutputJson').output.value[0].status,'FAILED')",
						"type": "Expression"
					},
					"ifTrueActivities": [
						{
							"name": "ConverterFail",
							"type": "Fail",
							"dependsOn": [],
							"userProperties": [],
							"typeProperties": {
								"message": {
									"value": "@concat('Error with CSV to XLSX converter: ',\nactivity('GetConfigOutputJson').output.value[0].errors\n)",
									"type": "Expression"
								},
								"errorCode": "9999"
							}
						}
					]
				}
			},
			{
				"name": "ReadyFileDownload",
				"type": "SqlServerStoredProcedure",
				"dependsOn": [
					{
						"activity": "If CSVtoXLSX fail",
						"dependencyConditions": [
							"Succeeded"
						]
					},
					{
						"activity": "SetOutComponentExecutionId",
						"dependencyConditions": [
							"Succeeded"
						]
					}
				],
				"policy": {
					"timeout": "0.00:10:00",
					"retry": 0,
					"retryIntervalInSeconds": 30,
					"secureOutput": false,
					"secureInput": false
				},
				"userProperties": [],
				"typeProperties": {
					"storedProcedureName": "[main].[pro_file_dwnld_ready]",
					"storedProcedureParameters": {
						"in_file_dwnld_id": {
							"value": {
								"value": "@int(variables('l_file_dwnld_id'))",
								"type": "Expression"
							},
							"type": "Int32"
						},
						"in_parnt_comp_exctn_id": {
							"value": {
								"value": "@int(variables('l_comp_exctn_id'))",
								"type": "Expression"
							},
							"type": "Int32"
						},
						"in_user_name": {
							"value": {
								"value": "@variables('l_user_name')",
								"type": "Expression"
							},
							"type": "String"
						}
					}
				},
				"linkedServiceName": {
					"referenceName": "LS_SQLDatabase",
					"type": "LinkedServiceReference",
					"parameters": {
						"in_key_vault_name": {
							"value": "@pipeline().globalParameters.globl_key_vault_name",
							"type": "Expression"
						}
					}
				}
			},
			{
				"name": "GetConfigOutputJson",
				"type": "Lookup",
				"dependsOn": [
					{
						"activity": "GetSecretValueInboundStorageAccountName",
						"dependencyConditions": [
							"Succeeded"
						]
					}
				],
				"policy": {
					"timeout": "0.01:00:00",
					"retry": 0,
					"retryIntervalInSeconds": 30,
					"secureOutput": false,
					"secureInput": false
				},
				"userProperties": [],
				"typeProperties": {
					"source": {
						"type": "JsonSource",
						"storeSettings": {
							"type": "AzureBlobFSReadSettings",
							"recursive": true,
							"enablePartitionDiscovery": false
						},
						"formatSettings": {
							"type": "JsonReadSettings"
						}
					},
					"dataset": {
						"referenceName": "DS_ConverterOutputJson",
						"type": "DatasetReference",
						"parameters": {
							"file_name": "@pipeline().parameters.in_file_name",
							"path_name": "json/output/filedownload",
							"in_storg_acct_name": {
								"value": "@activity('GetSecretValueInboundStorageAccountName').output.value",
								"type": "Expression"
							}
						}
					},
					"firstRowOnly": false
				}
			},
			{
				"name": "SetParentExecutionId",
				"type": "SetVariable",
				"dependsOn": [
					{
						"activity": "SetPipelineParametersJSON",
						"dependencyConditions": [
							"Succeeded"
						]
					}
				],
				"userProperties": [],
				"typeProperties": {
					"variableName": "l_parnt_comp_exctn_id",
					"value": {
						"value": "@string(json(variables('l_pip_parm_json')).in_parnt_comp_exctn_id)",
						"type": "Expression"
					}
				}
			},
			{
				"name": "SetUserName",
				"type": "SetVariable",
				"dependsOn": [
					{
						"activity": "SetPipelineParametersJSON",
						"dependencyConditions": [
							"Succeeded"
						]
					}
				],
				"userProperties": [],
				"typeProperties": {
					"variableName": "l_user_name",
					"value": {
						"value": "@json(variables('l_pip_parm_json')).in_user_name",
						"type": "Expression"
					}
				}
			},
			{
				"name": "SetFileDownloadId",
				"type": "SetVariable",
				"dependsOn": [
					{
						"activity": "SetPipelineParametersJSON",
						"dependencyConditions": [
							"Succeeded"
						]
					}
				],
				"userProperties": [],
				"typeProperties": {
					"variableName": "l_file_dwnld_id",
					"value": {
						"value": "@string(json(variables('l_pip_parm_json')).in_file_dwnld_id)",
						"type": "Expression"
					}
				}
			},
			{
				"name": "CloseComponentExecutionSuccess",
				"type": "SqlServerStoredProcedure",
				"dependsOn": [
					{
						"activity": "CloseFileActionSuccess",
						"dependencyConditions": [
							"Succeeded"
						]
					}
				],
				"policy": {
					"timeout": "7.00:00:00",
					"retry": 0,
					"retryIntervalInSeconds": 30,
					"secureOutput": false,
					"secureInput": false
				},
				"userProperties": [],
				"typeProperties": {
					"storedProcedureName": "[md].[pro_comp_exctn_close]",
					"storedProcedureParameters": {
						"in_comp_exctn_id": {
							"value": {
								"value": "@int(variables('l_comp_exctn_id'))",
								"type": "Expression"
							},
							"type": "Int32"
						},
						"in_sttus_code": {
							"value": "C",
							"type": "String"
						},
						"in_err_msg_txt": {
							"value": null,
							"type": "String"
						}
					}
				},
				"linkedServiceName": {
					"referenceName": "LS_SQLDatabase",
					"type": "LinkedServiceReference",
					"parameters": {
						"in_key_vault_name": {
							"value": "@pipeline().globalParameters.globl_key_vault_name",
							"type": "Expression"
						}
					}
				}
			},
			{
				"name": "CloseComponentExecutionFailed",
				"type": "SqlServerStoredProcedure",
				"dependsOn": [
					{
						"activity": "CloseFileActionFail",
						"dependencyConditions": [
							"Completed"
						]
					}
				],
				"policy": {
					"timeout": "7.00:00:00",
					"retry": 0,
					"retryIntervalInSeconds": 30,
					"secureOutput": false,
					"secureInput": false
				},
				"userProperties": [],
				"typeProperties": {
					"storedProcedureName": "[md].[pro_comp_exctn_close]",
					"storedProcedureParameters": {
						"in_comp_exctn_id": {
							"value": {
								"value": "@int(variables('l_comp_exctn_id'))",
								"type": "Expression"
							},
							"type": "Int32"
						},
						"in_sttus_code": {
							"value": "F",
							"type": "String"
						},
						"in_err_msg_txt": {
							"value": {
								"value": "@concat(pipeline().Pipeline, ' failed.')",
								"type": "Expression"
							},
							"type": "String"
						}
					}
				},
				"linkedServiceName": {
					"referenceName": "LS_SQLDatabase",
					"type": "LinkedServiceReference",
					"parameters": {
						"in_key_vault_name": {
							"value": "@pipeline().globalParameters.globl_key_vault_name",
							"type": "Expression"
						}
					}
				}
			},
			{
				"name": "Fail1",
				"type": "Fail",
				"dependsOn": [
					{
						"activity": "CloseParentComponentExecutionFailed",
						"dependencyConditions": [
							"Completed"
						]
					}
				],
				"userProperties": [],
				"typeProperties": {
					"message": {
						"value": "@CONCAT('Error with ',pipeline().Pipeline,' Pipeline')",
						"type": "Expression"
					},
					"errorCode": "500"
				}
			},
			{
				"name": "SetNotifID",
				"type": "SetVariable",
				"dependsOn": [
					{
						"activity": "SetPipelineParametersJSON",
						"dependencyConditions": [
							"Succeeded"
						]
					}
				],
				"userProperties": [],
				"typeProperties": {
					"variableName": "l_notif_id",
					"value": {
						"value": "@string(json(variables('l_pip_parm_json')).in_notif_id)",
						"type": "Expression"
					}
				}
			},
			{
				"name": "SetFileActnID",
				"type": "SetVariable",
				"dependsOn": [
					{
						"activity": "SetPipelineParametersJSON",
						"dependencyConditions": [
							"Succeeded"
						]
					}
				],
				"userProperties": [],
				"typeProperties": {
					"variableName": "l_file_actn_id",
					"value": {
						"value": "@string(json(variables('l_pip_parm_json')).in_file_actn_id)",
						"type": "Expression"
					}
				}
			},
			{
				"name": "SetPipelineParametersJSON",
				"type": "SetVariable",
				"dependsOn": [
					{
						"activity": "GetConfigOutputJson",
						"dependencyConditions": [
							"Succeeded"
						]
					}
				],
				"userProperties": [],
				"typeProperties": {
					"variableName": "l_pip_parm_json",
					"value": {
						"value": "@replace(activity('GetConfigOutputJson').output.value[0].pipelineParameters,'\\','')",
						"type": "Expression"
					}
				}
			},
			{
				"name": "GetSecretValueInboundStorageAccountName",
				"type": "WebActivity",
				"dependsOn": [],
				"policy": {
					"timeout": "0.00:02:00",
					"retry": 0,
					"retryIntervalInSeconds": 30,
					"secureOutput": true,
					"secureInput": false
				},
				"userProperties": [],
				"typeProperties": {
					"url": {
						"value": "@concat(\n'https://'\n,pipeline().globalParameters.globl_key_vault_name\n,'.vault.azure.net/secrets/'\n,'cngc-inbound-storage-account-name'\n,'?'\n,pipeline().globalParameters.globl_key_vault_url_api_vers\n)",
						"type": "Expression"
					},
					"method": "GET",
					"authentication": {
						"type": "MSI",
						"resource": "https://vault.azure.net"
					}
				}
			},
			{
				"name": "CloseParentComponentExecutionFailed",
				"type": "SqlServerStoredProcedure",
				"dependsOn": [
					{
						"activity": "CloseComponentExecutionFailed",
						"dependencyConditions": [
							"Completed"
						]
					}
				],
				"policy": {
					"timeout": "7.00:00:00",
					"retry": 0,
					"retryIntervalInSeconds": 30,
					"secureOutput": false,
					"secureInput": false
				},
				"userProperties": [],
				"typeProperties": {
					"storedProcedureName": "[md].[pro_comp_exctn_close]",
					"storedProcedureParameters": {
						"in_comp_exctn_id": {
							"value": {
								"value": "@int(variables('l_parnt_comp_exctn_id'))",
								"type": "Expression"
							},
							"type": "Int32"
						},
						"in_sttus_code": {
							"value": "F",
							"type": "String"
						},
						"in_err_msg_txt": {
							"value": {
								"value": "@concat(pipeline().Pipeline, ' failed.')",
								"type": "Expression"
							},
							"type": "String"
						}
					}
				},
				"linkedServiceName": {
					"referenceName": "LS_SQLDatabase",
					"type": "LinkedServiceReference",
					"parameters": {
						"in_key_vault_name": {
							"value": "@pipeline().globalParameters.globl_key_vault_name",
							"type": "Expression"
						}
					}
				}
			},
			{
				"name": "OpenComponentExecution",
				"type": "Lookup",
				"dependsOn": [
					{
						"activity": "SetParentExecutionId",
						"dependencyConditions": [
							"Succeeded"
						]
					},
					{
						"activity": "SetUserName",
						"dependencyConditions": [
							"Succeeded"
						]
					},
					{
						"activity": "SetFileDownloadId",
						"dependencyConditions": [
							"Succeeded"
						]
					},
					{
						"activity": "SetNotifID",
						"dependencyConditions": [
							"Succeeded"
						]
					},
					{
						"activity": "SetFileActnID",
						"dependencyConditions": [
							"Succeeded"
						]
					},
					{
						"activity": "SetScopeID",
						"dependencyConditions": [
							"Succeeded"
						]
					}
				],
				"policy": {
					"timeout": "7.00:00:00",
					"retry": 0,
					"retryIntervalInSeconds": 30,
					"secureOutput": false,
					"secureInput": false
				},
				"userProperties": [],
				"typeProperties": {
					"source": {
						"type": "AzureSqlSource",
						"sqlReaderStoredProcedureName": "[md].[pro_comp_exctn_open]",
						"storedProcedureParameters": {
							"in_adf_pipln_name": {
								"type": "String",
								"value": {
									"value": "@pipeline().Pipeline",
									"type": "Expression"
								}
							},
							"in_param_json_txt": {
								"type": "String",
								"value": {
									"value": "@concat('{'\n,'\"in_file_name\": \"', pipeline().parameters.in_file_name,'\"'\n,'}')",
									"type": "Expression"
								}
							},
							"in_parnt_comp_exctn_id": {
								"type": "Int32",
								"value": {
									"value": "@variables('l_parnt_comp_exctn_id')",
									"type": "Expression"
								}
							},
							"in_scope_id": {
								"type": "Int32",
								"value": {
									"value": "@variables('l_scope_id')",
									"type": "Expression"
								}
							},
							"in_user_name": {
								"type": "String",
								"value": {
									"value": "@variables('l_user_name')",
									"type": "Expression"
								}
							},
							"out_comp_exctn_id": {
								"type": "Int32",
								"value": null
							},
							"out_param_json_txt": {
								"type": "String",
								"value": null
							},
							"in_adf_pipln_run_id": {
								"type": "String",
								"value": {
									"value": "@pipeline().RunId",
									"type": "Expression"
								}
							}
						},
						"queryTimeout": "02:00:00",
						"partitionOption": "None"
					},
					"dataset": {
						"referenceName": "DS_DbGeneric",
						"type": "DatasetReference",
						"parameters": {
							"in_schma_name": "..",
							"in_tbl_view": "..",
							"in_key_vault_name": {
								"value": "@pipeline().globalParameters.globl_key_vault_name",
								"type": "Expression"
							}
						}
					},
					"firstRowOnly": true
				}
			},
			{
				"name": "SetScopeID",
				"type": "SetVariable",
				"dependsOn": [
					{
						"activity": "SetPipelineParametersJSON",
						"dependencyConditions": [
							"Succeeded"
						]
					}
				],
				"userProperties": [],
				"typeProperties": {
					"variableName": "l_scope_id",
					"value": {
						"value": "@string(json(variables('l_pip_parm_json')).in_scope_id)",
						"type": "Expression"
					}
				}
			},
			{
				"name": "SetOutComponentExecutionId",
				"type": "SetVariable",
				"dependsOn": [
					{
						"activity": "OpenComponentExecution",
						"dependencyConditions": [
							"Succeeded"
						]
					}
				],
				"userProperties": [],
				"typeProperties": {
					"variableName": "l_comp_exctn_id",
					"value": {
						"value": "@string(activity('OpenComponentExecution').output.firstRow.out_comp_exctn_id)",
						"type": "Expression"
					}
				}
			},
			{
				"name": "CompleteNotification",
				"type": "SqlServerStoredProcedure",
				"dependsOn": [
					{
						"activity": "ReadyFileDownload",
						"dependencyConditions": [
							"Succeeded"
						]
					}
				],
				"policy": {
					"timeout": "7.00:00:00",
					"retry": 0,
					"retryIntervalInSeconds": 30,
					"secureOutput": false,
					"secureInput": false
				},
				"userProperties": [],
				"typeProperties": {
					"storedProcedureName": "[md].[pro_notif_upsrt]",
					"storedProcedureParameters": {
						"in_desc_txt": {
							"value": "Preparation of download file completed successfully.",
							"type": "String"
						},
						"in_file_actn_id": {
							"value": {
								"value": "@variables('l_file_actn_id')",
								"type": "Expression"
							},
							"type": "Int32"
						},
						"in_notif_id": {
							"value": {
								"value": "@variables('l_notif_id')",
								"type": "Expression"
							},
							"type": "Int32"
						},
						"in_notif_user_name": {
							"value": {
								"value": "@variables('l_user_name')",
								"type": "Expression"
							},
							"type": "String"
						},
						"in_parnt_comp_exctn_id": {
							"value": {
								"value": "@variables('l_comp_exctn_id')",
								"type": "Expression"
							},
							"type": "Int32"
						},
						"in_sttus_txt": {
							"value": "COMPLETED",
							"type": "String"
						},
						"in_user_name": {
							"value": {
								"value": "@variables('l_user_name')",
								"type": "Expression"
							},
							"type": "String"
						},
						"out_notif_id": {
							"value": null,
							"type": "Int32"
						}
					}
				},
				"linkedServiceName": {
					"referenceName": "LS_SQLDatabase",
					"type": "LinkedServiceReference",
					"parameters": {
						"in_key_vault_name": {
							"value": "@pipeline().globalParameters.globl_key_vault_name",
							"type": "Expression"
						}
					}
				}
			},
			{
				"name": "FailNotification",
				"type": "SqlServerStoredProcedure",
				"dependsOn": [
					{
						"activity": "CompleteNotification",
						"dependencyConditions": [
							"Failed",
							"Skipped"
						]
					}
				],
				"policy": {
					"timeout": "7.00:00:00",
					"retry": 0,
					"retryIntervalInSeconds": 30,
					"secureOutput": false,
					"secureInput": false
				},
				"userProperties": [],
				"typeProperties": {
					"storedProcedureName": "[md].[pro_notif_upsrt]",
					"storedProcedureParameters": {
						"in_desc_txt": {
							"value": "Preparation of download failed.",
							"type": "String"
						},
						"in_file_actn_id": {
							"value": {
								"value": "@variables('l_file_actn_id')",
								"type": "Expression"
							},
							"type": "Int32"
						},
						"in_notif_id": {
							"value": {
								"value": "@variables('l_notif_id')",
								"type": "Expression"
							},
							"type": "Int32"
						},
						"in_notif_user_name": {
							"value": {
								"value": "@variables('l_user_name')",
								"type": "Expression"
							},
							"type": "String"
						},
						"in_parnt_comp_exctn_id": {
							"value": {
								"value": "@variables('l_comp_exctn_id')",
								"type": "Expression"
							},
							"type": "Int32"
						},
						"in_sttus_txt": {
							"value": "FAILED",
							"type": "String"
						},
						"in_user_name": {
							"value": {
								"value": "@variables('l_user_name')",
								"type": "Expression"
							},
							"type": "String"
						},
						"out_notif_id": {
							"value": null,
							"type": "Int32"
						}
					}
				},
				"linkedServiceName": {
					"referenceName": "LS_SQLDatabase",
					"type": "LinkedServiceReference",
					"parameters": {
						"in_key_vault_name": {
							"value": "@pipeline().globalParameters.globl_key_vault_name",
							"type": "Expression"
						}
					}
				}
			},
			{
				"name": "CloseParentComponentExecutionSuccess",
				"type": "SqlServerStoredProcedure",
				"dependsOn": [
					{
						"activity": "CloseComponentExecutionSuccess",
						"dependencyConditions": [
							"Succeeded"
						]
					}
				],
				"policy": {
					"timeout": "7.00:00:00",
					"retry": 0,
					"retryIntervalInSeconds": 30,
					"secureOutput": false,
					"secureInput": false
				},
				"userProperties": [],
				"typeProperties": {
					"storedProcedureName": "[md].[pro_comp_exctn_close]",
					"storedProcedureParameters": {
						"in_comp_exctn_id": {
							"value": {
								"value": "@int(variables('l_parnt_comp_exctn_id'))",
								"type": "Expression"
							},
							"type": "Int32"
						},
						"in_sttus_code": {
							"value": "C",
							"type": "String"
						},
						"in_err_msg_txt": {
							"value": null,
							"type": "String"
						}
					}
				},
				"linkedServiceName": {
					"referenceName": "LS_SQLDatabase",
					"type": "LinkedServiceReference",
					"parameters": {
						"in_key_vault_name": {
							"value": "@pipeline().globalParameters.globl_key_vault_name",
							"type": "Expression"
						}
					}
				}
			},
			{
				"name": "CloseFileActionSuccess",
				"type": "SqlServerStoredProcedure",
				"dependsOn": [
					{
						"activity": "CompleteNotification",
						"dependencyConditions": [
							"Succeeded"
						]
					}
				],
				"policy": {
					"timeout": "7.00:00:00",
					"retry": 0,
					"retryIntervalInSeconds": 30,
					"secureOutput": false,
					"secureInput": false
				},
				"userProperties": [],
				"typeProperties": {
					"storedProcedureName": "[main].[pro_file_actn_close]",
					"storedProcedureParameters": {
						"in_parnt_comp_exctn_id": {
							"value": {
								"value": "@int(variables('l_comp_exctn_id'))",
								"type": "Expression"
							},
							"type": "Int32"
						},
						"in_user_name": {
							"value": {
								"value": "@variables('l_user_name')",
								"type": "Expression"
							},
							"type": "String"
						},
						"in_file_actn_id": {
							"value": {
								"value": "@int(variables('l_file_actn_id'))",
								"type": "Expression"
							},
							"type": "Int32"
						},
						"in_sttus_code": {
							"value": "C",
							"type": "String"
						}
					}
				},
				"linkedServiceName": {
					"referenceName": "LS_SQLDatabase",
					"type": "LinkedServiceReference",
					"parameters": {
						"in_key_vault_name": {
							"value": "@pipeline().globalParameters.globl_key_vault_name",
							"type": "Expression"
						}
					}
				}
			},
			{
				"name": "CloseFileActionFail",
				"type": "SqlServerStoredProcedure",
				"dependsOn": [
					{
						"activity": "FailNotification",
						"dependencyConditions": [
							"Completed"
						]
					}
				],
				"policy": {
					"timeout": "7.00:00:00",
					"retry": 0,
					"retryIntervalInSeconds": 30,
					"secureOutput": false,
					"secureInput": false
				},
				"userProperties": [],
				"typeProperties": {
					"storedProcedureName": "[main].[pro_file_actn_close]",
					"storedProcedureParameters": {
						"in_parnt_comp_exctn_id": {
							"value": {
								"value": "@int(variables('l_comp_exctn_id'))",
								"type": "Expression"
							},
							"type": "Int32"
						},
						"in_user_name": {
							"value": {
								"value": "@variables('l_user_name')",
								"type": "Expression"
							},
							"type": "String"
						},
						"in_file_actn_id": {
							"value": {
								"value": "@int(variables('l_file_actn_id'))",
								"type": "Expression"
							},
							"type": "Int32"
						},
						"in_sttus_code": {
							"value": "F",
							"type": "String"
						}
					}
				},
				"linkedServiceName": {
					"referenceName": "LS_SQLDatabase",
					"type": "LinkedServiceReference",
					"parameters": {
						"in_key_vault_name": {
							"value": "@pipeline().globalParameters.globl_key_vault_name",
							"type": "Expression"
						}
					}
				}
			}
		],
		"parameters": {
			"in_file_name": {
				"type": "String"
			}
		},
		"variables": {
			"l_comp_exctn_id": {
				"type": "String"
			},
			"l_user_name": {
				"type": "String"
			},
			"l_file_dwnld_id": {
				"type": "String"
			},
			"l_pip_parm_json": {
				"type": "String"
			},
			"l_notif_id": {
				"type": "String"
			},
			"l_file_actn_id": {
				"type": "String"
			},
			"l_parnt_comp_exctn_id": {
				"type": "String"
			},
			"l_scope_id": {
				"type": "String"
			}
		},
		"folder": {
			"name": "File"
		},
		"annotations": [],
		"lastPublishTime": "2021-10-27T10:53:02Z"
	},
	"type": "Microsoft.DataFactory/factories/pipelines"
}