{
	"name": "fl-FileUploadAndFollowUp",
	"properties": {
		"activities": [
			{
				"name": "CreateStageTable",
				"type": "Lookup",
				"dependsOn": [],
				"policy": {
					"timeout": "7.00:00:00",
					"retry": 0,
					"retryIntervalInSeconds": 30,
					"secureOutput": false,
					"secureInput": false
				},
				"userProperties": [],
				"typeProperties": {
					"source": {
						"type": "AzureSqlSource",
						"sqlReaderStoredProcedureName": "[main].[pro_file_stage_creat]",
						"storedProcedureParameters": {
							"in_data_type_rflcd_ind": {
								"type": "String",
								"value": "N"
							},
							"in_file_dfntn_vers_id": {
								"type": "Int32",
								"value": {
									"value": "@pipeline().parameters.in_file_dfntn_vers_id",
									"type": "Expression"
								}
							},
							"in_parnt_comp_exctn_id": {
								"type": "Int32",
								"value": {
									"value": "@pipeline().parameters.in_parnt_comp_exctn_id",
									"type": "Expression"
								}
							},
							"in_user_name": {
								"type": "String",
								"value": {
									"value": "@pipeline().parameters.in_user_name",
									"type": "Expression"
								}
							},
							"out_tbl_name": {
								"type": "String",
								"value": null
							}
						},
						"queryTimeout": "02:00:00",
						"partitionOption": "None"
					},
					"dataset": {
						"referenceName": "DS_DbGeneric",
						"type": "DatasetReference",
						"parameters": {
							"in_schma_name": "..",
							"in_tbl_view": "..",
							"in_key_vault_name": {
								"value": "@pipeline().globalParameters.globl_key_vault_name",
								"type": "Expression"
							}
						}
					},
					"firstRowOnly": true
				}
			},
			{
				"name": "Fail",
				"type": "Fail",
				"dependsOn": [
					{
						"activity": "CloseParentComponentExecutionFailed",
						"dependencyConditions": [
							"Completed"
						]
					}
				],
				"userProperties": [],
				"typeProperties": {
					"message": {
						"value": "@CONCAT('Error with ',pipeline().Pipeline,' Pipeline')",
						"type": "Expression"
					},
					"errorCode": "500"
				}
			},
			{
				"name": "GetSecretValueInboundStorageAccountName",
				"type": "WebActivity",
				"dependsOn": [],
				"policy": {
					"timeout": "0.00:02:00",
					"retry": 0,
					"retryIntervalInSeconds": 30,
					"secureOutput": true,
					"secureInput": false
				},
				"userProperties": [],
				"typeProperties": {
					"url": {
						"value": "@concat(\n'https://'\n,pipeline().globalParameters.globl_key_vault_name\n,'.vault.azure.net/secrets/'\n,'cngc-inbound-storage-account-name'\n,'?'\n,pipeline().globalParameters.globl_key_vault_url_api_vers\n)",
						"type": "Expression"
					},
					"method": "GET",
					"authentication": {
						"type": "MSI",
						"resource": "https://vault.azure.net"
					}
				}
			},
			{
				"name": "Converter",
				"type": "ExecutePipeline",
				"dependsOn": [
					{
						"activity": "GetConverterUrl",
						"dependencyConditions": [
							"Succeeded"
						]
					}
				],
				"userProperties": [],
				"typeProperties": {
					"pipeline": {
						"referenceName": "fl-FileConverter",
						"type": "PipelineReference"
					},
					"waitOnCompletion": true,
					"parameters": {
						"in_converter_param_json": {
							"value": "@pipeline().parameters.in_converter_param_json",
							"type": "Expression"
						},
						"in_converter_base_url": {
							"value": "@activity('GetConverterUrl').output.value",
							"type": "Expression"
						}
					}
				}
			},
			{
				"name": "MergeInputFileToWorkTable",
				"type": "SqlServerStoredProcedure",
				"dependsOn": [
					{
						"activity": "Execute PFY Data Freeze",
						"dependencyConditions": [
							"Succeeded"
						]
					}
				],
				"policy": {
					"timeout": "7.00:00:00",
					"retry": 0,
					"retryIntervalInSeconds": 30,
					"secureOutput": false,
					"secureInput": false
				},
				"userProperties": [],
				"typeProperties": {
					"storedProcedureName": "[main].[pro_file_uplod]",
					"storedProcedureParameters": {
						"in_parnt_comp_exctn_id": {
							"value": {
								"value": "@pipeline().parameters.in_parnt_comp_exctn_id",
								"type": "Expression"
							},
							"type": "Int32"
						},
						"in_stage_tbl_name": {
							"value": {
								"value": "@concat(activity('CreateStageTable').output.firstRow.out_tbl_name, '_post_freeze')",
								"type": "Expression"
							},
							"type": "String"
						},
						"in_uplod_actn_id": {
							"value": {
								"value": "@pipeline().parameters.in_file_actn_id",
								"type": "Expression"
							},
							"type": "Int32"
						},
						"in_user_name": {
							"value": {
								"value": "@pipeline().parameters.in_user_name",
								"type": "Expression"
							},
							"type": "String"
						}
					}
				},
				"linkedServiceName": {
					"referenceName": "LS_SQLDatabase",
					"type": "LinkedServiceReference",
					"parameters": {
						"in_key_vault_name": {
							"value": "@pipeline().globalParameters.globl_key_vault_name",
							"type": "Expression"
						}
					}
				}
			},
			{
				"name": "PumpCsvFileToDb",
				"type": "Copy",
				"dependsOn": [
					{
						"activity": "Converter",
						"dependencyConditions": [
							"Succeeded"
						]
					},
					{
						"activity": "GetSecretValueInboundStorageAccountName",
						"dependencyConditions": [
							"Succeeded"
						]
					},
					{
						"activity": "CreateStageTable",
						"dependencyConditions": [
							"Succeeded"
						]
					},
					{
						"activity": "SetNotifID",
						"dependencyConditions": [
							"Succeeded"
						]
					}
				],
				"policy": {
					"timeout": "7.00:00:00",
					"retry": 0,
					"retryIntervalInSeconds": 30,
					"secureOutput": false,
					"secureInput": false
				},
				"userProperties": [],
				"typeProperties": {
					"source": {
						"type": "DelimitedTextSource",
						"storeSettings": {
							"type": "AzureBlobFSReadSettings",
							"recursive": true,
							"enablePartitionDiscovery": false
						},
						"formatSettings": {
							"type": "DelimitedTextReadSettings"
						}
					},
					"sink": {
						"type": "AzureSqlSink",
						"writeBatchSize": 1000000,
						"writeBehavior": "insert",
						"sqlWriterUseTableLock": true,
						"disableMetricsCollection": false
					},
					"enableStaging": false,
					"translator": {
						"type": "TabularTranslator",
						"typeConversion": true,
						"typeConversionSettings": {
							"allowDataTruncation": true,
							"treatBooleanAsNumber": false
						}
					}
				},
				"inputs": [
					{
						"referenceName": "DS_GenericInternalCsvPipe",
						"type": "DatasetReference",
						"parameters": {
							"in_cntnr_name_txt": {
								"value": "converter-input",
								"type": "Expression"
							},
							"in_path_txt": {
								"value": "output",
								"type": "Expression"
							},
							"in_file_name_txt": {
								"value": "@pipeline().parameters.in_phys_file_name",
								"type": "Expression"
							},
							"in_storg_acct_name": {
								"value": "@activity('GetSecretValueInboundStorageAccountName').output.value",
								"type": "Expression"
							}
						}
					}
				],
				"outputs": [
					{
						"referenceName": "DS_DbGeneric",
						"type": "DatasetReference",
						"parameters": {
							"in_schma_name": {
								"value": "stage",
								"type": "Expression"
							},
							"in_tbl_view": {
								"value": "@concat(activity('CreateStageTable').output.firstRow.out_tbl_name)",
								"type": "Expression"
							},
							"in_key_vault_name": {
								"value": "@pipeline().globalParameters.globl_key_vault_name",
								"type": "Expression"
							}
						}
					}
				]
			},
			{
				"name": "LookupDQCheckUploadSuccess",
				"type": "Lookup",
				"dependsOn": [
					{
						"activity": "MergeInputFileToWorkTable",
						"dependencyConditions": [
							"Succeeded"
						]
					}
				],
				"policy": {
					"timeout": "7.00:00:00",
					"retry": 0,
					"retryIntervalInSeconds": 30,
					"secureOutput": false,
					"secureInput": false
				},
				"userProperties": [],
				"typeProperties": {
					"source": {
						"type": "AzureSqlSource",
						"sqlReaderQuery": {
							"value": "SELECT e.dq_check_exctn_id\n\t, e.reslt_tbl_name\n\t, c.dq_check_type_code\nFROM md.dq_check_exctn_plc e\nJOIN md.dq_check_prc c\n\tON c.dq_check_id = e.dq_check_id\nWHERE reslt_tbl_name IS NOT NULL \nAND e.file_actn_id = @{string(pipeline().parameters.in_file_actn_id)}\n",
							"type": "Expression"
						},
						"queryTimeout": "02:00:00",
						"partitionOption": "None"
					},
					"dataset": {
						"referenceName": "DS_DbGeneric",
						"type": "DatasetReference",
						"parameters": {
							"in_schma_name": "..",
							"in_tbl_view": "..",
							"in_key_vault_name": {
								"value": "@pipeline().globalParameters.globl_key_vault_name",
								"type": "Expression"
							}
						}
					},
					"firstRowOnly": false
				}
			},
			{
				"name": "ForEachDQCheckWhereUploadSuccess",
				"type": "ForEach",
				"dependsOn": [
					{
						"activity": "LookupDQCheckUploadSuccess",
						"dependencyConditions": [
							"Succeeded"
						]
					}
				],
				"userProperties": [],
				"typeProperties": {
					"items": {
						"value": "@activity('LookupDQCheckUploadSuccess').output.value",
						"type": "Expression"
					},
					"isSequential": false,
					"activities": [
						{
							"name": "fl-FileDQValDownload",
							"type": "ExecutePipeline",
							"dependsOn": [],
							"userProperties": [],
							"typeProperties": {
								"pipeline": {
									"referenceName": "fl-FileDQValDownloadAndFollowUp",
									"type": "PipelineReference"
								},
								"waitOnCompletion": true,
								"parameters": {
									"in_parnt_comp_exctn_id": {
										"value": "@pipeline().parameters.in_parnt_comp_exctn_id",
										"type": "Expression"
									},
									"in_user_name": {
										"value": "@pipeline().parameters.in_user_name",
										"type": "Expression"
									},
									"in_dq_check_exctn_id": {
										"value": "@item().dq_check_exctn_id",
										"type": "Expression"
									},
									"in_reslt_tbl_name": {
										"value": "@item().reslt_tbl_name",
										"type": "Expression"
									},
									"in_scope_id": {
										"value": "@pipeline().parameters.in_scope_id",
										"type": "Expression"
									},
									"in_file_actn_id": {
										"value": "@pipeline().parameters.in_file_actn_id",
										"type": "Expression"
									}
								}
							}
						}
					]
				}
			},
			{
				"name": "CloseFileAction",
				"type": "SqlServerStoredProcedure",
				"dependsOn": [
					{
						"activity": "ForEachDQCheckWhereUploadSuccess",
						"dependencyConditions": [
							"Succeeded"
						]
					},
					{
						"activity": "VerifyCriticalIndicatorsStatus",
						"dependencyConditions": [
							"Succeeded"
						]
					},
					{
						"activity": "CheckIfNoCriticalSbmt",
						"dependencyConditions": [
							"Succeeded"
						]
					}
				],
				"policy": {
					"timeout": "7.00:00:00",
					"retry": 0,
					"retryIntervalInSeconds": 30,
					"secureOutput": false,
					"secureInput": false
				},
				"userProperties": [],
				"typeProperties": {
					"storedProcedureName": "[main].[pro_file_actn_close]",
					"storedProcedureParameters": {
						"in_parnt_comp_exctn_id": {
							"value": {
								"value": "@pipeline().parameters.in_parnt_comp_exctn_id",
								"type": "Expression"
							},
							"type": "Int32"
						},
						"in_user_name": {
							"value": {
								"value": "@pipeline().parameters.in_user_name",
								"type": "Expression"
							},
							"type": "String"
						},
						"in_file_actn_id": {
							"value": {
								"value": "@pipeline().parameters.in_file_actn_id",
								"type": "Expression"
							},
							"type": "Int32"
						},
						"in_sttus_code": {
							"value": {
								"value": "@activity('VerifyCriticalIndicatorsStatus').output.firstRow.uplod_sttus",
								"type": "Expression"
							},
							"type": "String"
						}
					}
				},
				"linkedServiceName": {
					"referenceName": "LS_SQLDatabase",
					"type": "LinkedServiceReference",
					"parameters": {
						"in_key_vault_name": {
							"value": "@pipeline().globalParameters.globl_key_vault_name",
							"type": "Expression"
						}
					}
				}
			},
			{
				"name": "em-EmailDispatchSingle",
				"type": "ExecutePipeline",
				"dependsOn": [
					{
						"activity": "Modify the Email",
						"dependencyConditions": [
							"Succeeded"
						]
					}
				],
				"userProperties": [],
				"typeProperties": {
					"pipeline": {
						"referenceName": "em-EmailDispatchSingle",
						"type": "PipelineReference"
					},
					"waitOnCompletion": true,
					"parameters": {
						"in_parnt_comp_exctn_id": {
							"value": "@pipeline().parameters.in_parnt_comp_exctn_id",
							"type": "Expression"
						},
						"in_user_name": {
							"value": "@pipeline().parameters.in_user_name",
							"type": "Expression"
						},
						"in_email_id": {
							"value": "@activity('PrepareDQValResultsEmail').output.firstRow.out_email_vldtn_id",
							"type": "Expression"
						}
					}
				}
			},
			{
				"name": "PrepareDQValResultsEmail",
				"type": "Lookup",
				"dependsOn": [
					{
						"activity": "CloseFileAction",
						"dependencyConditions": [
							"Succeeded"
						]
					}
				],
				"policy": {
					"timeout": "7.00:00:00",
					"retry": 0,
					"retryIntervalInSeconds": 30,
					"secureOutput": false,
					"secureInput": false
				},
				"userProperties": [],
				"typeProperties": {
					"source": {
						"type": "AzureSqlSource",
						"sqlReaderStoredProcedureName": "[main].[pro_file_vldtn_email_creat]",
						"storedProcedureParameters": {
							"in_file_actn_id": {
								"type": "Int32",
								"value": {
									"value": "@pipeline().parameters.in_file_actn_id",
									"type": "Expression"
								}
							},
							"in_parnt_comp_exctn_id": {
								"type": "Int32",
								"value": {
									"value": "@pipeline().parameters.in_parnt_comp_exctn_id",
									"type": "Expression"
								}
							},
							"in_user_name": {
								"type": "String",
								"value": {
									"value": "@pipeline().parameters.in_user_name",
									"type": "Expression"
								}
							},
							"out_email_vldtn_id": {
								"type": "Int32",
								"value": null
							}
						},
						"queryTimeout": "02:00:00",
						"partitionOption": "None"
					},
					"dataset": {
						"referenceName": "DS_DbGeneric",
						"type": "DatasetReference",
						"parameters": {
							"in_schma_name": "..",
							"in_tbl_view": "..",
							"in_key_vault_name": {
								"value": "@pipeline().globalParameters.globl_key_vault_name",
								"type": "Expression"
							}
						}
					},
					"firstRowOnly": true
				}
			},
			{
				"name": "CheckIfNoCriticalSbmt",
				"type": "IfCondition",
				"dependsOn": [
					{
						"activity": "VerifyCriticalIndicatorsStatus",
						"dependencyConditions": [
							"Succeeded"
						]
					}
				],
				"userProperties": [],
				"typeProperties": {
					"expression": {
						"value": "@equals(activity('VerifyCriticalIndicatorsStatus').output.firstRow.sbmt_sttus,'C')",
						"type": "Expression"
					},
					"ifFalseActivities": [
						{
							"name": "ValidationSubmitFailure",
							"description": "Set variable when there is issue with Submit process of template.",
							"type": "SetVariable",
							"dependsOn": [],
							"userProperties": [],
							"typeProperties": {
								"variableName": "l_sbmt_validation_fail_sttus",
								"value": "Y"
							}
						}
					],
					"ifTrueActivities": [
						{
							"name": "ExecuteFileSubmit",
							"type": "ExecutePipeline",
							"dependsOn": [],
							"userProperties": [],
							"typeProperties": {
								"pipeline": {
									"referenceName": "fl-FileSubmit",
									"type": "PipelineReference"
								},
								"waitOnCompletion": true,
								"parameters": {
									"in_parnt_comp_exctn_id": {
										"value": "@pipeline().parameters.in_parnt_comp_exctn_id",
										"type": "Expression"
									},
									"in_user_name": {
										"value": "@pipeline().parameters.in_user_name",
										"type": "Expression"
									},
									"in_file_dfntn_vers_id": {
										"value": "@pipeline().parameters.in_file_dfntn_vers_id",
										"type": "Expression"
									},
									"in_scope_id": {
										"value": "@pipeline().parameters.in_scope_id",
										"type": "Expression"
									}
								}
							}
						}
					]
				}
			},
			{
				"name": "VerifyCriticalIndicatorsStatus",
				"type": "Lookup",
				"dependsOn": [
					{
						"activity": "MergeInputFileToWorkTable",
						"dependencyConditions": [
							"Succeeded"
						]
					}
				],
				"policy": {
					"timeout": "7.00:00:00",
					"retry": 0,
					"retryIntervalInSeconds": 30,
					"secureOutput": false,
					"secureInput": false
				},
				"userProperties": [],
				"typeProperties": {
					"source": {
						"type": "AzureSqlSource",
						"sqlReaderQuery": {
							"value": "SELECT CASE WHEN coalesce(SUM(CASE WHEN crtcl_uplod_ind = 'Y' THEN 1 ELSE 0 END) ,0) = 0 THEN 'C' ELSE 'F' END uplod_sttus,\nCASE WHEN coalesce(SUM(CASE WHEN crtcl_sbmt_ind = 'Y' THEN 1 ELSE 0 END) ,0) = 0 THEN 'C' ELSE 'F' END sbmt_sttus\nFROM md.dq_check_exctn_plc_vw\nWHERE sttus_code = 'F'\nAND file_actn_id = @{pipeline().parameters.in_file_actn_id}",
							"type": "Expression"
						},
						"queryTimeout": "02:00:00",
						"partitionOption": "None"
					},
					"dataset": {
						"referenceName": "DS_DbSchemaModule",
						"type": "DatasetReference",
						"parameters": {
							"in_tbl_view": "..",
							"in_key_vault_name": {
								"value": "@pipeline().globalParameters.globl_key_vault_name",
								"type": "Expression"
							}
						}
					}
				}
			},
			{
				"name": "CloseParentComponentExecutionSuccess",
				"type": "SqlServerStoredProcedure",
				"dependsOn": [
					{
						"activity": "em-EmailDispatchSingle",
						"dependencyConditions": [
							"Succeeded"
						]
					}
				],
				"policy": {
					"timeout": "7.00:00:00",
					"retry": 0,
					"retryIntervalInSeconds": 30,
					"secureOutput": false,
					"secureInput": false
				},
				"userProperties": [],
				"typeProperties": {
					"storedProcedureName": "[md].[pro_comp_exctn_close]",
					"storedProcedureParameters": {
						"in_comp_exctn_id": {
							"value": {
								"value": "@pipeline().parameters.in_parnt_comp_exctn_id",
								"type": "Expression"
							},
							"type": "Int32"
						},
						"in_sttus_code": {
							"value": "C",
							"type": "String"
						},
						"in_err_msg_txt": {
							"value": null,
							"type": "String"
						}
					}
				},
				"linkedServiceName": {
					"referenceName": "LS_SQLDatabase",
					"type": "LinkedServiceReference",
					"parameters": {
						"in_key_vault_name": {
							"value": "@pipeline().globalParameters.globl_key_vault_name",
							"type": "Expression"
						}
					}
				}
			},
			{
				"name": "CloseParentComponentExecutionFailed",
				"type": "SqlServerStoredProcedure",
				"dependsOn": [
					{
						"activity": "CloseFileActionFail",
						"dependencyConditions": [
							"Completed"
						]
					}
				],
				"policy": {
					"timeout": "7.00:00:00",
					"retry": 0,
					"retryIntervalInSeconds": 30,
					"secureOutput": false,
					"secureInput": false
				},
				"userProperties": [],
				"typeProperties": {
					"storedProcedureName": "[md].[pro_comp_exctn_close]",
					"storedProcedureParameters": {
						"in_comp_exctn_id": {
							"value": {
								"value": "@pipeline().parameters.in_parnt_comp_exctn_id",
								"type": "Expression"
							},
							"type": "Int32"
						},
						"in_sttus_code": {
							"value": "F",
							"type": "String"
						},
						"in_err_msg_txt": {
							"value": {
								"value": "@concat(pipeline().Pipeline, ' failed.')",
								"type": "Expression"
							},
							"type": "String"
						}
					}
				},
				"linkedServiceName": {
					"referenceName": "LS_SQLDatabase",
					"type": "LinkedServiceReference",
					"parameters": {
						"in_key_vault_name": {
							"value": "@pipeline().globalParameters.globl_key_vault_name",
							"type": "Expression"
						}
					}
				}
			},
			{
				"name": "CloseFileActionFail",
				"type": "SqlServerStoredProcedure",
				"dependsOn": [
					{
						"activity": "em-EmailDispatchSingle",
						"dependencyConditions": [
							"Failed",
							"Skipped"
						]
					}
				],
				"policy": {
					"timeout": "7.00:00:00",
					"retry": 0,
					"retryIntervalInSeconds": 30,
					"secureOutput": false,
					"secureInput": false
				},
				"userProperties": [],
				"typeProperties": {
					"storedProcedureName": "[main].[pro_file_actn_close]",
					"storedProcedureParameters": {
						"in_parnt_comp_exctn_id": {
							"value": {
								"value": "@pipeline().parameters.in_parnt_comp_exctn_id",
								"type": "Expression"
							},
							"type": "Int32"
						},
						"in_user_name": {
							"value": {
								"value": "@pipeline().parameters.in_user_name",
								"type": "Expression"
							},
							"type": "String"
						},
						"in_file_actn_id": {
							"value": {
								"value": "@pipeline().parameters.in_file_actn_id",
								"type": "Expression"
							},
							"type": "Int32"
						},
						"in_sttus_code": {
							"value": "F",
							"type": "String"
						}
					}
				},
				"linkedServiceName": {
					"referenceName": "LS_SQLDatabase",
					"type": "LinkedServiceReference",
					"parameters": {
						"in_key_vault_name": {
							"value": "@pipeline().globalParameters.globl_key_vault_name",
							"type": "Expression"
						}
					}
				}
			},
			{
				"name": "GetConverterUrl",
				"type": "WebActivity",
				"dependsOn": [],
				"policy": {
					"timeout": "0.00:02:00",
					"retry": 0,
					"retryIntervalInSeconds": 30,
					"secureOutput": true,
					"secureInput": false
				},
				"userProperties": [],
				"typeProperties": {
					"url": {
						"value": "@concat(\n'https://'\n,pipeline().globalParameters.globl_key_vault_name\n,'.vault.azure.net/secrets/'\n,'cngc-excel-converter-url'\n,'?'\n,pipeline().globalParameters.globl_key_vault_url_api_vers\n)",
						"type": "Expression"
					},
					"method": "GET",
					"authentication": {
						"type": "MSI",
						"resource": "https://vault.azure.net"
					}
				}
			},
			{
				"name": "SendEmail",
				"type": "WebActivity",
				"dependsOn": [
					{
						"activity": "GetEmailDetails",
						"dependencyConditions": [
							"Succeeded"
						]
					},
					{
						"activity": "SetEmailBody",
						"dependencyConditions": [
							"Succeeded"
						]
					}
				],
				"policy": {
					"timeout": "7.00:00:00",
					"retry": 1,
					"retryIntervalInSeconds": 30,
					"secureOutput": false,
					"secureInput": false
				},
				"userProperties": [],
				"typeProperties": {
					"url": {
						"value": "@activity('GetSecretValueLogicAppEmailSenderUrl').output.value",
						"type": "Expression"
					},
					"method": "POST",
					"body": {
						"value": "{\n\"ccRecipients\": \"\", \n\"toRecipients\": \"@{pipeline().parameters.in_user_name};cngcdataservice.im@pg.com\", \n\"subject\": \"CNOS & GC Uploader - upload validation report - @{activity('GetEmailDetails').output.firstRow.file_name}\", \n\"htmlBody\": \"@{variables('l_email_body')}\"\n}",
						"type": "Expression"
					}
				}
			},
			{
				"name": "GetSecretValueLogicAppEmailSenderUrl",
				"type": "WebActivity",
				"dependsOn": [
					{
						"activity": "em-EmailDispatchSingle",
						"dependencyConditions": [
							"Skipped",
							"Failed"
						]
					}
				],
				"policy": {
					"timeout": "0.00:02:00",
					"retry": 0,
					"retryIntervalInSeconds": 30,
					"secureOutput": true,
					"secureInput": false
				},
				"userProperties": [],
				"typeProperties": {
					"url": {
						"value": "@concat(\n'https://'\n,pipeline().globalParameters.globl_key_vault_name\n,'.vault.azure.net/secrets/'\n,'la-cngc-email-url'\n,'?'\n,pipeline().globalParameters.globl_key_vault_url_api_vers\n)",
						"type": "Expression"
					},
					"method": "GET",
					"authentication": {
						"type": "MSI",
						"resource": "https://vault.azure.net"
					}
				}
			},
			{
				"name": "GetEmailDetails",
				"type": "Lookup",
				"dependsOn": [
					{
						"activity": "GetSecretValueLogicAppEmailSenderUrl",
						"dependencyConditions": [
							"Succeeded"
						]
					}
				],
				"policy": {
					"timeout": "7.00:00:00",
					"retry": 0,
					"retryIntervalInSeconds": 30,
					"secureOutput": false,
					"secureInput": false
				},
				"userProperties": [],
				"typeProperties": {
					"source": {
						"type": "AzureSqlSource",
						"sqlReaderQuery": {
							"value": "@concat('select mkt_grp_name, mkt_name, file_name\nfrom md.scope_prc_vw\nwhere scope_id = ' , string(pipeline().parameters.in_scope_id))",
							"type": "Expression"
						},
						"queryTimeout": "02:00:00",
						"partitionOption": "None"
					},
					"dataset": {
						"referenceName": "DS_DbSchemaMain",
						"type": "DatasetReference",
						"parameters": {
							"in_tbl_view": "..",
							"in_key_vault_name": {
								"value": "@pipeline().globalParameters.globl_key_vault_name",
								"type": "Expression"
							}
						}
					}
				}
			},
			{
				"name": "SetEmailBody",
				"type": "SetVariable",
				"dependsOn": [
					{
						"activity": "GetEmailDetails",
						"dependencyConditions": [
							"Succeeded"
						]
					}
				],
				"userProperties": [],
				"typeProperties": {
					"variableName": "l_email_body",
					"value": {
						"value": "<html xmlns:color='http://www.w3.org/1999/xhtml'>\n<head>\n    <style>\n        div.header {\n            position: relative;\n            height: 30px;\n            padding: 20px;\n            background: #00226A;\n            color: #FFFFFF;\n        }\n\n        div.footer {\n            position: relative;\n            height: 100px;\n            padding: 20px;\n            background: #00226A;\n            color: #FFFFFF;\n            font-family: Verdana;\n            font-style: normal;\n            font-weight: normal;\n            font-size: 13px;\n            line-height: 16px;\n            display: flex;\n            color: #FFFFFF;\n        }\n\n        h1 {\n            position: relative;\n            padding: 15px;\n            font-family: Verdana;\n            font-style: normal;\n            font-weight: normal;\n            font-size: 18px;\n            line-height: 22px;\n            display: flex;\n            align-items: center;\n            color: #000000;\n        }\n\n        .rectangle-head {\n            position: relative;\n            height: 150px;\n            padding: 15px;\n            background: #f2f3f7;\n\n        }\n\n        div.detl {\n            position: relative;\n            padding: 8px;\n            display: flex;\n        }\n\n        div.pass-td {\n            position: relative;\n            background: #a7f1a7;\n            border-radius: 4px;\n            right: -15%;\n            width: 90px;\n            padding: 2px;\n            text-align: center;\n        }\n\n        div.fail-td {\n            position: relative;\n            background: #FFC0CB;\n            border-radius: 4px;\n            right: -15%;\n            width: 90px;\n            padding: 2px;\n            text-align: center;\n        }\n\n        div.non-crit-td {\n            position: relative;\n            background: #fff2c9;\n            border-radius: 4px;\n            right: -15%;\n            width: 90px;\n            padding: 2px;\n            text-align: center;\n        }\n\n        div.oth-td {\n            position: relative;\n            background: #b5e9ff;\n            border-radius: 4px;\n            right: -15%;\n            width: 90px;\n            padding: 2px;\n            text-align: center;\n        }\n\n        div.fail-ovrall {\n            position: absolute;\n            background: #FFC0CB;\n            border-radius: 4px;\n            height: 35px;\n            top: 80px;\n            right: 80px;\n            width: 100px;\n            padding: 3px;\n            text-align: center;\n        }\n\n        div.pass-ovrall {\n            position: absolute;\n            background: #a7f1a7;\n            border-radius: 4px;\n            height: 25px;\n            top: 80px;\n            right: 80px;\n            width: 100px;\n            padding: 3px;\n            text-align: center;\n        }\n\n        a {\n            font-family: Verdana;\n            font-style: normal;\n            font-weight: normal;\n            font-size: 14px;\n            line-height: 17px;\n            text-decoration-line: underline;\n        }\n\n        p.regular {\n            position: relative;\n            font-family: Verdana;\n            font-style: normal;\n            font-size: 14px;\n            line-height: 17px;\n            padding: 1px;\n            display: flex;\n            align-items: center;\n            color: #000;\n        }\n\n        p.fail {\n            font-family: Verdana;\n            font-style: normal;\n            font-weight: normal;\n            font-size: 11px;\n            line-height: 12px;\n            color: #EB5757;\n        }\n\n        p.pass {\n            font-family: Verdana;\n            font-style: normal;\n            font-weight: normal;\n            font-size: 11px;\n            line-height: 12px;\n            color: #48AA72;\n        }\n\n        p.bold-lbl {\n            position: relative;\n            font-family: Verdana;\n            font-style: normal;\n            font-weight: 600;\n            font-size: 14px;\n            line-height: 17px;\n            padding: 2px;\n            display: flex;\n            align-items: center;\n            color: #1B5198;\n\n        }\n\n        p.bold-head {\n            position: relative;\n            font-family: Verdana;\n            font-style: normal;\n            font-weight: 600;\n            font-size: 14px;\n            line-height: 17px;\n            padding: 15px;\n            display: flex;\n            align-items: center;\n            color: #000000\n        }\n\n        p.overall {\n            position: absolute;\n            right: 10px;\n            top: 3px;\n            bottom: 88px;\n            font-family: Verdana;\n            font-style: normal;\n            font-size: 14px;\n            line-height: 17px;\n            display: flex;\n            align-items: center;\n            color: #000\n        }\n\n        table {\n            width: 100%;\n            padding: 10px;\n        }\n\n        th {\n            font-family: Verdana;\n            font-style: normal;\n            font-weight: normal;\n            font-size: 12px;\n            line-height: 14px;\n            align-items: center;\n            letter-spacing: 0.03em;\n            color: #6C8999;\n        }\n\n        td {\n            padding: 5px;\n            text-align: center;\n            border: 1px solid #E0E0E0;\n            border-left: none;\n            border-right: none;\n            font-family: Verdana;\n            font-style: normal;\n            font-weight: 500;\n            font-size: 14px;\n            line-height: 17px;\n            align-items: center;\n            color: #1B5198;\n        }\n    </style>\n</head>\n<body>\n<div class=header><p class=bold-lbl style=color:#fff>CNOS & GC Uploader Tool</p></div>\n<h1>Hi @{pipeline().parameters.in_user_name},</h1>\n<p class=regular style=padding:0px 15px 10px; color: #000>Below is your summary report:</p>\n<div class=rectangle-head><p class=regular style=display:inline;>File name:&nbsp;\n    <p class=bold-lbl style=display:inline;>@{activity('GetEmailDetails').output.firstRow.file_name}</p><br/>\n    <p class=regular style=display:inline;>Market Group:&nbsp;\n    <p class=bold-lbl style=display:inline;>@{activity('GetEmailDetails').output.firstRow.mkt_grp_name}</p><br/>\n    <p class=regular style=display:inline;>Market:&nbsp;\n    <p class=bold-lbl style=display:inline;>@{activity('GetEmailDetails').output.firstRow.mkt_name}</p><br/>\n    <p class=overall>Overall upload status:</p>\n    <div class=fail-ovrall><p class=fail>FAILED</p></div>\n</div>\n<p class=bold-head>Summary:</p>\n<p class=regular style=padding:0px 15px 10px; color: #000>Uploaded file is erroneous. Please try again.</p>\n<p class=regular style=padding:0px 15px 10px; color: #000>If issue persists, please contact support</p>\n<div class=footer><p class=footer-lbl><b> C-NOS & GC Data Service Support Team</b></p>\n    <p class=regular style=color:#fff>If you have any questions, please always respond/send your inquiries to:\n        cngcdataservice.im@pg.com</p>\n    <p class=regular style=color:#fff>We are available Monday-Friday 09:00AM-5:00PM CET.</p></div>\n</body>\n</html>",
						"type": "Expression"
					}
				}
			},
			{
				"name": "CreateStartProgressNotification",
				"description": "Start progress notification for Upload process",
				"type": "Lookup",
				"dependsOn": [],
				"policy": {
					"timeout": "7.00:00:00",
					"retry": 0,
					"retryIntervalInSeconds": 30,
					"secureOutput": false,
					"secureInput": false
				},
				"userProperties": [],
				"typeProperties": {
					"source": {
						"type": "AzureSqlSource",
						"sqlReaderStoredProcedureName": "[md].[pro_notif_upsrt]",
						"storedProcedureParameters": {
							"in_desc_txt": {
								"type": "String",
								"value": "File upload in progress"
							},
							"in_file_actn_id": {
								"type": "Int32",
								"value": {
									"value": "@pipeline().parameters.in_file_actn_id",
									"type": "Expression"
								}
							},
							"in_notif_id": {
								"type": "Int32",
								"value": null
							},
							"in_notif_user_name": {
								"type": "String",
								"value": {
									"value": "@pipeline().parameters.in_user_name",
									"type": "Expression"
								}
							},
							"in_parnt_comp_exctn_id": {
								"type": "Int32",
								"value": {
									"value": "@pipeline().parameters.in_parnt_comp_exctn_id",
									"type": "Expression"
								}
							},
							"in_sttus_txt": {
								"type": "String",
								"value": "PROCESSING"
							},
							"in_user_name": {
								"type": "String",
								"value": {
									"value": "@pipeline().parameters.in_user_name",
									"type": "Expression"
								}
							},
							"out_notif_id": {
								"type": "Int32",
								"value": null
							}
						},
						"queryTimeout": "02:00:00",
						"partitionOption": "None"
					},
					"dataset": {
						"referenceName": "DS_DbSchemaMain",
						"type": "DatasetReference",
						"parameters": {
							"in_tbl_view": "..",
							"in_key_vault_name": {
								"value": "@pipeline().globalParameters.globl_key_vault_name",
								"type": "Expression"
							}
						}
					}
				}
			},
			{
				"name": "SetNotifID",
				"description": "Setting created notification ID for upload process",
				"type": "SetVariable",
				"dependsOn": [
					{
						"activity": "CreateStartProgressNotification",
						"dependencyConditions": [
							"Succeeded"
						]
					}
				],
				"userProperties": [],
				"typeProperties": {
					"variableName": "l_notif_id",
					"value": {
						"value": "@string(activity('CreateStartProgressNotification').output.firstRow.out_notif_id)",
						"type": "Expression"
					}
				}
			},
			{
				"name": "CreateFailNotification",
				"description": "Set Failure notification",
				"type": "SqlServerStoredProcedure",
				"dependsOn": [
					{
						"activity": "CloseFileActionFail",
						"dependencyConditions": [
							"Completed"
						]
					}
				],
				"policy": {
					"timeout": "7.00:00:00",
					"retry": 0,
					"retryIntervalInSeconds": 30,
					"secureOutput": false,
					"secureInput": false
				},
				"userProperties": [],
				"typeProperties": {
					"storedProcedureName": "[md].[pro_notif_upsrt]",
					"storedProcedureParameters": {
						"in_desc_txt": {
							"value": "File upload failed.",
							"type": "String"
						},
						"in_file_actn_id": {
							"value": {
								"value": "@pipeline().parameters.in_file_actn_id",
								"type": "Expression"
							},
							"type": "Int32"
						},
						"in_notif_id": {
							"value": {
								"value": "@variables('l_notif_id')",
								"type": "Expression"
							},
							"type": "Int32"
						},
						"in_notif_user_name": {
							"value": {
								"value": "@pipeline().parameters.in_user_name",
								"type": "Expression"
							},
							"type": "String"
						},
						"in_parnt_comp_exctn_id": {
							"value": {
								"value": "@pipeline().parameters.in_parnt_comp_exctn_id",
								"type": "Expression"
							},
							"type": "Int32"
						},
						"in_sttus_txt": {
							"value": "FAILED",
							"type": "String"
						},
						"in_user_name": {
							"value": {
								"value": "@pipeline().parameters.in_user_name",
								"type": "Expression"
							},
							"type": "String"
						},
						"out_notif_id": {
							"value": null,
							"type": "Int32"
						}
					}
				},
				"linkedServiceName": {
					"referenceName": "LS_SQLDatabase",
					"type": "LinkedServiceReference",
					"parameters": {
						"in_key_vault_name": {
							"value": "@pipeline().globalParameters.globl_key_vault_name",
							"type": "Expression"
						}
					}
				}
			},
			{
				"name": "CheckForSubmitProcessFailure",
				"description": "Checks if there is issue with submit process due to dq checks encountered issues ",
				"type": "IfCondition",
				"dependsOn": [
					{
						"activity": "em-EmailDispatchSingle",
						"dependencyConditions": [
							"Succeeded"
						]
					}
				],
				"userProperties": [],
				"typeProperties": {
					"expression": {
						"value": "@equals(variables('l_sbmt_validation_fail_sttus'), 'N')",
						"type": "Expression"
					},
					"ifFalseActivities": [
						{
							"name": "CompleteNotificationSubmitFailure",
							"description": "Set FAILED notification when submit could not happen due to validation issues.",
							"type": "SqlServerStoredProcedure",
							"dependsOn": [],
							"policy": {
								"timeout": "7.00:00:00",
								"retry": 0,
								"retryIntervalInSeconds": 30,
								"secureOutput": false,
								"secureInput": false
							},
							"userProperties": [],
							"typeProperties": {
								"storedProcedureName": "[md].[pro_notif_upsrt]",
								"storedProcedureParameters": {
									"in_desc_txt": {
										"value": "File upload failed.",
										"type": "String"
									},
									"in_file_actn_id": {
										"value": {
											"value": "@pipeline().parameters.in_file_actn_id",
											"type": "Expression"
										},
										"type": "Int32"
									},
									"in_notif_id": {
										"value": {
											"value": "@variables('l_notif_id')",
											"type": "Expression"
										},
										"type": "Int32"
									},
									"in_notif_user_name": {
										"value": {
											"value": "@pipeline().parameters.in_user_name",
											"type": "Expression"
										},
										"type": "String"
									},
									"in_parnt_comp_exctn_id": {
										"value": {
											"value": "@pipeline().parameters.in_parnt_comp_exctn_id",
											"type": "Expression"
										},
										"type": "Int32"
									},
									"in_sttus_txt": {
										"value": "FAILED",
										"type": "String"
									},
									"in_user_name": {
										"value": {
											"value": "@pipeline().parameters.in_user_name",
											"type": "Expression"
										},
										"type": "String"
									},
									"out_notif_id": {
										"value": null,
										"type": "Int32"
									}
								}
							},
							"linkedServiceName": {
								"referenceName": "LS_SQLDatabase",
								"type": "LinkedServiceReference",
								"parameters": {
									"in_key_vault_name": {
										"value": "@pipeline().globalParameters.globl_key_vault_name",
										"type": "Expression"
									}
								}
							}
						}
					],
					"ifTrueActivities": [
						{
							"name": "CompleteNotification",
							"description": "Set Complete notification",
							"type": "SqlServerStoredProcedure",
							"dependsOn": [],
							"policy": {
								"timeout": "7.00:00:00",
								"retry": 0,
								"retryIntervalInSeconds": 30,
								"secureOutput": false,
								"secureInput": false
							},
							"userProperties": [],
							"typeProperties": {
								"storedProcedureName": "[md].[pro_notif_upsrt]",
								"storedProcedureParameters": {
									"in_desc_txt": {
										"value": "File upload completed successfully",
										"type": "String"
									},
									"in_file_actn_id": {
										"value": {
											"value": "@pipeline().parameters.in_file_actn_id",
											"type": "Expression"
										},
										"type": "Int32"
									},
									"in_notif_id": {
										"value": {
											"value": "@variables('l_notif_id')",
											"type": "Expression"
										},
										"type": "Int32"
									},
									"in_notif_user_name": {
										"value": {
											"value": "@pipeline().parameters.in_user_name",
											"type": "Expression"
										},
										"type": "String"
									},
									"in_parnt_comp_exctn_id": {
										"value": {
											"value": "@pipeline().parameters.in_parnt_comp_exctn_id",
											"type": "Expression"
										},
										"type": "Int32"
									},
									"in_sttus_txt": {
										"value": "COMPLETED",
										"type": "String"
									},
									"in_user_name": {
										"value": {
											"value": "@pipeline().parameters.in_user_name",
											"type": "Expression"
										},
										"type": "String"
									},
									"out_notif_id": {
										"value": null,
										"type": "Int32"
									}
								}
							},
							"linkedServiceName": {
								"referenceName": "LS_SQLDatabase",
								"type": "LinkedServiceReference",
								"parameters": {
									"in_key_vault_name": {
										"value": "@pipeline().globalParameters.globl_key_vault_name",
										"type": "Expression"
									}
								}
							}
						}
					]
				}
			},
			{
				"name": "Execute PFY Data Freeze",
				"description": "parameter admin_ind to be replaced with\n@concat(pipeline().parameters.is_Admin, '') to enable the feature\n",
				"type": "ExecutePipeline",
				"dependsOn": [
					{
						"activity": "PumpCsvFileToDb",
						"dependencyConditions": [
							"Succeeded"
						]
					}
				],
				"userProperties": [],
				"typeProperties": {
					"pipeline": {
						"referenceName": "fl-PFYDataFreeze",
						"type": "PipelineReference"
					},
					"waitOnCompletion": true,
					"parameters": {
						"admin_ind": {
							"value": "@concat(pipeline().parameters.is_Admin, '')",
							"type": "Expression"
						},
						"file_dfntn_vers_id": {
							"value": "@pipeline().parameters.in_file_dfntn_vers_id",
							"type": "Expression"
						},
						"stage_tbl_name": {
							"value": "@activity('CreateStageTable').output.firstRow.out_tbl_name",
							"type": "Expression"
						}
					}
				}
			},
			{
				"name": "Drop the temp table",
				"type": "Lookup",
				"dependsOn": [
					{
						"activity": "em-EmailDispatchSingle",
						"dependencyConditions": [
							"Skipped",
							"Completed"
						]
					}
				],
				"policy": {
					"timeout": "0.12:00:00",
					"retry": 0,
					"retryIntervalInSeconds": 30,
					"secureOutput": false,
					"secureInput": false
				},
				"userProperties": [],
				"typeProperties": {
					"source": {
						"type": "AzureSqlSource",
						"sqlReaderQuery": {
							"value": "DROP TABLE IF EXISTS @{concat('stage.', activity('CreateStageTable').output.firstRow.out_tbl_name)};\nSELECT 1",
							"type": "Expression"
						},
						"queryTimeout": "02:00:00",
						"partitionOption": "None"
					},
					"dataset": {
						"referenceName": "DS_DbGeneric",
						"type": "DatasetReference",
						"parameters": {
							"in_schma_name": "..",
							"in_tbl_view": "..",
							"in_key_vault_name": {
								"value": "@pipeline().globalParameters.globl_key_vault_name",
								"type": "Expression"
							}
						}
					}
				}
			},
			{
				"name": "Run non-critical DQ checks",
				"type": "IfCondition",
				"dependsOn": [
					{
						"activity": "PrepareDQValResultsEmail",
						"dependencyConditions": [
							"Succeeded"
						]
					}
				],
				"userProperties": [],
				"typeProperties": {
					"expression": {
						"value": "@equals(activity('VerifyCriticalIndicatorsStatus').output.firstRow.sbmt_sttus,'C')",
						"type": "Expression"
					},
					"ifFalseActivities": [
						{
							"name": "Update E-mail as pending execution",
							"type": "SqlServerStoredProcedure",
							"dependsOn": [],
							"policy": {
								"timeout": "0.12:00:00",
								"retry": 0,
								"retryIntervalInSeconds": 30,
								"secureOutput": false,
								"secureInput": false
							},
							"userProperties": [],
							"typeProperties": {
								"storedProcedureName": "[main].[pro_email_update_fail_sbmt]",
								"storedProcedureParameters": {
									"file_action_id": {
										"value": {
											"value": "@pipeline().parameters.in_file_actn_id",
											"type": "Expression"
										},
										"type": "Int32"
									},
									"file_dfntn_vers_id": {
										"value": {
											"value": "@pipeline().parameters.in_file_dfntn_vers_id",
											"type": "Expression"
										},
										"type": "Int32"
									}
								}
							},
							"linkedServiceName": {
								"referenceName": "LS_SQLDatabase",
								"type": "LinkedServiceReference",
								"parameters": {
									"in_key_vault_name": {
										"value": "@pipeline().globalParameters.globl_key_vault_name",
										"type": "Expression"
									}
								}
							}
						}
					],
					"ifTrueActivities": [
						{
							"name": "Execute non critical DQ checks",
							"type": "ExecutePipeline",
							"dependsOn": [],
							"userProperties": [],
							"typeProperties": {
								"pipeline": {
									"referenceName": "fl-Execute-non-critical-dq-checks",
									"type": "PipelineReference"
								},
								"waitOnCompletion": true,
								"parameters": {
									"in_user_name": {
										"value": "@pipeline().parameters.in_user_name",
										"type": "Expression"
									},
									"in_file_dfntn_vers_id": {
										"value": "@pipeline().parameters.in_file_dfntn_vers_id",
										"type": "Expression"
									},
									"input_tbl_name": {
										"value": "@concat(activity('CreateStageTable').output.firstRow.out_tbl_name, '')",
										"type": "Expression"
									},
									"scope_id": {
										"value": "@pipeline().parameters.in_scope_id",
										"type": "Expression"
									},
									"in_parnt_comp_exctn_id": {
										"value": "@pipeline().parameters.in_parnt_comp_exctn_id",
										"type": "Expression"
									},
									"out_email_id": {
										"value": "@activity('PrepareDQValResultsEmail').output.firstRow.out_email_vldtn_id",
										"type": "Expression"
									},
									"file_action_id": {
										"value": "@pipeline().parameters.in_file_actn_id",
										"type": "Expression"
									}
								}
							}
						}
					]
				}
			},
			{
				"name": "Modify the Email",
				"type": "SqlServerStoredProcedure",
				"dependsOn": [
					{
						"activity": "Run non-critical DQ checks",
						"dependencyConditions": [
							"Succeeded"
						]
					}
				],
				"policy": {
					"timeout": "0.12:00:00",
					"retry": 0,
					"retryIntervalInSeconds": 30,
					"secureOutput": false,
					"secureInput": false
				},
				"userProperties": [],
				"typeProperties": {
					"storedProcedureName": "[main].[pro_modify_email]",
					"storedProcedureParameters": {
						"email_id": {
							"value": {
								"value": "@activity('PrepareDQValResultsEmail').output.firstRow.out_email_vldtn_id",
								"type": "Expression"
							},
							"type": "Int32"
						},
						"file_action_id": {
							"value": {
								"value": "@pipeline().parameters.in_file_actn_id",
								"type": "Expression"
							},
							"type": "Int32"
						}
					}
				},
				"linkedServiceName": {
					"referenceName": "LS_SQLDatabase",
					"type": "LinkedServiceReference",
					"parameters": {
						"in_key_vault_name": {
							"value": "@pipeline().globalParameters.globl_key_vault_name",
							"type": "Expression"
						}
					}
				}
			}
		],
		"parameters": {
			"in_parnt_comp_exctn_id": {
				"type": "string",
				"defaultValue": "0"
			},
			"in_scope_id": {
				"type": "string"
			},
			"in_user_name": {
				"type": "string"
			},
			"in_file_dfntn_vers_id": {
				"type": "int"
			},
			"in_file_actn_id": {
				"type": "int"
			},
			"in_converter_param_json": {
				"type": "string"
			},
			"in_phys_file_name": {
				"type": "string"
			},
			"is_Admin": {
				"type": "string"
			}
		},
		"variables": {
			"l_email_body": {
				"type": "String"
			},
			"l_notif_id": {
				"type": "String"
			},
			"l_sbmt_validation_fail_sttus": {
				"type": "String",
				"defaultValue": "N"
			}
		},
		"folder": {
			"name": "File"
		},
		"annotations": []
	}
}