{
	"name": "fl-FileUpload",
	"properties": {
		"activities": [
			{
				"name": "CreateFileAction",
				"type": "Lookup",
				"dependsOn": [
					{
						"activity": "SetOutComponentExecutionId",
						"dependencyConditions": [
							"Succeeded"
						]
					}
				],
				"policy": {
					"timeout": "7.00:00:00",
					"retry": 0,
					"retryIntervalInSeconds": 30,
					"secureOutput": false,
					"secureInput": false
				},
				"userProperties": [],
				"typeProperties": {
					"source": {
						"type": "AzureSqlSource",
						"sqlReaderStoredProcedureName": "[main].[pro_file_actn_open]",
						"storedProcedureParameters": {
							"in_file_actn_type_code": {
								"type": "String",
								"value": {
									"value": "U",
									"type": "Expression"
								}
							},
							"in_parnt_comp_exctn_id": {
								"type": "Int32",
								"value": {
									"value": "@int(variables('l_comp_exctn_id'))",
									"type": "Expression"
								}
							},
							"in_scope_id": {
								"type": "Int32",
								"value": {
									"value": "@pipeline().parameters.in_scope_id",
									"type": "Expression"
								}
							},
							"in_user_name": {
								"type": "String",
								"value": {
									"value": "@pipeline().parameters.in_user_name",
									"type": "Expression"
								}
							},
							"out_file_actn_id": {
								"type": "Int32",
								"value": "1"
							}
						},
						"queryTimeout": "02:00:00",
						"partitionOption": "None"
					},
					"dataset": {
						"referenceName": "DS_DbSchemaMain",
						"type": "DatasetReference",
						"parameters": {
							"in_tbl_view": "..",
							"in_key_vault_name": {
								"value": "@pipeline().globalParameters.globl_key_vault_name",
								"type": "Expression"
							}
						}
					},
					"firstRowOnly": true
				}
			},
			{
				"name": "PrepareXLSXParameters",
				"type": "Lookup",
				"dependsOn": [
					{
						"activity": "SetFileActionId",
						"dependencyConditions": [
							"Succeeded"
						]
					},
					{
						"activity": "SetStageTableName",
						"dependencyConditions": [
							"Succeeded"
						]
					}
				],
				"policy": {
					"timeout": "7.00:00:00",
					"retry": 0,
					"retryIntervalInSeconds": 30,
					"secureOutput": false,
					"secureInput": false
				},
				"userProperties": [],
				"typeProperties": {
					"source": {
						"type": "AzureSqlSource",
						"sqlReaderStoredProcedureName": "[main].[pro_file_xlsx_cnvrt_parm_prep]",
						"storedProcedureParameters": {
							"in_cnvrt_type_code": {
								"type": "String",
								"value": "XLSX_TO_CSV"
							},
							"in_file_actn_id": {
								"type": "Int32",
								"value": {
									"value": "@variables('l_file_actn_id')",
									"type": "Expression"
								}
							},
							"in_file_dfntn_vers_id": {
								"type": "Int32",
								"value": {
									"value": "@variables('l_file_dfntn_vers_id')",
									"type": "Expression"
								}
							},
							"in_parnt_comp_exctn_id": {
								"type": "Int32",
								"value": {
									"value": "@variables('l_comp_exctn_id')",
									"type": "Expression"
								}
							},
							"in_user_name": {
								"type": "String",
								"value": {
									"value": "@pipeline().parameters.in_user_name",
									"type": "Expression"
								}
							},
							"out_param_json_txt": {
								"type": "String",
								"value": null
							}
						},
						"queryTimeout": "02:00:00",
						"partitionOption": "None"
					},
					"dataset": {
						"referenceName": "DS_DbSchemaMain",
						"type": "DatasetReference",
						"parameters": {
							"in_tbl_view": "..",
							"in_key_vault_name": {
								"value": "@pipeline().globalParameters.globl_key_vault_name",
								"type": "Expression"
							}
						}
					}
				}
			},
			{
				"name": "GetFileVersionID",
				"type": "Lookup",
				"dependsOn": [],
				"policy": {
					"timeout": "7.00:00:00",
					"retry": 0,
					"retryIntervalInSeconds": 30,
					"secureOutput": false,
					"secureInput": false
				},
				"userProperties": [],
				"typeProperties": {
					"source": {
						"type": "AzureSqlSource",
						"sqlReaderQuery": {
							"value": "@concat('select file_dfntn_vers_id, file_name\nfrom md.scope_prc_vw\nwhere scope_id = ' , string(pipeline().parameters.in_scope_id))",
							"type": "Expression"
						},
						"queryTimeout": "02:00:00",
						"partitionOption": "None"
					},
					"dataset": {
						"referenceName": "DS_DbSchemaMain",
						"type": "DatasetReference",
						"parameters": {
							"in_tbl_view": "..",
							"in_key_vault_name": {
								"value": "@pipeline().globalParameters.globl_key_vault_name",
								"type": "Expression"
							}
						}
					}
				}
			},
			{
				"name": "SetFileVersionID",
				"type": "SetVariable",
				"dependsOn": [
					{
						"activity": "GetFileVersionID",
						"dependencyConditions": [
							"Succeeded"
						]
					}
				],
				"userProperties": [],
				"typeProperties": {
					"variableName": "l_file_dfntn_vers_id",
					"value": {
						"value": "@string(activity('GetFileVersionID').output.firstRow.file_dfntn_vers_id)\n\n",
						"type": "Expression"
					}
				}
			},
			{
				"name": "SetInputFileName",
				"type": "SetVariable",
				"dependsOn": [
					{
						"activity": "PrepareXLSXParameters",
						"dependencyConditions": [
							"Succeeded"
						]
					}
				],
				"userProperties": [],
				"typeProperties": {
					"variableName": "l_in_file_name",
					"value": {
						"value": "@replace(string(json(activity('PrepareXLSXParameters').output.firstRow.out_param_json_txt).inputPath),'input/','')",
						"type": "Expression"
					}
				}
			},
			{
				"name": "SetOutputFileName",
				"type": "SetVariable",
				"dependsOn": [
					{
						"activity": "PrepareXLSXParameters",
						"dependencyConditions": [
							"Succeeded"
						]
					}
				],
				"userProperties": [],
				"typeProperties": {
					"variableName": "l_out_file_name",
					"value": {
						"value": "@replace(string(json(activity('PrepareXLSXParameters').output.firstRow.out_param_json_txt).OutputPath),'output/','')",
						"type": "Expression"
					}
				}
			},
			{
				"name": "RenameUploadedInputFile",
				"type": "Copy",
				"dependsOn": [
					{
						"activity": "SetInputFileName",
						"dependencyConditions": [
							"Succeeded"
						]
					},
					{
						"activity": "SetOutputFileName",
						"dependencyConditions": [
							"Succeeded"
						]
					},
					{
						"activity": "SetFileLocName",
						"dependencyConditions": [
							"Succeeded"
						]
					}
				],
				"policy": {
					"timeout": "7.00:00:00",
					"retry": 0,
					"retryIntervalInSeconds": 30,
					"secureOutput": false,
					"secureInput": false
				},
				"userProperties": [],
				"typeProperties": {
					"source": {
						"type": "BinarySource",
						"storeSettings": {
							"type": "AzureBlobFSReadSettings",
							"recursive": true
						},
						"formatSettings": {
							"type": "BinaryReadSettings"
						}
					},
					"sink": {
						"type": "BinarySink",
						"storeSettings": {
							"type": "AzureBlobFSWriteSettings"
						}
					},
					"enableStaging": false
				},
				"inputs": [
					{
						"referenceName": "DS_GenericInternalXlsx",
						"type": "DatasetReference",
						"parameters": {
							"in_cntnr_name_txt": "converter-input",
							"in_path_txt": "input",
							"in_file_name_txt": {
								"value": "@replace(variables('l_file_loc_name'),'.xlsx','')",
								"type": "Expression"
							},
							"in_storg_acct_name": {
								"value": "@activity('GetSecretValueInboundStorageAccountName').output.value",
								"type": "Expression"
							}
						}
					}
				],
				"outputs": [
					{
						"referenceName": "DS_GenericInternalXlsx",
						"type": "DatasetReference",
						"parameters": {
							"in_cntnr_name_txt": "converter-input",
							"in_path_txt": "input",
							"in_file_name_txt": {
								"value": "@replace(variables('l_in_file_name'),'.xlsx','')",
								"type": "Expression"
							},
							"in_storg_acct_name": {
								"value": "@activity('GetSecretValueInboundStorageAccountName').output.value",
								"type": "Expression"
							}
						}
					}
				]
			},
			{
				"name": "DeleteOldUploadedInputFile",
				"type": "Delete",
				"dependsOn": [
					{
						"activity": "RenameUploadedInputFile",
						"dependencyConditions": [
							"Succeeded"
						]
					}
				],
				"policy": {
					"timeout": "7.00:00:00",
					"retry": 0,
					"retryIntervalInSeconds": 30,
					"secureOutput": false,
					"secureInput": false
				},
				"userProperties": [],
				"typeProperties": {
					"dataset": {
						"referenceName": "DS_GenericInternalXlsx",
						"type": "DatasetReference",
						"parameters": {
							"in_cntnr_name_txt": "converter-input",
							"in_path_txt": "input",
							"in_file_name_txt": {
								"value": "@replace(variables('l_file_loc_name'),'.xlsx','')",
								"type": "Expression"
							},
							"in_storg_acct_name": {
								"value": "@activity('GetSecretValueInboundStorageAccountName').output.value",
								"type": "Expression"
							}
						}
					},
					"enableLogging": false,
					"storeSettings": {
						"type": "AzureBlobFSReadSettings",
						"recursive": true,
						"enablePartitionDiscovery": false
					}
				}
			},
			{
				"name": "SetFileLocName",
				"type": "SetVariable",
				"dependsOn": [],
				"userProperties": [],
				"typeProperties": {
					"variableName": "l_file_loc_name",
					"value": {
						"value": "@replace(pipeline().parameters.in_file_loc,'input/','')",
						"type": "Expression"
					}
				}
			},
			{
				"name": "SetOutComponentExecutionId",
				"type": "SetVariable",
				"dependsOn": [
					{
						"activity": "OpenComponentExecution",
						"dependencyConditions": [
							"Succeeded"
						]
					}
				],
				"userProperties": [],
				"typeProperties": {
					"variableName": "l_comp_exctn_id",
					"value": {
						"value": "@string(activity('OpenComponentExecution').output.firstRow.out_comp_exctn_id)",
						"type": "Expression"
					}
				}
			},
			{
				"name": "OpenComponentExecution",
				"type": "Lookup",
				"dependsOn": [
					{
						"activity": "GetSecretValueInboundStorageAccountName",
						"dependencyConditions": [
							"Succeeded"
						]
					}
				],
				"policy": {
					"timeout": "7.00:00:00",
					"retry": 0,
					"retryIntervalInSeconds": 30,
					"secureOutput": false,
					"secureInput": false
				},
				"userProperties": [],
				"typeProperties": {
					"source": {
						"type": "AzureSqlSource",
						"sqlReaderStoredProcedureName": "[md].[pro_comp_exctn_open]",
						"storedProcedureParameters": {
							"in_adf_pipln_name": {
								"type": "String",
								"value": {
									"value": "@pipeline().Pipeline",
									"type": "Expression"
								}
							},
							"in_param_json_txt": {
								"type": "String",
								"value": {
									"value": "@concat('{'\n,'\"in_scope_id\": \"', pipeline().parameters.in_scope_id,'\", '\n,'\"in_file_loc\": \"', pipeline().parameters.in_file_loc,'\"'\n,'}')",
									"type": "Expression"
								}
							},
							"in_parnt_comp_exctn_id": {
								"type": "Int32",
								"value": {
									"value": "@pipeline().parameters.in_parnt_comp_exctn_id",
									"type": "Expression"
								}
							},
							"in_scope_id": {
								"type": "Int32",
								"value": {
									"value": "@pipeline().parameters.in_scope_id",
									"type": "Expression"
								}
							},
							"in_user_name": {
								"type": "String",
								"value": {
									"value": "@pipeline().parameters.in_user_name",
									"type": "Expression"
								}
							},
							"out_comp_exctn_id": {
								"type": "Int32",
								"value": null
							},
							"out_param_json_txt": {
								"type": "String",
								"value": null
							},
							"in_adf_pipln_run_id": {
								"type": "String",
								"value": {
									"value": "@pipeline().RunId",
									"type": "Expression"
								}
							}
						},
						"queryTimeout": "02:00:00",
						"partitionOption": "None"
					},
					"dataset": {
						"referenceName": "DS_DbGeneric",
						"type": "DatasetReference",
						"parameters": {
							"in_schma_name": "..",
							"in_tbl_view": "..",
							"in_key_vault_name": {
								"value": "@pipeline().globalParameters.globl_key_vault_name",
								"type": "Expression"
							}
						}
					},
					"firstRowOnly": true
				}
			},
			{
				"name": "SetFileActionId",
				"type": "SetVariable",
				"dependsOn": [
					{
						"activity": "CreateFileAction",
						"dependencyConditions": [
							"Succeeded"
						]
					}
				],
				"userProperties": [],
				"typeProperties": {
					"variableName": "l_file_actn_id",
					"value": {
						"value": "@string(activity('CreateFileAction').output.firstRow.out_file_actn_id)",
						"type": "Expression"
					}
				}
			},
			{
				"name": "CreateStageTable",
				"type": "Lookup",
				"dependsOn": [
					{
						"activity": "SetFileVersionID",
						"dependencyConditions": [
							"Succeeded"
						]
					},
					{
						"activity": "SetOutComponentExecutionId",
						"dependencyConditions": [
							"Succeeded"
						]
					}
				],
				"policy": {
					"timeout": "7.00:00:00",
					"retry": 0,
					"retryIntervalInSeconds": 30,
					"secureOutput": false,
					"secureInput": false
				},
				"userProperties": [],
				"typeProperties": {
					"source": {
						"type": "AzureSqlSource",
						"sqlReaderStoredProcedureName": "[main].[pro_file_stage_creat]",
						"storedProcedureParameters": {
							"in_data_type_rflcd_ind": {
								"type": "String",
								"value": "N"
							},
							"in_file_dfntn_vers_id": {
								"type": "Int32",
								"value": {
									"value": "@variables('l_file_dfntn_vers_id')",
									"type": "Expression"
								}
							},
							"in_parnt_comp_exctn_id": {
								"type": "Int32",
								"value": {
									"value": "@variables('l_comp_exctn_id')",
									"type": "Expression"
								}
							},
							"in_user_name": {
								"type": "String",
								"value": {
									"value": "@pipeline().parameters.in_user_name",
									"type": "Expression"
								}
							},
							"out_tbl_name": {
								"type": "String",
								"value": null
							}
						},
						"queryTimeout": "02:00:00",
						"partitionOption": "None"
					},
					"dataset": {
						"referenceName": "DS_DbGeneric",
						"type": "DatasetReference",
						"parameters": {
							"in_schma_name": "..",
							"in_tbl_view": "..",
							"in_key_vault_name": {
								"value": "@pipeline().globalParameters.globl_key_vault_name",
								"type": "Expression"
							}
						}
					},
					"firstRowOnly": true
				}
			},
			{
				"name": "SetStageTableName",
				"type": "SetVariable",
				"dependsOn": [
					{
						"activity": "CreateStageTable",
						"dependencyConditions": [
							"Succeeded"
						]
					}
				],
				"userProperties": [],
				"typeProperties": {
					"variableName": "l_tbl_name",
					"value": {
						"value": "@string(activity('CreateStageTable').output.firstRow.out_tbl_name)",
						"type": "Expression"
					}
				}
			},
			{
				"name": "SetPipelineParams",
				"type": "SetVariable",
				"dependsOn": [
					{
						"activity": "SetOutputFileName",
						"dependencyConditions": [
							"Succeeded"
						]
					}
				],
				"userProperties": [],
				"typeProperties": {
					"variableName": "l_pipeline_params",
					"value": {
						"value": "{\"in_parnt_comp_exctn_id\": @{variables('l_comp_exctn_id')}, \"in_file_actn_id\": @{variables('l_file_actn_id')}, \"in_file_vers_id\": @{variables('l_file_dfntn_vers_id')}, \"in_scope_id\": @{pipeline().parameters.in_scope_id}, \"in_user_name\":\"@{pipeline().parameters.in_user_name}\", \"in_stg_tbl_name\":\"@{variables('l_tbl_name')}\", \"in_out_file_name\":\"@{variables('l_out_file_name')}\", \"in_pip_name\":\"@{pipeline().Pipeline}\"}",
						"type": "Expression"
					}
				}
			},
			{
				"name": "SetConverterRequestBody",
				"type": "SetVariable",
				"dependsOn": [
					{
						"activity": "PrepareXLSXParameters",
						"dependencyConditions": [
							"Succeeded"
						]
					}
				],
				"userProperties": [],
				"typeProperties": {
					"variableName": "l_request_body",
					"value": {
						"value": "@replace(replace(string(activity('PrepareXLSXParameters').output.firstRow.out_param_json_txt),'\\',''),'''','''''')",
						"type": "Expression"
					}
				}
			},
			{
				"name": "Copy JSON parameters to Blob",
				"type": "Copy",
				"dependsOn": [
					{
						"activity": "DeleteOldUploadedInputFile",
						"dependencyConditions": [
							"Succeeded"
						]
					},
					{
						"activity": "SetJSONparams",
						"dependencyConditions": [
							"Succeeded"
						]
					}
				],
				"policy": {
					"timeout": "7.00:00:00",
					"retry": 0,
					"retryIntervalInSeconds": 30,
					"secureOutput": false,
					"secureInput": false
				},
				"userProperties": [],
				"typeProperties": {
					"source": {
						"type": "DelimitedTextSource",
						"additionalColumns": [
							{
								"name": "mycolumn",
								"value": {
									"value": "@variables('l_json_param')",
									"type": "Expression"
								}
							}
						],
						"storeSettings": {
							"type": "AzureBlobFSReadSettings",
							"recursive": true,
							"enablePartitionDiscovery": false
						},
						"formatSettings": {
							"type": "DelimitedTextReadSettings"
						}
					},
					"sink": {
						"type": "DelimitedTextSink",
						"storeSettings": {
							"type": "AzureBlobFSWriteSettings",
							"copyBehavior": "PreserveHierarchy"
						},
						"formatSettings": {
							"type": "DelimitedTextWriteSettings",
							"quoteAllText": true,
							"fileExtension": ".txt"
						}
					},
					"enableStaging": false,
					"translator": {
						"type": "TabularTranslator",
						"mappings": [
							{
								"source": {
									"name": "mycolumn",
									"type": "String"
								},
								"sink": {
									"type": "String",
									"physicalType": "String",
									"ordinal": 1
								}
							}
						],
						"typeConversion": true,
						"typeConversionSettings": {
							"allowDataTruncation": true,
							"treatBooleanAsNumber": false
						}
					}
				},
				"inputs": [
					{
						"referenceName": "DS_General",
						"type": "DatasetReference",
						"parameters": {
							"in_cntnr_name_txt": "converter-input",
							"in_path_txt": "input",
							"in_file_name_txt": "template-dont-delete.txt",
							"in_storg_acct_name": {
								"value": "@activity('GetSecretValueInboundStorageAccountName').output.value",
								"type": "Expression"
							}
						}
					}
				],
				"outputs": [
					{
						"referenceName": "DS_General",
						"type": "DatasetReference",
						"parameters": {
							"in_cntnr_name_txt": "converter-input",
							"in_path_txt": "json/input",
							"in_file_name_txt": {
								"value": "@{replace(variables('l_in_file_name'),'.xlsx','')}.json",
								"type": "Expression"
							},
							"in_storg_acct_name": {
								"value": "@activity('GetSecretValueInboundStorageAccountName').output.value",
								"type": "Expression"
							}
						}
					}
				]
			},
			{
				"name": "CloseComponentExecutionFailed",
				"type": "SqlServerStoredProcedure",
				"dependsOn": [
					{
						"activity": "Copy JSON parameters to Blob",
						"dependencyConditions": [
							"Failed",
							"Skipped"
						]
					}
				],
				"policy": {
					"timeout": "7.00:00:00",
					"retry": 0,
					"retryIntervalInSeconds": 30,
					"secureOutput": false,
					"secureInput": false
				},
				"userProperties": [],
				"typeProperties": {
					"storedProcedureName": "[md].[pro_comp_exctn_close]",
					"storedProcedureParameters": {
						"in_comp_exctn_id": {
							"value": {
								"value": "@int(variables('l_comp_exctn_id'))",
								"type": "Expression"
							},
							"type": "Int32"
						},
						"in_sttus_code": {
							"value": "F",
							"type": "String"
						},
						"in_err_msg_txt": {
							"value": {
								"value": "@concat(pipeline().Pipeline, ' failed.')",
								"type": "Expression"
							},
							"type": "String"
						}
					}
				},
				"linkedServiceName": {
					"referenceName": "LS_SQLDatabase",
					"type": "LinkedServiceReference",
					"parameters": {
						"in_key_vault_name": {
							"value": "@pipeline().globalParameters.globl_key_vault_name",
							"type": "Expression"
						}
					}
				}
			},
			{
				"name": "Fail",
				"type": "Fail",
				"dependsOn": [
					{
						"activity": "CloseComponentExecutionFailed",
						"dependencyConditions": [
							"Completed"
						]
					}
				],
				"userProperties": [],
				"typeProperties": {
					"message": {
						"value": "@CONCAT('Error with ',pipeline().Pipeline,' Pipeline')",
						"type": "Expression"
					},
					"errorCode": "500"
				}
			},
			{
				"name": "GetSecretValueInboundStorageAccountName",
				"type": "WebActivity",
				"dependsOn": [],
				"policy": {
					"timeout": "0.00:02:00",
					"retry": 0,
					"retryIntervalInSeconds": 30,
					"secureOutput": true,
					"secureInput": false
				},
				"userProperties": [],
				"typeProperties": {
					"url": {
						"value": "@concat(\n'https://'\n,pipeline().globalParameters.globl_key_vault_name\n,'.vault.azure.net/secrets/'\n,'cngc-inbound-storage-account-name'\n,'?'\n,pipeline().globalParameters.globl_key_vault_url_api_vers\n)",
						"type": "Expression"
					},
					"method": "GET",
					"authentication": {
						"type": "MSI",
						"resource": "https://vault.azure.net"
					}
				}
			},
			{
				"name": "SetJSONparams",
				"type": "SetVariable",
				"dependsOn": [
					{
						"activity": "SetPipelineParams",
						"dependencyConditions": [
							"Succeeded"
						]
					},
					{
						"activity": "SetConverterRequestBody",
						"dependencyConditions": [
							"Succeeded"
						]
					}
				],
				"userProperties": [],
				"typeProperties": {
					"variableName": "l_json_param",
					"value": {
						"value": "{\"pipelineParameters\":\"@{replace(variables('l_pipeline_params'),'\"','\\\"')}\", \"requestBody\":@{replace(variables('l_request_body'),'\\\\','')}, \"outputFolder\":\"fileupload\"}",
						"type": "Expression"
					}
				}
			}
		],
		"parameters": {
			"in_parnt_comp_exctn_id": {
				"type": "string",
				"defaultValue": "0"
			},
			"in_scope_id": {
				"type": "string"
			},
			"in_user_name": {
				"type": "string"
			},
			"in_file_loc": {
				"type": "string"
			}
		},
		"variables": {
			"l_file_actn_id": {
				"type": "String"
			},
			"l_file_dfntn_vers_id": {
				"type": "String"
			},
			"l_in_file_name": {
				"type": "String"
			},
			"l_out_file_name": {
				"type": "String"
			},
			"l_file_loc_name": {
				"type": "String"
			},
			"l_comp_exctn_id": {
				"type": "String"
			},
			"l_tbl_name": {
				"type": "String"
			},
			"l_pipeline_params": {
				"type": "String"
			},
			"l_request_body": {
				"type": "String"
			},
			"l_json_param": {
				"type": "String"
			}
		},
		"folder": {
			"name": "File"
		},
		"annotations": []
	}
}