{
	"name": "fl-FileUploadFollowUp",
	"properties": {
		"activities": [
			{
				"name": "MergeInputFileToWorkTable",
				"type": "SqlServerStoredProcedure",
				"dependsOn": [
					{
						"activity": "PumpCsvFileToDb",
						"dependencyConditions": [
							"Succeeded"
						]
					}
				],
				"policy": {
					"timeout": "7.00:00:00",
					"retry": 0,
					"retryIntervalInSeconds": 30,
					"secureOutput": false,
					"secureInput": false
				},
				"userProperties": [],
				"typeProperties": {
					"storedProcedureName": "[main].[pro_file_uplod]",
					"storedProcedureParameters": {
						"in_parnt_comp_exctn_id": {
							"value": {
								"value": "@variables('l_comp_exctn_id')",
								"type": "Expression"
							},
							"type": "Int32"
						},
						"in_stage_tbl_name": {
							"value": {
								"value": "@variables('l_tbl_name')",
								"type": "Expression"
							},
							"type": "String"
						},
						"in_uplod_actn_id": {
							"value": {
								"value": "@variables('l_file_actn_id')",
								"type": "Expression"
							},
							"type": "Int32"
						},
						"in_user_name": {
							"value": {
								"value": "@variables('l_user_name')",
								"type": "Expression"
							},
							"type": "String"
						}
					}
				},
				"linkedServiceName": {
					"referenceName": "LS_SQLDatabase",
					"type": "LinkedServiceReference",
					"parameters": {
						"in_key_vault_name": {
							"value": "@pipeline().globalParameters.globl_key_vault_name",
							"type": "Expression"
						}
					}
				}
			},
			{
				"name": "GetConfigOutputJson",
				"type": "Lookup",
				"dependsOn": [
					{
						"activity": "GetSecretValueInboundStorageAccountName",
						"dependencyConditions": [
							"Succeeded"
						]
					}
				],
				"policy": {
					"timeout": "0.01:00:00",
					"retry": 0,
					"retryIntervalInSeconds": 30,
					"secureOutput": false,
					"secureInput": false
				},
				"userProperties": [],
				"typeProperties": {
					"source": {
						"type": "JsonSource",
						"storeSettings": {
							"type": "AzureBlobFSReadSettings",
							"recursive": true,
							"enablePartitionDiscovery": false
						},
						"formatSettings": {
							"type": "JsonReadSettings"
						}
					},
					"dataset": {
						"referenceName": "DS_ConverterOutputJson",
						"type": "DatasetReference",
						"parameters": {
							"file_name": "@pipeline().parameters.in_file_name",
							"path_name": "json/output/fileupload",
							"in_storg_acct_name": {
								"value": "@activity('GetSecretValueInboundStorageAccountName').output.value",
								"type": "Expression"
							}
						}
					},
					"firstRowOnly": false
				}
			},
			{
				"name": "SetPipelineParametersJSON",
				"type": "SetVariable",
				"dependsOn": [
					{
						"activity": "GetConfigOutputJson",
						"dependencyConditions": [
							"Succeeded"
						]
					}
				],
				"userProperties": [],
				"typeProperties": {
					"variableName": "l_pip_parm_json",
					"value": {
						"value": "@replace(activity('GetConfigOutputJson').output.value[0].pipelineParameters,'\\','')",
						"type": "Expression"
					}
				}
			},
			{
				"name": "SetParentExecutionId",
				"type": "SetVariable",
				"dependsOn": [
					{
						"activity": "SetPipelineParametersJSON",
						"dependencyConditions": [
							"Succeeded"
						]
					}
				],
				"userProperties": [],
				"typeProperties": {
					"variableName": "l_parent_comp_exctn_id",
					"value": {
						"value": "@string(json(variables('l_pip_parm_json')).in_parnt_comp_exctn_id)",
						"type": "Expression"
					}
				}
			},
			{
				"name": "SetUserName",
				"type": "SetVariable",
				"dependsOn": [
					{
						"activity": "SetPipelineParametersJSON",
						"dependencyConditions": [
							"Succeeded"
						]
					}
				],
				"userProperties": [],
				"typeProperties": {
					"variableName": "l_user_name",
					"value": {
						"value": "@json(variables('l_pip_parm_json')).in_user_name",
						"type": "Expression"
					}
				}
			},
			{
				"name": "SetFileActnID",
				"type": "SetVariable",
				"dependsOn": [
					{
						"activity": "SetPipelineParametersJSON",
						"dependencyConditions": [
							"Succeeded"
						]
					}
				],
				"userProperties": [],
				"typeProperties": {
					"variableName": "l_file_actn_id",
					"value": {
						"value": "@string(json(variables('l_pip_parm_json')).in_file_actn_id)",
						"type": "Expression"
					}
				}
			},
			{
				"name": "SetFileVersionID",
				"type": "SetVariable",
				"dependsOn": [
					{
						"activity": "SetPipelineParametersJSON",
						"dependencyConditions": [
							"Succeeded"
						]
					}
				],
				"userProperties": [],
				"typeProperties": {
					"variableName": "l_file_dfntn_vers_id",
					"value": {
						"value": "@string(json(variables('l_pip_parm_json')).in_file_vers_id)",
						"type": "Expression"
					}
				}
			},
			{
				"name": "SetFileName",
				"type": "SetVariable",
				"dependsOn": [
					{
						"activity": "SetPipelineParametersJSON",
						"dependencyConditions": [
							"Succeeded"
						]
					}
				],
				"userProperties": [],
				"typeProperties": {
					"variableName": "l_out_file_name",
					"value": {
						"value": "@string(json(variables('l_pip_parm_json')).in_out_file_name)",
						"type": "Expression"
					}
				}
			},
			{
				"name": "SetStageTableName",
				"type": "SetVariable",
				"dependsOn": [
					{
						"activity": "SetPipelineParametersJSON",
						"dependencyConditions": [
							"Succeeded"
						]
					}
				],
				"userProperties": [],
				"typeProperties": {
					"variableName": "l_tbl_name",
					"value": {
						"value": "@string(json(variables('l_pip_parm_json')).in_stg_tbl_name)",
						"type": "Expression"
					}
				}
			},
			{
				"name": "SetScopeId",
				"type": "SetVariable",
				"dependsOn": [
					{
						"activity": "SetPipelineParametersJSON",
						"dependencyConditions": [
							"Succeeded"
						]
					}
				],
				"userProperties": [],
				"typeProperties": {
					"variableName": "l_scope_id",
					"value": {
						"value": "@string(json(variables('l_pip_parm_json')).in_scope_id)",
						"type": "Expression"
					}
				}
			},
			{
				"name": "CloseComponentExecutionFailed",
				"type": "SqlServerStoredProcedure",
				"dependsOn": [
					{
						"activity": "CloseFileActionFail",
						"dependencyConditions": [
							"Completed"
						]
					}
				],
				"policy": {
					"timeout": "7.00:00:00",
					"retry": 0,
					"retryIntervalInSeconds": 30,
					"secureOutput": false,
					"secureInput": false
				},
				"userProperties": [],
				"typeProperties": {
					"storedProcedureName": "[md].[pro_comp_exctn_close]",
					"storedProcedureParameters": {
						"in_comp_exctn_id": {
							"value": {
								"value": "@int(variables('l_comp_exctn_id'))",
								"type": "Expression"
							},
							"type": "Int32"
						},
						"in_sttus_code": {
							"value": "F",
							"type": "String"
						},
						"in_err_msg_txt": {
							"value": {
								"value": "@concat(pipeline().Pipeline, ' failed.')",
								"type": "Expression"
							},
							"type": "String"
						}
					}
				},
				"linkedServiceName": {
					"referenceName": "LS_SQLDatabase",
					"type": "LinkedServiceReference",
					"parameters": {
						"in_key_vault_name": {
							"value": "@pipeline().globalParameters.globl_key_vault_name",
							"type": "Expression"
						}
					}
				}
			},
			{
				"name": "Fail",
				"type": "Fail",
				"dependsOn": [
					{
						"activity": "CloseParentComponentExecutionFailed",
						"dependencyConditions": [
							"Completed"
						]
					}
				],
				"userProperties": [],
				"typeProperties": {
					"message": {
						"value": "@CONCAT('Error with ',pipeline().Pipeline,' Pipeline')",
						"type": "Expression"
					},
					"errorCode": "500"
				}
			},
			{
				"name": "CheckIfNoCriticalSbmt",
				"type": "IfCondition",
				"dependsOn": [
					{
						"activity": "VerifyCriticalIndicatorsStatus",
						"dependencyConditions": [
							"Succeeded"
						]
					}
				],
				"userProperties": [],
				"typeProperties": {
					"expression": {
						"value": "@equals(activity('VerifyCriticalIndicatorsStatus').output.firstRow.sbmt_sttus,'C')",
						"type": "Expression"
					},
					"ifTrueActivities": [
						{
							"name": "ExecuteFileSubmit",
							"type": "ExecutePipeline",
							"dependsOn": [],
							"userProperties": [],
							"typeProperties": {
								"pipeline": {
									"referenceName": "fl-FileSubmit",
									"type": "PipelineReference"
								},
								"waitOnCompletion": true,
								"parameters": {
									"in_parnt_comp_exctn_id": {
										"value": "@variables('l_comp_exctn_id')",
										"type": "Expression"
									},
									"in_user_name": {
										"value": "@variables('l_user_name')",
										"type": "Expression"
									},
									"in_file_dfntn_vers_id": {
										"value": "@variables('l_file_dfntn_vers_id')",
										"type": "Expression"
									},
									"in_scope_id": {
										"value": "@variables('l_scope_id')",
										"type": "Expression"
									}
								}
							}
						}
					]
				}
			},
			{
				"name": "VerifyCriticalIndicatorsStatus",
				"type": "Lookup",
				"dependsOn": [
					{
						"activity": "MergeInputFileToWorkTable",
						"dependencyConditions": [
							"Succeeded"
						]
					}
				],
				"policy": {
					"timeout": "7.00:00:00",
					"retry": 0,
					"retryIntervalInSeconds": 30,
					"secureOutput": false,
					"secureInput": false
				},
				"userProperties": [],
				"typeProperties": {
					"source": {
						"type": "AzureSqlSource",
						"sqlReaderQuery": {
							"value": "SELECT CASE WHEN coalesce(SUM(CASE WHEN crtcl_uplod_ind = 'Y' THEN 1 ELSE 0 END) ,0) = 0 THEN 'C' ELSE 'F' END uplod_sttus,\nCASE WHEN coalesce(SUM(CASE WHEN crtcl_sbmt_ind = 'Y' THEN 1 ELSE 0 END) ,0) = 0 THEN 'C' ELSE 'F' END sbmt_sttus\nFROM md.dq_check_exctn_plc_vw\nWHERE sttus_code = 'F'\nAND file_actn_id = @{variables('l_file_actn_id')}",
							"type": "Expression"
						},
						"queryTimeout": "02:00:00",
						"partitionOption": "None"
					},
					"dataset": {
						"referenceName": "DS_DbSchemaModule",
						"type": "DatasetReference",
						"parameters": {
							"in_tbl_view": "..",
							"in_key_vault_name": {
								"value": "@pipeline().globalParameters.globl_key_vault_name",
								"type": "Expression"
							}
						}
					}
				}
			},
			{
				"name": "LookupDQCheckUploadSuccess",
				"type": "Lookup",
				"dependsOn": [
					{
						"activity": "MergeInputFileToWorkTable",
						"dependencyConditions": [
							"Succeeded"
						]
					}
				],
				"policy": {
					"timeout": "7.00:00:00",
					"retry": 0,
					"retryIntervalInSeconds": 30,
					"secureOutput": false,
					"secureInput": false
				},
				"userProperties": [],
				"typeProperties": {
					"source": {
						"type": "AzureSqlSource",
						"sqlReaderQuery": {
							"value": "@CONCAT('SELECT e.dq_check_exctn_id\n\t, e.reslt_tbl_name\n\t, c.dq_check_type_code\nFROM md.dq_check_exctn_plc e\nJOIN md.dq_check_prc c\n\tON c.dq_check_id = e.dq_check_id\nWHERE reslt_tbl_name IS NOT NULL \nAND e.file_actn_id = ',variables('l_file_actn_id'))",
							"type": "Expression"
						},
						"queryTimeout": "02:00:00",
						"partitionOption": "None"
					},
					"dataset": {
						"referenceName": "DS_DbGeneric",
						"type": "DatasetReference",
						"parameters": {
							"in_schma_name": "..",
							"in_tbl_view": "..",
							"in_key_vault_name": {
								"value": "@pipeline().globalParameters.globl_key_vault_name",
								"type": "Expression"
							}
						}
					},
					"firstRowOnly": false
				}
			},
			{
				"name": "ForEachDQCheckWhereUploadSuccess",
				"type": "ForEach",
				"dependsOn": [
					{
						"activity": "LookupDQCheckUploadSuccess",
						"dependencyConditions": [
							"Succeeded"
						]
					}
				],
				"userProperties": [],
				"typeProperties": {
					"items": {
						"value": "@activity('LookupDQCheckUploadSuccess').output.value",
						"type": "Expression"
					},
					"isSequential": false,
					"activities": [
						{
							"name": "fl-FileDQValDownload",
							"type": "ExecutePipeline",
							"dependsOn": [],
							"userProperties": [],
							"typeProperties": {
								"pipeline": {
									"referenceName": "fl-FileDQValDownload",
									"type": "PipelineReference"
								},
								"waitOnCompletion": true,
								"parameters": {
									"in_parnt_comp_exctn_id": {
										"value": "@int(variables('l_comp_exctn_id'))",
										"type": "Expression"
									},
									"in_user_name": {
										"value": "@variables('l_user_name')",
										"type": "Expression"
									},
									"in_dq_check_exctn_id": {
										"value": "@item().dq_check_exctn_id",
										"type": "Expression"
									},
									"in_reslt_tbl_name": {
										"value": "@item().reslt_tbl_name",
										"type": "Expression"
									},
									"in_scope_id": {
										"value": "@int(variables('l_scope_id'))",
										"type": "Expression"
									},
									"in_file_actn_id": {
										"value": "@int(variables('l_file_actn_id'))",
										"type": "Expression"
									}
								}
							}
						}
					]
				}
			},
			{
				"name": "If XLSXtoCSV fail",
				"type": "IfCondition",
				"dependsOn": [
					{
						"activity": "OpenComponentExecution",
						"dependencyConditions": [
							"Succeeded"
						]
					}
				],
				"userProperties": [],
				"typeProperties": {
					"expression": {
						"value": "@equals(activity('GetConfigOutputJson').output.value[0].status,'FAILED')",
						"type": "Expression"
					},
					"ifTrueActivities": [
						{
							"name": "ConverterFail",
							"type": "Fail",
							"dependsOn": [],
							"userProperties": [],
							"typeProperties": {
								"message": {
									"value": "@concat('Error with XLSX to CSV converter: ',\nactivity('GetConfigOutputJson').output.value[0].errors\n)",
									"type": "Expression"
								},
								"errorCode": "9999"
							}
						}
					]
				}
			},
			{
				"name": "GetSecretValueInboundStorageAccountName",
				"type": "WebActivity",
				"dependsOn": [],
				"policy": {
					"timeout": "0.00:02:00",
					"retry": 0,
					"retryIntervalInSeconds": 30,
					"secureOutput": true,
					"secureInput": false
				},
				"userProperties": [],
				"typeProperties": {
					"url": {
						"value": "@concat(\n'https://'\n,pipeline().globalParameters.globl_key_vault_name\n,'.vault.azure.net/secrets/'\n,'cngc-inbound-storage-account-name'\n,'?'\n,pipeline().globalParameters.globl_key_vault_url_api_vers\n)",
						"type": "Expression"
					},
					"method": "GET",
					"authentication": {
						"type": "MSI",
						"resource": "https://vault.azure.net"
					}
				}
			},
			{
				"name": "OpenComponentExecution",
				"type": "Lookup",
				"dependsOn": [
					{
						"activity": "SetParentExecutionId",
						"dependencyConditions": [
							"Succeeded"
						]
					},
					{
						"activity": "SetUserName",
						"dependencyConditions": [
							"Succeeded"
						]
					},
					{
						"activity": "SetFileActnID",
						"dependencyConditions": [
							"Succeeded"
						]
					},
					{
						"activity": "SetFileVersionID",
						"dependencyConditions": [
							"Succeeded"
						]
					},
					{
						"activity": "SetFileName",
						"dependencyConditions": [
							"Succeeded"
						]
					},
					{
						"activity": "SetStageTableName",
						"dependencyConditions": [
							"Succeeded"
						]
					}
				],
				"policy": {
					"timeout": "7.00:00:00",
					"retry": 0,
					"retryIntervalInSeconds": 30,
					"secureOutput": false,
					"secureInput": false
				},
				"userProperties": [],
				"typeProperties": {
					"source": {
						"type": "AzureSqlSource",
						"sqlReaderStoredProcedureName": "[md].[pro_comp_exctn_open]",
						"storedProcedureParameters": {
							"in_adf_pipln_name": {
								"type": "String",
								"value": {
									"value": "@pipeline().Pipeline",
									"type": "Expression"
								}
							},
							"in_param_json_txt": {
								"type": "String",
								"value": {
									"value": "@concat('{'\n,'\"in_file_name\": \"', pipeline().parameters.in_file_name,'\"'\n,'}')",
									"type": "Expression"
								}
							},
							"in_parnt_comp_exctn_id": {
								"type": "Int32",
								"value": {
									"value": "@variables('l_parent_comp_exctn_id')",
									"type": "Expression"
								}
							},
							"in_scope_id": {
								"type": "Int32",
								"value": {
									"value": "@variables('l_scope_id')",
									"type": "Expression"
								}
							},
							"in_user_name": {
								"type": "String",
								"value": {
									"value": "@variables('l_user_name')",
									"type": "Expression"
								}
							},
							"out_comp_exctn_id": {
								"type": "Int32",
								"value": null
							},
							"out_param_json_txt": {
								"type": "String",
								"value": null
							},
							"in_adf_pipln_run_id": {
								"type": "String",
								"value": {
									"value": "@pipeline().RunId",
									"type": "Expression"
								}
							}
						},
						"queryTimeout": "02:00:00",
						"partitionOption": "None"
					},
					"dataset": {
						"referenceName": "DS_DbGeneric",
						"type": "DatasetReference",
						"parameters": {
							"in_schma_name": "..",
							"in_tbl_view": "..",
							"in_key_vault_name": {
								"value": "@pipeline().globalParameters.globl_key_vault_name",
								"type": "Expression"
							}
						}
					},
					"firstRowOnly": true
				}
			},
			{
				"name": "SetOutComponentExecutionId",
				"type": "SetVariable",
				"dependsOn": [
					{
						"activity": "OpenComponentExecution",
						"dependencyConditions": [
							"Succeeded"
						]
					}
				],
				"userProperties": [],
				"typeProperties": {
					"variableName": "l_comp_exctn_id",
					"value": {
						"value": "@string(activity('OpenComponentExecution').output.firstRow.out_comp_exctn_id)",
						"type": "Expression"
					}
				}
			},
			{
				"name": "CloseParentComponentExecutionFailed",
				"type": "SqlServerStoredProcedure",
				"dependsOn": [
					{
						"activity": "CloseComponentExecutionFailed",
						"dependencyConditions": [
							"Completed"
						]
					}
				],
				"policy": {
					"timeout": "7.00:00:00",
					"retry": 0,
					"retryIntervalInSeconds": 30,
					"secureOutput": false,
					"secureInput": false
				},
				"userProperties": [],
				"typeProperties": {
					"storedProcedureName": "[md].[pro_comp_exctn_close]",
					"storedProcedureParameters": {
						"in_comp_exctn_id": {
							"value": {
								"value": "@int(variables('l_parent_comp_exctn_id'))",
								"type": "Expression"
							},
							"type": "Int32"
						},
						"in_sttus_code": {
							"value": "F",
							"type": "String"
						},
						"in_err_msg_txt": {
							"value": {
								"value": "@concat(pipeline().Pipeline, ' failed.')",
								"type": "Expression"
							},
							"type": "String"
						}
					}
				},
				"linkedServiceName": {
					"referenceName": "LS_SQLDatabase",
					"type": "LinkedServiceReference",
					"parameters": {
						"in_key_vault_name": {
							"value": "@pipeline().globalParameters.globl_key_vault_name",
							"type": "Expression"
						}
					}
				}
			},
			{
				"name": "WaitForAllDQdownloadsToFinish",
				"type": "Until",
				"dependsOn": [
					{
						"activity": "ForEachDQCheckWhereUploadSuccess",
						"dependencyConditions": [
							"Succeeded"
						]
					}
				],
				"userProperties": [],
				"typeProperties": {
					"expression": {
						"value": "@or(equals(variables('l_dq_dwnld_pendng'),'0'),equals(variables('l_parent_comp_exctn_sttus'),'F'))",
						"type": "Expression"
					},
					"activities": [
						{
							"name": "GetCountofDQDwnldPending",
							"type": "Lookup",
							"dependsOn": [],
							"policy": {
								"timeout": "7.00:00:00",
								"retry": 0,
								"retryIntervalInSeconds": 30,
								"secureOutput": false,
								"secureInput": false
							},
							"userProperties": [],
							"typeProperties": {
								"source": {
									"type": "AzureSqlSource",
									"sqlReaderQuery": {
										"value": "select count(1) AS dq_dwnld_pendng\nfrom md.dq_check_exctn_plc\nwhere reslt_tbl_name IS NOT NULL\nAND file_dwnld_id IS NULL\nAND file_actn_id = @{variables('l_file_actn_id')}",
										"type": "Expression"
									},
									"queryTimeout": "02:00:00",
									"partitionOption": "None"
								},
								"dataset": {
									"referenceName": "DS_DbGeneric",
									"type": "DatasetReference",
									"parameters": {
										"in_schma_name": "..",
										"in_tbl_view": "..",
										"in_key_vault_name": {
											"value": "@pipeline().globalParameters.globl_key_vault_name",
											"type": "Expression"
										}
									}
								}
							}
						},
						{
							"name": "IfCountofDQDwnldPendingis0",
							"type": "IfCondition",
							"dependsOn": [
								{
									"activity": "Set variable l_dq_dwnld_pendng",
									"dependencyConditions": [
										"Succeeded"
									]
								}
							],
							"userProperties": [],
							"typeProperties": {
								"expression": {
									"value": "@or(equals(variables('l_dq_dwnld_pendng'),'0'),equals(variables('l_parent_comp_exctn_sttus'),'F'))",
									"type": "Expression"
								},
								"ifFalseActivities": [
									{
										"name": "Wait5seconds",
										"type": "Wait",
										"dependsOn": [],
										"userProperties": [],
										"typeProperties": {
											"waitTimeInSeconds": 5
										}
									}
								]
							}
						},
						{
							"name": "Set variable l_dq_dwnld_pendng",
							"type": "SetVariable",
							"dependsOn": [
								{
									"activity": "GetCountofDQDwnldPending",
									"dependencyConditions": [
										"Succeeded"
									]
								}
							],
							"userProperties": [],
							"typeProperties": {
								"variableName": "l_dq_dwnld_pendng",
								"value": {
									"value": "@string(activity('GetCountofDQDwnldPending').output.firstRow.dq_dwnld_pendng)",
									"type": "Expression"
								}
							}
						}
					],
					"timeout": "0.00:05:00"
				}
			},
			{
				"name": "CloseComponentExecutionSuccess",
				"type": "SqlServerStoredProcedure",
				"dependsOn": [
					{
						"activity": "em-EmailDispatch",
						"dependencyConditions": [
							"Succeeded"
						]
					}
				],
				"policy": {
					"timeout": "7.00:00:00",
					"retry": 0,
					"retryIntervalInSeconds": 30,
					"secureOutput": false,
					"secureInput": false
				},
				"userProperties": [],
				"typeProperties": {
					"storedProcedureName": "[md].[pro_comp_exctn_close]",
					"storedProcedureParameters": {
						"in_comp_exctn_id": {
							"value": {
								"value": "@int(variables('l_comp_exctn_id'))",
								"type": "Expression"
							},
							"type": "Int32"
						},
						"in_sttus_code": {
							"value": "C",
							"type": "String"
						},
						"in_err_msg_txt": {
							"value": null,
							"type": "String"
						}
					}
				},
				"linkedServiceName": {
					"referenceName": "LS_SQLDatabase",
					"type": "LinkedServiceReference",
					"parameters": {
						"in_key_vault_name": {
							"value": "@pipeline().globalParameters.globl_key_vault_name",
							"type": "Expression"
						}
					}
				}
			},
			{
				"name": "CloseParentComponentExecutionSuccess",
				"type": "SqlServerStoredProcedure",
				"dependsOn": [
					{
						"activity": "CloseComponentExecutionSuccess",
						"dependencyConditions": [
							"Succeeded"
						]
					}
				],
				"policy": {
					"timeout": "7.00:00:00",
					"retry": 0,
					"retryIntervalInSeconds": 30,
					"secureOutput": false,
					"secureInput": false
				},
				"userProperties": [],
				"typeProperties": {
					"storedProcedureName": "[md].[pro_comp_exctn_close]",
					"storedProcedureParameters": {
						"in_comp_exctn_id": {
							"value": {
								"value": "@int(variables('l_parent_comp_exctn_id'))",
								"type": "Expression"
							},
							"type": "Int32"
						},
						"in_sttus_code": {
							"value": "C",
							"type": "String"
						},
						"in_err_msg_txt": {
							"value": null,
							"type": "String"
						}
					}
				},
				"linkedServiceName": {
					"referenceName": "LS_SQLDatabase",
					"type": "LinkedServiceReference",
					"parameters": {
						"in_key_vault_name": {
							"value": "@pipeline().globalParameters.globl_key_vault_name",
							"type": "Expression"
						}
					}
				}
			},
			{
				"name": "PumpCsvFileToDb",
				"type": "Copy",
				"dependsOn": [
					{
						"activity": "If XLSXtoCSV fail",
						"dependencyConditions": [
							"Succeeded"
						]
					},
					{
						"activity": "SetOutComponentExecutionId",
						"dependencyConditions": [
							"Succeeded"
						]
					}
				],
				"policy": {
					"timeout": "7.00:00:00",
					"retry": 0,
					"retryIntervalInSeconds": 30,
					"secureOutput": false,
					"secureInput": false
				},
				"userProperties": [],
				"typeProperties": {
					"source": {
						"type": "DelimitedTextSource",
						"storeSettings": {
							"type": "AzureBlobFSReadSettings",
							"recursive": true,
							"enablePartitionDiscovery": false
						},
						"formatSettings": {
							"type": "DelimitedTextReadSettings"
						}
					},
					"sink": {
						"type": "AzureSqlSink",
						"disableMetricsCollection": false
					},
					"enableStaging": false,
					"translator": {
						"type": "TabularTranslator",
						"typeConversion": true,
						"typeConversionSettings": {
							"allowDataTruncation": true,
							"treatBooleanAsNumber": false
						}
					}
				},
				"inputs": [
					{
						"referenceName": "DS_GenericInternalCsvPipe",
						"type": "DatasetReference",
						"parameters": {
							"in_cntnr_name_txt": {
								"value": "converter-input",
								"type": "Expression"
							},
							"in_path_txt": {
								"value": "output",
								"type": "Expression"
							},
							"in_file_name_txt": {
								"value": "@replace(variables('l_out_file_name'),'.csv','')",
								"type": "Expression"
							},
							"in_storg_acct_name": {
								"value": "@activity('GetSecretValueInboundStorageAccountName').output.value",
								"type": "Expression"
							}
						}
					}
				],
				"outputs": [
					{
						"referenceName": "DS_DbGeneric",
						"type": "DatasetReference",
						"parameters": {
							"in_schma_name": {
								"value": "stage",
								"type": "Expression"
							},
							"in_tbl_view": {
								"value": "@variables('l_tbl_name')",
								"type": "Expression"
							},
							"in_key_vault_name": {
								"value": "@pipeline().globalParameters.globl_key_vault_name",
								"type": "Expression"
							}
						}
					}
				]
			},
			{
				"name": "CloseFileAction",
				"type": "SqlServerStoredProcedure",
				"dependsOn": [
					{
						"activity": "WaitForAllDQdownloadsToFinish",
						"dependencyConditions": [
							"Succeeded"
						]
					},
					{
						"activity": "CheckIfNoCriticalSbmt",
						"dependencyConditions": [
							"Succeeded"
						]
					}
				],
				"policy": {
					"timeout": "7.00:00:00",
					"retry": 0,
					"retryIntervalInSeconds": 30,
					"secureOutput": false,
					"secureInput": false
				},
				"userProperties": [],
				"typeProperties": {
					"storedProcedureName": "[main].[pro_file_actn_close]",
					"storedProcedureParameters": {
						"in_parnt_comp_exctn_id": {
							"value": {
								"value": "@int(variables('l_comp_exctn_id'))",
								"type": "Expression"
							},
							"type": "Int32"
						},
						"in_user_name": {
							"value": {
								"value": "@variables('l_user_name')",
								"type": "Expression"
							},
							"type": "String"
						},
						"in_file_actn_id": {
							"value": {
								"value": "@int(variables('l_file_actn_id'))",
								"type": "Expression"
							},
							"type": "Int32"
						},
						"in_sttus_code": {
							"value": {
								"value": "@activity('VerifyCriticalIndicatorsStatus').output.firstRow.uplod_sttus",
								"type": "Expression"
							},
							"type": "String"
						}
					}
				},
				"linkedServiceName": {
					"referenceName": "LS_SQLDatabase",
					"type": "LinkedServiceReference",
					"parameters": {
						"in_key_vault_name": {
							"value": "@pipeline().globalParameters.globl_key_vault_name",
							"type": "Expression"
						}
					}
				}
			},
			{
				"name": "CloseFileActionFail",
				"type": "SqlServerStoredProcedure",
				"dependsOn": [
					{
						"activity": "em-EmailDispatch",
						"dependencyConditions": [
							"Failed",
							"Skipped"
						]
					}
				],
				"policy": {
					"timeout": "7.00:00:00",
					"retry": 0,
					"retryIntervalInSeconds": 30,
					"secureOutput": false,
					"secureInput": false
				},
				"userProperties": [],
				"typeProperties": {
					"storedProcedureName": "[main].[pro_file_actn_close]",
					"storedProcedureParameters": {
						"in_parnt_comp_exctn_id": {
							"value": {
								"value": "@int(variables('l_comp_exctn_id'))",
								"type": "Expression"
							},
							"type": "Int32"
						},
						"in_user_name": {
							"value": {
								"value": "@variables('l_user_name')",
								"type": "Expression"
							},
							"type": "String"
						},
						"in_file_actn_id": {
							"value": {
								"value": "@int(variables('l_file_actn_id'))",
								"type": "Expression"
							},
							"type": "Int32"
						},
						"in_sttus_code": {
							"value": "F",
							"type": "String"
						}
					}
				},
				"linkedServiceName": {
					"referenceName": "LS_SQLDatabase",
					"type": "LinkedServiceReference",
					"parameters": {
						"in_key_vault_name": {
							"value": "@pipeline().globalParameters.globl_key_vault_name",
							"type": "Expression"
						}
					}
				}
			},
			{
				"name": "em-EmailDispatch",
				"type": "ExecutePipeline",
				"dependsOn": [
					{
						"activity": "PrepareDQValResultsEmail",
						"dependencyConditions": [
							"Succeeded"
						]
					}
				],
				"userProperties": [],
				"typeProperties": {
					"pipeline": {
						"referenceName": "em-EmailDispatch",
						"type": "PipelineReference"
					},
					"waitOnCompletion": true,
					"parameters": {
						"in_parnt_comp_exctn_id": {
							"value": "@int(variables('l_comp_exctn_id'))",
							"type": "Expression"
						},
						"in_user_name": {
							"value": "@variables('l_user_name')",
							"type": "Expression"
						},
						"in_email_id": {
							"value": "@activity('PrepareDQValResultsEmail').output.firstRow.out_email_vldtn_id",
							"type": "Expression"
						}
					}
				}
			},
			{
				"name": "PrepareDQValResultsEmail",
				"type": "Lookup",
				"dependsOn": [
					{
						"activity": "CloseFileAction",
						"dependencyConditions": [
							"Succeeded"
						]
					}
				],
				"policy": {
					"timeout": "7.00:00:00",
					"retry": 0,
					"retryIntervalInSeconds": 30,
					"secureOutput": false,
					"secureInput": false
				},
				"userProperties": [],
				"typeProperties": {
					"source": {
						"type": "AzureSqlSource",
						"sqlReaderStoredProcedureName": "[main].[pro_file_vldtn_email_creat]",
						"storedProcedureParameters": {
							"in_file_actn_id": {
								"type": "Int32",
								"value": {
									"value": "@variables('l_file_actn_id')",
									"type": "Expression"
								}
							},
							"in_parnt_comp_exctn_id": {
								"type": "Int32",
								"value": {
									"value": "@variables('l_comp_exctn_id')",
									"type": "Expression"
								}
							},
							"in_user_name": {
								"type": "String",
								"value": {
									"value": "@variables('l_user_name')",
									"type": "Expression"
								}
							},
							"out_email_vldtn_id": {
								"type": "Int32",
								"value": null
							}
						},
						"queryTimeout": "02:00:00",
						"partitionOption": "None"
					},
					"dataset": {
						"referenceName": "DS_DbGeneric",
						"type": "DatasetReference",
						"parameters": {
							"in_schma_name": "..",
							"in_tbl_view": "..",
							"in_key_vault_name": {
								"value": "@pipeline().globalParameters.globl_key_vault_name",
								"type": "Expression"
							}
						}
					},
					"firstRowOnly": true
				}
			}
		],
		"parameters": {
			"in_file_name": {
				"type": "string"
			}
		},
		"variables": {
			"l_file_actn_id": {
				"type": "String"
			},
			"l_file_dfntn_vers_id": {
				"type": "String"
			},
			"l_in_file_name": {
				"type": "String"
			},
			"l_out_file_name": {
				"type": "String"
			},
			"l_comp_exctn_id": {
				"type": "String"
			},
			"l_tbl_name": {
				"type": "String"
			},
			"l_pip_parm_json": {
				"type": "String"
			},
			"l_user_name": {
				"type": "String"
			},
			"l_scope_id": {
				"type": "String"
			},
			"l_parent_comp_exctn_id": {
				"type": "String"
			},
			"l_parent_comp_exctn_sttus": {
				"type": "String",
				"defaultValue": "N"
			},
			"l_dq_dwnld_pendng": {
				"type": "String",
				"defaultValue": "1"
			}
		},
		"folder": {
			"name": "File"
		},
		"annotations": []
	}
}