{
	"name": "fl-FileConverter",
	"properties": {
		"activities": [
			{
				"name": "Converter",
				"type": "AzureFunctionActivity",
				"dependsOn": [],
				"policy": {
					"timeout": "7.00:00:00",
					"retry": 0,
					"retryIntervalInSeconds": 60,
					"secureOutput": false,
					"secureInput": false
				},
				"userProperties": [],
				"typeProperties": {
					"functionName": {
						"value": "@pipeline().parameters.in_function_name",
						"type": "Expression"
					},
					"method": "POST",
					"body": {
						"value": "@pipeline().parameters.in_converter_param_json",
						"type": "Expression"
					}
				},
				"linkedServiceName": {
					"referenceName": "LS_AzureFunction_Converter",
					"type": "LinkedServiceReference",
					"parameters": {
						"in_key_vault_name": {
							"value": "@pipeline().globalParameters.globl_key_vault_name",
							"type": "Expression"
						},
						"in_function_app_url": {
							"value": "@pipeline().parameters.in_converter_base_url",
							"type": "Expression"
						}
					}
				}
			},
			{
				"name": "If timeout",
				"description": "Check if the error is timeout. If timeout. Wait for another 4 mins.",
				"type": "IfCondition",
				"dependsOn": [
					{
						"activity": "Converter",
						"dependencyConditions": [
							"Failed"
						]
					}
				],
				"userProperties": [],
				"typeProperties": {
					"expression": {
						"value": "@contains(activity('Converter').error.message,'The request timed out')",
						"type": "Expression"
					},
					"ifFalseActivities": [
						{
							"name": "Converter failed",
							"type": "Fail",
							"dependsOn": [],
							"userProperties": [],
							"typeProperties": {
								"message": {
									"value": "@activity('Converter').error.message",
									"type": "Expression"
								},
								"errorCode": "500"
							}
						}
					],
					"ifTrueActivities": [
						{
							"name": "Wait",
							"type": "Wait",
							"dependsOn": [],
							"userProperties": [],
							"typeProperties": {
								"waitTimeInSeconds": 240
							}
						}
					]
				}
			}
		],
		"concurrency": 3,
		"parameters": {
			"in_converter_param_json": {
				"type": "string"
			},
			"in_converter_base_url": {
				"type": "string",
				"defaultValue": "https://func-cnosgc-uploader-excel-converter-n01.ase4xnp.pgcloud.com"
			},
			"in_function_name": {
				"type": "string",
				"defaultValue": "convert"
			}
		},
		"folder": {
			"name": "File"
		},
		"annotations": []
	}
}