{
	"name": "fl-inputDataMigration",
	"properties": {
		"activities": [
			{
				"name": "CopyDataToInternal",
				"type": "Copy",
				"dependsOn": [
					{
						"activity": "GetSecretValueInboundStorageAccountName",
						"dependencyConditions": [
							"Succeeded"
						]
					}
				],
				"policy": {
					"timeout": "0.12:00:00",
					"retry": 0,
					"retryIntervalInSeconds": 30,
					"secureOutput": false,
					"secureInput": false
				},
				"userProperties": [],
				"typeProperties": {
					"source": {
						"type": "BinarySource",
						"storeSettings": {
							"type": "AzureBlobFSReadSettings",
							"recursive": true
						},
						"formatSettings": {
							"type": "BinaryReadSettings"
						}
					},
					"sink": {
						"type": "BinarySink",
						"storeSettings": {
							"type": "AzureBlobFSWriteSettings"
						}
					},
					"enableStaging": false
				},
				"inputs": [
					{
						"referenceName": "DS_GenericInternalXlsx",
						"type": "DatasetReference",
						"parameters": {
							"in_cntnr_name_txt": "data-migrate",
							"in_path_txt": {
								"value": "@pipeline().parameters.user_name",
								"type": "Expression"
							},
							"in_file_name_txt": {
								"value": "@pipeline().parameters.input_file_name",
								"type": "Expression"
							},
							"in_storg_acct_name": {
								"value": "@activity('GetSecretValueInboundStorageAccountName').output.value",
								"type": "Expression"
							}
						}
					}
				],
				"outputs": [
					{
						"referenceName": "DS_GenericInternalXlsx",
						"type": "DatasetReference",
						"parameters": {
							"in_cntnr_name_txt": "converter-input",
							"in_path_txt": "input",
							"in_file_name_txt": {
								"value": "@concat(pipeline().parameters.input_file_name, activity('Get Random number').output.firstRow.rnum)",
								"type": "Expression"
							},
							"in_storg_acct_name": {
								"value": "@activity('GetSecretValueInboundStorageAccountName').output.value",
								"type": "Expression"
							}
						}
					}
				]
			},
			{
				"name": "GetSecretValueInboundStorageAccountName",
				"type": "WebActivity",
				"dependsOn": [
					{
						"activity": "DB Table Name",
						"dependencyConditions": [
							"Succeeded"
						]
					},
					{
						"activity": "Set Market group",
						"dependencyConditions": [
							"Succeeded"
						]
					},
					{
						"activity": "Set File Name",
						"dependencyConditions": [
							"Succeeded"
						]
					}
				],
				"policy": {
					"timeout": "7.00:00:00",
					"retry": 0,
					"retryIntervalInSeconds": 30,
					"secureOutput": false,
					"secureInput": false
				},
				"userProperties": [],
				"typeProperties": {
					"url": {
						"value": "@concat(\n'https://'\n,pipeline().globalParameters.globl_key_vault_name\n,'.vault.azure.net/secrets/'\n,'cngc-inbound-storage-account-name'\n,'?'\n,pipeline().globalParameters.globl_key_vault_url_api_vers\n)",
						"type": "Expression"
					},
					"method": "GET",
					"authentication": {
						"type": "MSI",
						"resource": "https://vault.azure.net"
					}
				}
			},
			{
				"name": "Get File Definition ID",
				"type": "Lookup",
				"dependsOn": [],
				"policy": {
					"timeout": "0.12:00:00",
					"retry": 0,
					"retryIntervalInSeconds": 30,
					"secureOutput": false,
					"secureInput": false
				},
				"userProperties": [],
				"typeProperties": {
					"source": {
						"type": "AzureSqlSource",
						"sqlReaderQuery": {
							"value": "select max(file_dfntn_vers_id) as file_dfntn_vers_id from md.file_dfntn_vers_prc_vw\nwhere file_name = '@{pipeline().parameters.input_template_name}' and mkt_grp_name = '@{pipeline().parameters.market_grp_name}'\ngroup by file_dfntn_id",
							"type": "Expression"
						},
						"queryTimeout": "02:00:00",
						"partitionOption": "None"
					},
					"dataset": {
						"referenceName": "DS_DbGeneric",
						"type": "DatasetReference",
						"parameters": {
							"in_schma_name": "..",
							"in_tbl_view": "..",
							"in_key_vault_name": {
								"value": "@pipeline().globalParameters.globl_key_vault_name",
								"type": "Expression"
							}
						}
					}
				}
			},
			{
				"name": "Set Coverter JSON",
				"type": "SetVariable",
				"dependsOn": [
					{
						"activity": "Get converter JSON",
						"dependencyConditions": [
							"Succeeded"
						]
					}
				],
				"userProperties": [],
				"typeProperties": {
					"variableName": "conv_param",
					"value": {
						"value": "@concat('{\n    \"inputPath\":','\"','input/',concat(pipeline().parameters.input_file_name, activity('Get Random number').output.firstRow.rnum),'.xlsx','\",',\n    '\"outputPath\":','\"','output/',concat(pipeline().parameters.input_file_name, activity('Get Random number').output.firstRow.rnum),'.csv','\",',\n    '\"conversionType\": \"XLSX_TO_CSV\",',\n    '\"nonLoad\": false,',\n    activity('Get converter JSON').output.firstRow.attr,\n    '}'\n    )",
						"type": "Expression"
					}
				}
			},
			{
				"name": "Get converter JSON",
				"type": "Lookup",
				"dependsOn": [
					{
						"activity": "CopyDataToInternal",
						"dependencyConditions": [
							"Succeeded"
						]
					},
					{
						"activity": "Get File Definition ID",
						"dependencyConditions": [
							"Succeeded"
						]
					}
				],
				"policy": {
					"timeout": "0.12:00:00",
					"retry": 0,
					"retryIntervalInSeconds": 30,
					"secureOutput": false,
					"secureInput": false
				},
				"userProperties": [],
				"typeProperties": {
					"source": {
						"type": "AzureSqlSource",
						"sqlReaderQuery": {
							"value": "SELECT\n    concat(\n        '\"attributeDefinitions\":[',\n        string_agg(f.inner_json, ','),\n        ']'\n    ) as attr\nfrom\n    (\n        select\n            concat(\n                '{\"columnName\":',\n                '\"',\n                p.col_name,\n                '\",',\n                '\"label\":',\n                '\"',\n                p.col_label,\n                '\",',\n                '\"keyColumn\" : true,',\n                '\"editable\" : true,',\n\t\t\t\t'\"hidden\":',p.hdn_ind,', ',\n                '\"type\":',\n                '\"',\n                p.col_type_name,\n                '\"}'\n            ) as inner_json\n        from\n            (\n             \n                        SELECT\n\t\t\t\t\t\t\tcol_name, \n                            case when col_type_name = 'MONTH' THEN 'DATE' ELSE col_type_name\n                            END AS col_type_name\n                            ,\n                            file_dfntn_vers_id,\n                            col_label,\n\t\t\t\t\t\t\tcase when hdn_ind = 'Y' then 'true' else 'false' end as hdn_ind\n                        from\n                            md.[file_dfntn_vers_col_prc_vw]\n                        where\n                            file_dfntn_vers_id = '@{activity('Get File Definition ID').output.firstRow.file_dfntn_vers_id}'\n            ) p\n    ) f",
							"type": "Expression"
						},
						"queryTimeout": "02:00:00",
						"partitionOption": "None"
					},
					"dataset": {
						"referenceName": "DS_DbGeneric",
						"type": "DatasetReference",
						"parameters": {
							"in_schma_name": "..",
							"in_tbl_view": "..",
							"in_key_vault_name": {
								"value": "@pipeline().globalParameters.globl_key_vault_name",
								"type": "Expression"
							}
						}
					}
				}
			},
			{
				"name": "Get Scope ID",
				"description": "",
				"type": "Lookup",
				"dependsOn": [
					{
						"activity": "Get Work Table name and Load",
						"dependencyConditions": [
							"Succeeded"
						]
					}
				],
				"policy": {
					"timeout": "0.12:00:00",
					"retry": 0,
					"retryIntervalInSeconds": 30,
					"secureOutput": false,
					"secureInput": false
				},
				"userProperties": [],
				"typeProperties": {
					"source": {
						"type": "AzureSqlSource",
						"sqlReaderQuery": {
							"value": "select max(sc.scope_id) scope_id from md.scope_prc_vw sc\ninner join md.user_file_asign_vw ufav \non sc.scope_id = ufav.scope_id\nwhere sc.file_dfntn_vers_id = '@{activity('Get File Definition ID').output.firstRow.file_dfntn_vers_id}'\nand ufav.email_address = '@{concat(pipeline().parameters.user_name, '@pg.com')}'",
							"type": "Expression"
						},
						"queryTimeout": "02:00:00",
						"partitionOption": "None"
					},
					"dataset": {
						"referenceName": "DS_DbGeneric",
						"type": "DatasetReference",
						"parameters": {
							"in_schma_name": "..",
							"in_tbl_view": "..",
							"in_key_vault_name": {
								"value": "@pipeline().globalParameters.globl_key_vault_name",
								"type": "Expression"
							}
						}
					}
				}
			},
			{
				"name": "fl-FileConverter",
				"type": "ExecutePipeline",
				"dependsOn": [
					{
						"activity": "Delete Existing CSV",
						"dependencyConditions": [
							"Completed"
						]
					}
				],
				"userProperties": [],
				"typeProperties": {
					"pipeline": {
						"referenceName": "fl-FileConverter",
						"type": "PipelineReference"
					},
					"waitOnCompletion": true,
					"parameters": {
						"in_converter_param_json": {
							"value": "@variables('conv_param')",
							"type": "Expression"
						},
						"in_converter_base_url": {
							"value": "@activity('GetConverterUrl').output.value",
							"type": "Expression"
						},
						"in_function_name": "convert"
					}
				}
			},
			{
				"name": "GetConverterUrl",
				"type": "WebActivity",
				"dependsOn": [
					{
						"activity": "Set Coverter JSON",
						"dependencyConditions": [
							"Succeeded"
						]
					}
				],
				"policy": {
					"timeout": "0.00:02:00",
					"retry": 0,
					"retryIntervalInSeconds": 30,
					"secureOutput": true,
					"secureInput": false
				},
				"userProperties": [],
				"typeProperties": {
					"url": {
						"value": "@concat(\n'https://'\n,pipeline().globalParameters.globl_key_vault_name\n,'.vault.azure.net/secrets/'\n,'cngc-excel-converter-url'\n,'?'\n,pipeline().globalParameters.globl_key_vault_url_api_vers\n)",
						"type": "Expression"
					},
					"method": "GET",
					"authentication": {
						"type": "MSI",
						"resource": "https://vault.azure.net"
					}
				}
			},
			{
				"name": "Copy Data from CSV to DB",
				"type": "Copy",
				"dependsOn": [
					{
						"activity": "fl-FileConverter",
						"dependencyConditions": [
							"Succeeded"
						]
					}
				],
				"policy": {
					"timeout": "0.12:00:00",
					"retry": 0,
					"retryIntervalInSeconds": 30,
					"secureOutput": false,
					"secureInput": false
				},
				"userProperties": [],
				"typeProperties": {
					"source": {
						"type": "DelimitedTextSource",
						"storeSettings": {
							"type": "AzureBlobFSReadSettings",
							"recursive": true,
							"enablePartitionDiscovery": false
						},
						"formatSettings": {
							"type": "DelimitedTextReadSettings"
						}
					},
					"sink": {
						"type": "AzureSqlSink",
						"preCopyScript": {
							"value": "DROP TABLE IF EXISTS stage.@{variables('tbl_name')}",
							"type": "Expression"
						},
						"writeBehavior": "insert",
						"sqlWriterUseTableLock": false,
						"tableOption": "autoCreate",
						"disableMetricsCollection": false
					},
					"enableStaging": false,
					"translator": {
						"type": "TabularTranslator",
						"typeConversion": true,
						"typeConversionSettings": {
							"allowDataTruncation": true,
							"treatBooleanAsNumber": false
						}
					}
				},
				"inputs": [
					{
						"referenceName": "DS_GenericInternalCsvPipe",
						"type": "DatasetReference",
						"parameters": {
							"in_cntnr_name_txt": "converter-input",
							"in_path_txt": "output",
							"in_file_name_txt": {
								"value": "@concat(pipeline().parameters.input_file_name, activity('Get Random number').output.firstRow.rnum)",
								"type": "Expression"
							},
							"in_storg_acct_name": {
								"value": "@activity('GetSecretValueInboundStorageAccountName').output.value",
								"type": "Expression"
							}
						}
					}
				],
				"outputs": [
					{
						"referenceName": "DS_DbGeneric",
						"type": "DatasetReference",
						"parameters": {
							"in_schma_name": "stage",
							"in_tbl_view": {
								"value": "@variables('tbl_name')",
								"type": "Expression"
							},
							"in_key_vault_name": {
								"value": "@pipeline().globalParameters.globl_key_vault_name",
								"type": "Expression"
							}
						}
					}
				]
			},
			{
				"name": "Get Work Table name and Load",
				"type": "Lookup",
				"dependsOn": [
					{
						"activity": "Get File Definition ID",
						"dependencyConditions": [
							"Succeeded"
						]
					}
				],
				"policy": {
					"timeout": "0.12:00:00",
					"retry": 0,
					"retryIntervalInSeconds": 30,
					"secureOutput": false,
					"secureInput": false
				},
				"userProperties": [],
				"typeProperties": {
					"source": {
						"type": "AzureSqlSource",
						"sqlReaderQuery": {
							"value": "select work_tbl_name, load_ind from md.file_dfntn_vers_prc_vw \nwhere file_dfntn_vers_id = @{activity('Get File Definition ID').output.firstRow.file_dfntn_vers_id}",
							"type": "Expression"
						},
						"queryTimeout": "02:00:00",
						"partitionOption": "None"
					},
					"dataset": {
						"referenceName": "DS_DbGeneric",
						"type": "DatasetReference",
						"parameters": {
							"in_schma_name": "..",
							"in_tbl_view": "..",
							"in_key_vault_name": {
								"value": "@pipeline().globalParameters.globl_key_vault_name",
								"type": "Expression"
							}
						}
					}
				}
			},
			{
				"name": "If Non-load",
				"type": "IfCondition",
				"dependsOn": [
					{
						"activity": "Stop the Processing",
						"dependencyConditions": [
							"Succeeded"
						]
					}
				],
				"userProperties": [],
				"typeProperties": {
					"expression": {
						"value": "@equals(activity('Get Work Table name and Load').output.firstRow.load_ind,'N')",
						"type": "Expression"
					},
					"ifTrueActivities": [
						{
							"name": "Set System Columns to NULL",
							"type": "Lookup",
							"dependsOn": [],
							"policy": {
								"timeout": "0.12:00:00",
								"retry": 0,
								"retryIntervalInSeconds": 30,
								"secureOutput": false,
								"secureInput": false
							},
							"userProperties": [],
							"typeProperties": {
								"source": {
									"type": "AzureSqlSource",
									"sqlReaderQuery": {
										"value": "update stage.@{variables('tbl_name')} set sys_last_mdfd_datetm = NULL;\nupdate stage.@{variables('tbl_name')} set sys_last_mdfd_user_name = NULL;\nupdate stage.@{variables('tbl_name')} set sys_row_id = NULL;\nupdate stage.@{variables('tbl_name')} set sys_init_actn_id = NULL;\nupdate stage.@{variables('tbl_name')} set sys_last_uplod_actn_id = NULL;\n\nDELETE FROM input.@{activity('Get Work Table name and Load').output.firstRow.work_tbl_name};\nSELECT 1",
										"type": "Expression"
									},
									"queryTimeout": "02:00:00",
									"partitionOption": "None"
								},
								"dataset": {
									"referenceName": "DS_DbGeneric",
									"type": "DatasetReference",
									"parameters": {
										"in_schma_name": "..",
										"in_tbl_view": "..",
										"in_key_vault_name": {
											"value": "@pipeline().globalParameters.globl_key_vault_name",
											"type": "Expression"
										}
									}
								}
							}
						}
					]
				}
			},
			{
				"name": "Delete Existing CSV",
				"type": "Delete",
				"dependsOn": [
					{
						"activity": "GetConverterUrl",
						"dependencyConditions": [
							"Succeeded"
						]
					}
				],
				"policy": {
					"timeout": "0.12:00:00",
					"retry": 0,
					"retryIntervalInSeconds": 30,
					"secureOutput": false,
					"secureInput": false
				},
				"userProperties": [],
				"typeProperties": {
					"dataset": {
						"referenceName": "DS_GenericInternalCsvPipe",
						"type": "DatasetReference",
						"parameters": {
							"in_cntnr_name_txt": "converter-input",
							"in_path_txt": "output",
							"in_file_name_txt": {
								"value": "@concat(pipeline().parameters.input_file_name, activity('Get Random number').output.firstRow.rnum)",
								"type": "Expression"
							},
							"in_storg_acct_name": {
								"value": "@activity('GetSecretValueInboundStorageAccountName').output.value",
								"type": "Expression"
							}
						}
					},
					"enableLogging": false,
					"storeSettings": {
						"type": "AzureBlobFSReadSettings",
						"recursive": true,
						"enablePartitionDiscovery": false
					}
				}
			},
			{
				"name": "Set Market group",
				"type": "SetVariable",
				"dependsOn": [],
				"userProperties": [],
				"typeProperties": {
					"variableName": "mkt_grp",
					"value": {
						"value": "@toUpper(replace(replace(pipeline().parameters.market_grp_name, ' ', ''),'-', '_' ))",
						"type": "Expression"
					}
				}
			},
			{
				"name": "Set File Name",
				"type": "SetVariable",
				"dependsOn": [],
				"userProperties": [],
				"typeProperties": {
					"variableName": "file_name",
					"value": {
						"value": "@toUpper(replace(replace(replace(replace(pipeline().parameters.input_template_name, '-', ''), '.', ''), ' ', '_'), '__', '_'))",
						"type": "Expression"
					}
				}
			},
			{
				"name": "DB Table Name",
				"type": "SetVariable",
				"dependsOn": [
					{
						"activity": "Get Random number",
						"dependencyConditions": [
							"Succeeded"
						]
					}
				],
				"userProperties": [],
				"typeProperties": {
					"variableName": "tbl_name",
					"value": {
						"value": "@replace(replace(replace(replace(replace(concat(pipeline().parameters.input_file_name, '_stg_tbl_',activity('Get Random number').output.firstRow.rnum ), '-', '_'), '.', ''), ' ', '_'), '(', ''), ')', '')",
						"type": "Expression"
					}
				}
			},
			{
				"name": "Get Random number",
				"type": "Lookup",
				"dependsOn": [],
				"policy": {
					"timeout": "0.12:00:00",
					"retry": 0,
					"retryIntervalInSeconds": 30,
					"secureOutput": false,
					"secureInput": false
				},
				"userProperties": [],
				"typeProperties": {
					"source": {
						"type": "AzureSqlSource",
						"sqlReaderQuery": {
							"value": "SELECT Cast(RAND()*(999999-10000)+10000 as int) as rnum",
							"type": "Expression"
						},
						"queryTimeout": "02:00:00",
						"partitionOption": "None"
					},
					"dataset": {
						"referenceName": "DS_DbGeneric",
						"type": "DatasetReference",
						"parameters": {
							"in_schma_name": "..",
							"in_tbl_view": "..",
							"in_key_vault_name": {
								"value": "@pipeline().globalParameters.globl_key_vault_name",
								"type": "Expression"
							}
						}
					}
				}
			},
			{
				"name": "Check Input Parameters",
				"type": "IfCondition",
				"dependsOn": [
					{
						"activity": "If Non-load",
						"dependencyConditions": [
							"Succeeded"
						]
					}
				],
				"userProperties": [],
				"typeProperties": {
					"expression": {
						"value": "@and(and(contains(toUpper(variables('tbl_name')), variables('mkt_grp')), contains(toUpper(variables('tbl_name')), variables('file_name'))), equals(string(activity('Fetch Column Config').output.firstRow.cnt),'0' ))",
						"type": "Expression"
					},
					"ifFalseActivities": [
						{
							"name": "Fail",
							"type": "Fail",
							"dependsOn": [],
							"userProperties": [],
							"typeProperties": {
								"message": "Wrong Input Template / Wrong input Parameters",
								"errorCode": "404"
							}
						}
					],
					"ifTrueActivities": [
						{
							"name": "Execute Merge",
							"type": "SqlServerStoredProcedure",
							"dependsOn": [],
							"policy": {
								"timeout": "0.12:00:00",
								"retry": 0,
								"retryIntervalInSeconds": 30,
								"secureOutput": false,
								"secureInput": false
							},
							"userProperties": [],
							"typeProperties": {
								"storedProcedureName": "[main].[dataMigration]",
								"storedProcedureParameters": {
									"in_file_dfntn_vers_id": {
										"value": {
											"value": "@activity('Get File Definition ID').output.firstRow.file_dfntn_vers_id",
											"type": "Expression"
										},
										"type": "Int32"
									},
									"in_parnt_comp_exctn_id": {
										"value": "1",
										"type": "Int32"
									},
									"in_tbl_name": {
										"value": {
											"value": "@variables('tbl_name')",
											"type": "Expression"
										},
										"type": "String"
									},
									"scope_id": {
										"value": {
											"value": "@activity('Get Scope ID').output.firstRow.scope_id",
											"type": "Expression"
										},
										"type": "Int32"
									},
									"user_name": {
										"value": {
											"value": "@string(pipeline().parameters.user_name)",
											"type": "Expression"
										},
										"type": "String"
									}
								}
							},
							"linkedServiceName": {
								"referenceName": "LS_SQLDatabase",
								"type": "LinkedServiceReference",
								"parameters": {
									"in_key_vault_name": {
										"value": "@pipeline().globalParameters.globl_key_vault_name",
										"type": "Expression"
									}
								}
							}
						},
						{
							"name": "Execute File Submit",
							"type": "ExecutePipeline",
							"dependsOn": [
								{
									"activity": "Execute Merge",
									"dependencyConditions": [
										"Succeeded"
									]
								}
							],
							"userProperties": [],
							"typeProperties": {
								"pipeline": {
									"referenceName": "fl-FileSubmit",
									"type": "PipelineReference"
								},
								"waitOnCompletion": true,
								"parameters": {
									"in_parnt_comp_exctn_id": 1,
									"in_user_name": {
										"value": "@pipeline().parameters.user_name",
										"type": "Expression"
									},
									"in_file_dfntn_vers_id": {
										"value": "@activity('Get File Definition ID').output.firstRow.file_dfntn_vers_id",
										"type": "Expression"
									},
									"in_scope_id": {
										"value": "@activity('Get Scope ID').output.firstRow.scope_id",
										"type": "Expression"
									}
								}
							}
						}
					]
				}
			},
			{
				"name": "Fetch Column Config",
				"type": "Lookup",
				"dependsOn": [
					{
						"activity": "Copy Data from CSV to DB",
						"dependencyConditions": [
							"Succeeded"
						]
					},
					{
						"activity": "Get Scope ID",
						"dependencyConditions": [
							"Succeeded"
						]
					}
				],
				"policy": {
					"timeout": "0.12:00:00",
					"retry": 0,
					"retryIntervalInSeconds": 30,
					"secureOutput": false,
					"secureInput": false
				},
				"userProperties": [],
				"typeProperties": {
					"source": {
						"type": "AzureSqlSource",
						"sqlReaderQuery": {
							"value": "select count(*) as cnt from (\nselect col_name, name from (select * from md.file_dfntn_vers_col_prc_vw a\nwhere a.file_dfntn_vers_id = '@{activity('Get File Definition ID').output.firstRow.file_dfntn_vers_id}' and sys_col_ind = 'N' and hdn_ind = 'N' \nunion\nselect * from md.file_dfntn_vers_col_prc_vw a\nwhere a.file_dfntn_vers_id = '@{activity('Get File Definition ID').output.firstRow.file_dfntn_vers_id}' and sys_col_ind = 'Y' )p\nLEFT join  (SELECT name,column_id FROM sys.columns \n WHERE object_id = OBJECT_ID('@{concat('stage.', variables('tbl_name'))}')) q\n on p.col_name = q.name)r where name is NULL",
							"type": "Expression"
						},
						"queryTimeout": "02:00:00",
						"partitionOption": "None"
					},
					"dataset": {
						"referenceName": "DS_DbGeneric",
						"type": "DatasetReference",
						"parameters": {
							"in_schma_name": "..",
							"in_tbl_view": "..",
							"in_key_vault_name": {
								"value": "@pipeline().globalParameters.globl_key_vault_name",
								"type": "Expression"
							}
						}
					}
				}
			},
			{
				"name": "Stop the Processing",
				"type": "IfCondition",
				"dependsOn": [
					{
						"activity": "Fetch Column Config",
						"dependencyConditions": [
							"Succeeded"
						]
					}
				],
				"userProperties": [],
				"typeProperties": {
					"expression": {
						"value": "@and(and(contains(toUpper(variables('tbl_name')), variables('mkt_grp')), contains(toUpper(variables('tbl_name')), variables('file_name'))), equals(string(activity('Fetch Column Config').output.firstRow.cnt),'0' ))",
						"type": "Expression"
					},
					"ifFalseActivities": [
						{
							"name": "Fail Pipeline",
							"type": "Fail",
							"dependsOn": [],
							"userProperties": [],
							"typeProperties": {
								"message": "Wrong Input Template / Wrong input Parameters",
								"errorCode": "404"
							}
						}
					]
				}
			}
		],
		"parameters": {
			"input_file_name": {
				"type": "string",
				"defaultValue": "Europe_CE_TT-Direct-Actuals-Abs._ALL"
			},
			"user_name": {
				"type": "string",
				"defaultValue": "colaco.cc"
			},
			"input_template_name": {
				"type": "string",
				"defaultValue": "TT Direct Actuals Perc."
			},
			"market_grp_name": {
				"type": "string",
				"defaultValue": "Europe - CE"
			}
		},
		"variables": {
			"conv_param": {
				"type": "String"
			},
			"tbl_name": {
				"type": "String"
			},
			"mkt_grp": {
				"type": "String"
			},
			"file_name": {
				"type": "String"
			}
		},
		"folder": {
			"name": "File"
		},
		"annotations": []
	}
}