{
	"name": "fl-PFYDataFreeze",
	"properties": {
		"activities": [
			{
				"name": "Get File Name",
				"type": "Lookup",
				"dependsOn": [],
				"policy": {
					"timeout": "0.12:00:00",
					"retry": 0,
					"retryIntervalInSeconds": 30,
					"secureOutput": false,
					"secureInput": false
				},
				"userProperties": [],
				"typeProperties": {
					"source": {
						"type": "AzureSqlSource",
						"sqlReaderQuery": {
							"value": "SELECT file_name, work_vw_name from md.file_dfntn_vers_prc_vw\nwhere file_dfntn_vers_id = '@{pipeline().parameters.file_dfntn_vers_id}'",
							"type": "Expression"
						},
						"queryTimeout": "02:00:00",
						"partitionOption": "None"
					},
					"dataset": {
						"referenceName": "DS_DbGeneric",
						"type": "DatasetReference",
						"parameters": {
							"in_schma_name": "..",
							"in_tbl_view": "..",
							"in_key_vault_name": {
								"value": "@pipeline().globalParameters.globl_key_vault_name",
								"type": "Expression"
							}
						}
					}
				}
			},
			{
				"name": "Check if File is in Scope",
				"type": "Lookup",
				"dependsOn": [
					{
						"activity": "Get File Name",
						"dependencyConditions": [
							"Succeeded"
						]
					}
				],
				"policy": {
					"timeout": "0.12:00:00",
					"retry": 0,
					"retryIntervalInSeconds": 30,
					"secureOutput": false,
					"secureInput": false
				},
				"userProperties": [],
				"typeProperties": {
					"source": {
						"type": "AzureSqlSource",
						"sqlReaderQuery": {
							"value": "select \n\tcase \n\t\twhen f.file_name = 'SD Customer Direct Actuals Abs.' then 'True'\n\t\twhen f.file_name = 'SD Customer Direct Actuals Perc.' then 'True'\n\t\twhen f.file_name = 'SD Customer Indirect Actuals Abs.' then 'True'\n\t\twhen f.file_name = 'SD Customer Indirect Actuals Perc.' then 'True'\n\t\twhen f.file_name = 'SD National Direct Actuals Abs.' then 'True'\n\t\twhen f.file_name = 'SD National Direct Actuals Perc.' then 'True'\n\t\twhen f.file_name = 'SD National Direct Forecast Perc.' then 'True'\n\t\twhen f.file_name = 'SD National Indirect Actuals Abs.' then 'True'\n\t\twhen f.file_name = 'SD Regional Direct Actuals Perc.' then 'True'\n\t\twhen f.file_name = 'SD Regional Direct Forecast Perc.' then 'True'\n\t\twhen f.file_name = 'TT Direct Actuals Abs.' then 'True'\n\t\twhen f.file_name = 'TT Direct Actuals Perc.' then 'True'\n\t\twhen f.file_name = 'TT Direct Forecast Perc.' then 'True'\n\t\twhen f.file_name = 'TT Indirect Actuals Perc.' then 'True'\n\t\twhen f.file_name = 'Customer Manual Input - LA' then 'True'\n\t\twhen f.file_name = 'FMR Inputs' then 'True'\n\t\telse 'False'\n\tend as fileflag\n\tfrom (select '@{activity('Get File Name').output.firstRow.file_name}' as file_name) f",
							"type": "Expression"
						},
						"queryTimeout": "02:00:00",
						"partitionOption": "None"
					},
					"dataset": {
						"referenceName": "DS_DbGeneric",
						"type": "DatasetReference",
						"parameters": {
							"in_schma_name": "..",
							"in_tbl_view": "..",
							"in_key_vault_name": {
								"value": "@pipeline().globalParameters.globl_key_vault_name",
								"type": "Expression"
							}
						}
					}
				}
			},
			{
				"name": "Check if Month is FY Start",
				"type": "Lookup",
				"dependsOn": [
					{
						"activity": "Check if File is in Scope",
						"dependencyConditions": [
							"Succeeded"
						]
					}
				],
				"policy": {
					"timeout": "0.12:00:00",
					"retry": 0,
					"retryIntervalInSeconds": 30,
					"secureOutput": false,
					"secureInput": false
				},
				"userProperties": [],
				"typeProperties": {
					"source": {
						"type": "AzureSqlSource",
						"sqlReaderQuery": {
							"value": "select f.dateflag dateflag from (select \n\tcase \n\t\twhen cast(month(CURRENT_TIMESTAMP) as int) = 9 then 'False'\n\t\twhen cast(month(CURRENT_TIMESTAMP) as int) = 8 then 'False'\n\t\telse 'True'\n\tend as dateflag) f",
							"type": "Expression"
						},
						"queryTimeout": "02:00:00",
						"partitionOption": "None"
					},
					"dataset": {
						"referenceName": "DS_DbGeneric",
						"type": "DatasetReference",
						"parameters": {
							"in_schma_name": "..",
							"in_tbl_view": "..",
							"in_key_vault_name": {
								"value": "@pipeline().globalParameters.globl_key_vault_name",
								"type": "Expression"
							}
						}
					}
				}
			},
			{
				"name": "Check if all conditions Satisfy",
				"type": "IfCondition",
				"dependsOn": [
					{
						"activity": "Check if Month is FY Start",
						"dependencyConditions": [
							"Succeeded"
						]
					}
				],
				"userProperties": [],
				"typeProperties": {
					"expression": {
						"value": "@and(and(equals(pipeline().parameters.admin_ind,'N'), equals(activity('Check if Month is FY Start').output.firstRow.dateflag,'True')), equals(activity('Check if File is in Scope').output.firstRow.fileflag,'True'))\n\n\n",
						"type": "Expression"
					},
					"ifFalseActivities": [
						{
							"name": "Create the merge table with full scope",
							"type": "Lookup",
							"dependsOn": [],
							"policy": {
								"timeout": "0.12:00:00",
								"retry": 0,
								"retryIntervalInSeconds": 30,
								"secureOutput": false,
								"secureInput": false
							},
							"userProperties": [],
							"typeProperties": {
								"source": {
									"type": "AzureSqlSource",
									"sqlReaderQuery": {
										"value": "SELECT * INTO @{concat('stage.', pipeline().parameters.stage_tbl_name, '_post_freeze')} FROM stage.@{pipeline().parameters.stage_tbl_name};\nSELECT 1",
										"type": "Expression"
									},
									"queryTimeout": "02:00:00",
									"partitionOption": "None"
								},
								"dataset": {
									"referenceName": "DS_DbGeneric",
									"type": "DatasetReference",
									"parameters": {
										"in_schma_name": "..",
										"in_tbl_view": "..",
										"in_key_vault_name": {
											"value": "@pipeline().globalParameters.globl_key_vault_name",
											"type": "Expression"
										}
									}
								}
							}
						}
					],
					"ifTrueActivities": [
						{
							"name": "Generate CFY Cutoff Date",
							"type": "Lookup",
							"dependsOn": [],
							"policy": {
								"timeout": "0.12:00:00",
								"retry": 0,
								"retryIntervalInSeconds": 30,
								"secureOutput": false,
								"secureInput": false
							},
							"userProperties": [],
							"typeProperties": {
								"source": {
									"type": "AzureSqlSource",
									"sqlReaderQuery": {
										"value": "select concat('''',f.fyear, '-07', '-01','''') as startdate from (\nselect\ncase\n    when cast(MONTH(CURRENT_TIMESTAMP) as nvarchar) in ('8','9','10','11','12') then cast(year(CURRENT_TIMESTAMP) as int)\n    else cast(year(CURRENT_TIMESTAMP) as int) - 1\nend as fyear) f\nwhere 1=1",
										"type": "Expression"
									},
									"queryTimeout": "02:00:00",
									"partitionOption": "None"
								},
								"dataset": {
									"referenceName": "DS_DbGeneric",
									"type": "DatasetReference",
									"parameters": {
										"in_schma_name": "..",
										"in_tbl_view": "..",
										"in_key_vault_name": {
											"value": "@pipeline().globalParameters.globl_key_vault_name",
											"type": "Expression"
										}
									}
								}
							}
						},
						{
							"name": "Create a table with only CFY data",
							"type": "Lookup",
							"dependsOn": [
								{
									"activity": "Generate CFY Cutoff Date",
									"dependencyConditions": [
										"Succeeded"
									]
								}
							],
							"policy": {
								"timeout": "0.12:00:00",
								"retry": 0,
								"retryIntervalInSeconds": 30,
								"secureOutput": false,
								"secureInput": false
							},
							"userProperties": [],
							"typeProperties": {
								"source": {
									"type": "AzureSqlSource",
									"sqlReaderQuery": {
										"value": "SELECT * INTO @{concat('stage.', pipeline().parameters.stage_tbl_name, '_post_freeze')} FROM stage.@{pipeline().parameters.stage_tbl_name} WHERE CAST(MTH_NUM as DATE) >= @{activity('Generate CFY Cutoff Date').output.firstRow.startdate};\n\nSELECT 1",
										"type": "Expression"
									},
									"queryTimeout": "02:00:00",
									"partitionOption": "None"
								},
								"dataset": {
									"referenceName": "DS_DbGeneric",
									"type": "DatasetReference",
									"parameters": {
										"in_schma_name": "..",
										"in_tbl_view": "..",
										"in_key_vault_name": {
											"value": "@pipeline().globalParameters.globl_key_vault_name",
											"type": "Expression"
										}
									}
								}
							}
						}
					]
				}
			},
			{
				"name": "Work Table backup",
				"type": "Lookup",
				"dependsOn": [
					{
						"activity": "Get File Name",
						"dependencyConditions": [
							"Succeeded"
						]
					}
				],
				"policy": {
					"timeout": "0.12:00:00",
					"retry": 0,
					"retryIntervalInSeconds": 30,
					"secureOutput": false,
					"secureInput": false
				},
				"userProperties": [],
				"typeProperties": {
					"source": {
						"type": "AzureSqlSource",
						"sqlReaderQuery": {
							"value": "select * INTO @{concat('stage.',activity('Get File Name').output.firstRow.work_vw_name, '_',pipeline().parameters.stage_tbl_name)} \nfrom input.@{activity('Get File Name').output.firstRow.work_vw_name};\nSELECT 1\n",
							"type": "Expression"
						},
						"queryTimeout": "02:00:00",
						"partitionOption": "None"
					},
					"dataset": {
						"referenceName": "DS_DbGeneric",
						"type": "DatasetReference",
						"parameters": {
							"in_schma_name": "..",
							"in_tbl_view": "..",
							"in_key_vault_name": {
								"value": "@pipeline().globalParameters.globl_key_vault_name",
								"type": "Expression"
							}
						}
					}
				}
			}
		],
		"parameters": {
			"admin_ind": {
				"type": "string",
				"defaultValue": "N"
			},
			"file_dfntn_vers_id": {
				"type": "string"
			},
			"stage_tbl_name": {
				"type": "string"
			}
		},
		"variables": {
			"query": {
				"type": "String"
			}
		},
		"folder": {
			"name": "File"
		},
		"annotations": []
	}
}