{
	"name": "fl-Process-V05",
	"properties": {
		"activities": [
			{
				"name": "Execute V05 DQ Check",
				"type": "Lookup",
				"dependsOn": [],
				"policy": {
					"timeout": "0.12:00:00",
					"retry": 0,
					"retryIntervalInSeconds": 30,
					"secureOutput": false,
					"secureInput": false
				},
				"userProperties": [],
				"typeProperties": {
					"source": {
						"type": "AzureSqlSource",
						"sqlReaderStoredProcedureName": "[main].[pro_v05_dq_check]",
						"storedProcedureParameters": {
							"in_file_dfntn_vers_id": {
								"type": "Int32",
								"value": {
									"value": "@pipeline().parameters.in_file_dfntn_vers_id",
									"type": "Expression"
								}
							},
							"in_user_name": {
								"type": "String",
								"value": {
									"value": "@pipeline().parameters.in_user_name",
									"type": "Expression"
								}
							},
							"input_tbl_name": {
								"type": "String",
								"value": {
									"value": "@pipeline().parameters.input_tbl_name",
									"type": "Expression"
								}
							},
							"output_tbl_name": {
								"type": "String",
								"value": null
							}
						},
						"queryTimeout": "02:00:00",
						"partitionOption": "None"
					},
					"dataset": {
						"referenceName": "DS_DbGeneric",
						"type": "DatasetReference",
						"parameters": {
							"in_schma_name": "..",
							"in_tbl_view": "..",
							"in_key_vault_name": {
								"value": "@pipeline().globalParameters.globl_key_vault_name",
								"type": "Expression"
							}
						}
					}
				}
			},
			{
				"name": "Set output table name for V05",
				"description": "",
				"type": "SetVariable",
				"dependsOn": [
					{
						"activity": "Execute V05 DQ Check",
						"dependencyConditions": [
							"Succeeded"
						]
					}
				],
				"userProperties": [],
				"typeProperties": {
					"variableName": "V05_output_tbl_name",
					"value": {
						"value": "@activity('Execute V05 DQ Check').output.firstRow.output_tbl_name\n\n\n",
						"type": "Expression"
					}
				}
			},
			{
				"name": "Check if there are some changing rows",
				"type": "Lookup",
				"dependsOn": [
					{
						"activity": "Set output table name for V05",
						"dependencyConditions": [
							"Succeeded"
						]
					}
				],
				"policy": {
					"timeout": "0.12:00:00",
					"retry": 0,
					"retryIntervalInSeconds": 30,
					"secureOutput": false,
					"secureInput": false
				},
				"userProperties": [],
				"typeProperties": {
					"source": {
						"type": "AzureSqlSource",
						"sqlReaderQuery": {
							"value": "@concat('Select count(*) as count from ', variables('V05_output_tbl_name'))",
							"type": "Expression"
						},
						"queryTimeout": "02:00:00",
						"partitionOption": "None"
					},
					"dataset": {
						"referenceName": "DS_DbGeneric",
						"type": "DatasetReference",
						"parameters": {
							"in_schma_name": "..",
							"in_tbl_view": "..",
							"in_key_vault_name": {
								"value": "@pipeline().globalParameters.globl_key_vault_name",
								"type": "Expression"
							}
						}
					}
				}
			},
			{
				"name": "fetch Scope ID and Timestamp",
				"type": "Lookup",
				"dependsOn": [],
				"policy": {
					"timeout": "0.12:00:00",
					"retry": 0,
					"retryIntervalInSeconds": 30,
					"secureOutput": false,
					"secureInput": false
				},
				"userProperties": [],
				"typeProperties": {
					"source": {
						"type": "AzureSqlSource",
						"sqlReaderQuery": {
							"value": "select mkt_grp_name,file_name,mkt_name,scope_name, CURRENT_TIMESTAMP as ts from md.scope_prc_vw where \nscope_id = @{pipeline().parameters.scope_id}",
							"type": "Expression"
						},
						"queryTimeout": "02:00:00",
						"partitionOption": "None"
					},
					"dataset": {
						"referenceName": "DS_DbGeneric",
						"type": "DatasetReference",
						"parameters": {
							"in_schma_name": "..",
							"in_tbl_view": "..",
							"in_key_vault_name": {
								"value": "@pipeline().globalParameters.globl_key_vault_name",
								"type": "Expression"
							}
						}
					}
				}
			},
			{
				"name": "Set Physical File name",
				"type": "SetVariable",
				"dependsOn": [
					{
						"activity": "fetch Scope ID and Timestamp",
						"dependencyConditions": [
							"Succeeded"
						]
					}
				],
				"userProperties": [],
				"typeProperties": {
					"variableName": "out_file_name",
					"value": {
						"value": "@concat(replace(replace(replace(replace(replace(activity('fetch Scope ID and Timestamp').output.firstRow.scope_name,' ' ,'_' ),'/','_'),'.',''),'_',''),'-','_'),'_',replace(replace(replace(replace(replace(activity('fetch Scope ID and Timestamp').output.firstRow.ts,'-' ,'' ),' ',''),':',''),'.',''),'T',''))",
						"type": "Expression"
					}
				}
			},
			{
				"name": "insert email metadata",
				"type": "Lookup",
				"dependsOn": [
					{
						"activity": "Check if there are some changing rows",
						"dependencyConditions": [
							"Succeeded"
						]
					}
				],
				"policy": {
					"timeout": "0.12:00:00",
					"retry": 0,
					"retryIntervalInSeconds": 30,
					"secureOutput": false,
					"secureInput": false
				},
				"userProperties": [],
				"typeProperties": {
					"source": {
						"type": "AzureSqlSource",
						"sqlReaderQuery": {
							"value": "INSERT INTO md.non_critical_email_metadata\n(file_action_id,fcount,dq_code,dq_desc,download_link,tr_info,detail_info,status)\nVALUES\n(\n    @{pipeline().parameters.file_action_id},\n    @{activity('Check if there are some changing rows').output.firstRow.count},\n    'V05',\n    'Invalid row has entered data',\n    NULL,\n    NULL,\n    NULL,\n    NULL\n\n)\nSELECT 1",
							"type": "Expression"
						},
						"queryTimeout": "02:00:00",
						"partitionOption": "None"
					},
					"dataset": {
						"referenceName": "DS_DbGeneric",
						"type": "DatasetReference",
						"parameters": {
							"in_schma_name": "..",
							"in_tbl_view": "..",
							"in_key_vault_name": {
								"value": "@pipeline().globalParameters.globl_key_vault_name",
								"type": "Expression"
							}
						}
					}
				}
			},
			{
				"name": "If there are rows in the output table",
				"type": "IfCondition",
				"dependsOn": [
					{
						"activity": "Set Physical File name",
						"dependencyConditions": [
							"Succeeded"
						]
					},
					{
						"activity": "Check if there are some changing rows",
						"dependencyConditions": [
							"Succeeded"
						]
					}
				],
				"userProperties": [],
				"typeProperties": {
					"expression": {
						"value": "@greater(activity('Check if there are some changing rows').output.firstRow.count, 0)",
						"type": "Expression"
					},
					"ifTrueActivities": [
						{
							"name": "GetSecretValueInboundStorageAccountName",
							"type": "WebActivity",
							"dependsOn": [],
							"policy": {
								"timeout": "0.00:02:00",
								"retry": 0,
								"retryIntervalInSeconds": 30,
								"secureOutput": true,
								"secureInput": false
							},
							"userProperties": [],
							"typeProperties": {
								"url": {
									"value": "@concat(\n'https://'\n,pipeline().globalParameters.globl_key_vault_name\n,'.vault.azure.net/secrets/'\n,'cngc-inbound-storage-account-name'\n,'?'\n,pipeline().globalParameters.globl_key_vault_url_api_vers\n)",
									"type": "Expression"
								},
								"method": "GET",
								"authentication": {
									"type": "MSI",
									"resource": "https://vault.azure.net"
								}
							}
						},
						{
							"name": "CopyFromDBtoCSV",
							"type": "Copy",
							"dependsOn": [
								{
									"activity": "GetSecretValueInboundStorageAccountName",
									"dependencyConditions": [
										"Succeeded"
									]
								}
							],
							"policy": {
								"timeout": "7.00:00:00",
								"retry": 0,
								"retryIntervalInSeconds": 30,
								"secureOutput": false,
								"secureInput": false
							},
							"userProperties": [],
							"typeProperties": {
								"source": {
									"type": "AzureSqlSource",
									"sqlReaderQuery": {
										"value": "select * from @{variables('V05_output_tbl_name')}",
										"type": "Expression"
									},
									"queryTimeout": "02:00:00",
									"partitionOption": "None"
								},
								"sink": {
									"type": "DelimitedTextSink",
									"storeSettings": {
										"type": "AzureBlobFSWriteSettings"
									},
									"formatSettings": {
										"type": "DelimitedTextWriteSettings",
										"quoteAllText": true,
										"fileExtension": ".txt"
									}
								},
								"enableStaging": false,
								"translator": {
									"type": "TabularTranslator",
									"typeConversion": true,
									"typeConversionSettings": {
										"allowDataTruncation": true,
										"treatBooleanAsNumber": false
									}
								}
							},
							"inputs": [
								{
									"referenceName": "DS_DbGeneric",
									"type": "DatasetReference",
									"parameters": {
										"in_schma_name": "..",
										"in_tbl_view": "..",
										"in_key_vault_name": {
											"value": "@pipeline().globalParameters.globl_key_vault_name",
											"type": "Expression"
										}
									}
								}
							],
							"outputs": [
								{
									"referenceName": "DS_GenericInternalCsvPipe",
									"type": "DatasetReference",
									"parameters": {
										"in_cntnr_name_txt": "converter-input",
										"in_path_txt": "input",
										"in_file_name_txt": "@variables('out_file_name')",
										"in_storg_acct_name": "@activity('GetSecretValueInboundStorageAccountName').output.value"
									}
								}
							]
						},
						{
							"name": "Get Converter Parameters",
							"type": "Lookup",
							"dependsOn": [],
							"policy": {
								"timeout": "0.12:00:00",
								"retry": 0,
								"retryIntervalInSeconds": 30,
								"secureOutput": false,
								"secureInput": false
							},
							"userProperties": [],
							"typeProperties": {
								"source": {
									"type": "AzureSqlSource",
									"sqlReaderQuery": {
										"value": "SELECT\n    concat(\n        '\"attributeDefinitions\":[',\n        string_agg(f.inner_json, ','),\n        ']'\n    ) as attr\nfrom\n    (\n        select\n            concat(\n                '{\"columnName\":',\n                '\"',\n                p.name,\n                '\",',\n                '\"label\":',\n                '\"',\n                p.name,\n                '\",',\n                '\"keyColumn\" : true,',\n                '\"editable\" : false, \"hidden\" : false,',\n                '\"type\":',\n                '\"',\n                p.col_type_name,\n                '\"}'\n            ) as inner_json\n        from\n            (\n                select\n                    name,\n                    isnull(col_type_name, 'TEXT') as col_type_name\n                from\n                    (\n                        SELECT\n                            name,\n                            column_id\n                        FROM\n                            sys.columns\n                        WHERE\n                            object_id = OBJECT_ID(\n                                '@{variables('V05_output_tbl_name')}'\n                            )\n                    ) main\n                    LEFT JOIN (\n                        SELECT\n                            col_type_name,\n                            file_dfntn_vers_id,\n                            col_label\n                        from\n                            md.[file_dfntn_vers_col_prc_vw]\n                        where\n                            file_dfntn_vers_id = @{pipeline().parameters.in_file_dfntn_vers_id}\n                    ) col on main.name = col.col_label\n                order by\n                    main.column_id OFFSET 0 ROWS\n            ) p\n    ) f",
										"type": "Expression"
									},
									"queryTimeout": "02:00:00",
									"partitionOption": "None"
								},
								"dataset": {
									"referenceName": "DS_DbGeneric",
									"type": "DatasetReference",
									"parameters": {
										"in_schma_name": "..",
										"in_tbl_view": "..",
										"in_key_vault_name": {
											"value": "@pipeline().globalParameters.globl_key_vault_name",
											"type": "Expression"
										}
									}
								}
							}
						},
						{
							"name": "Set Converter Json",
							"type": "SetVariable",
							"dependsOn": [
								{
									"activity": "Get Converter Parameters",
									"dependencyConditions": [
										"Succeeded"
									]
								}
							],
							"userProperties": [],
							"typeProperties": {
								"variableName": "conv_param",
								"value": {
									"value": "@concat('{\n    \"inputPath\":','\"','input/',variables('out_file_name'),'.csv','\",',\n    '\"outputPath\":','\"','output/',variables('out_file_name'),'.xlsx','\",',\n    '\"conversionType\": \"CSV_TO_XLSX\",',\n    '\"nonLoad\": false,',\n    activity('Get Converter Parameters').output.firstRow.attr,\n    '}'\n    )",
									"type": "Expression"
								}
							}
						},
						{
							"name": "CreateFileDownload",
							"type": "Lookup",
							"dependsOn": [
								{
									"activity": "CopyFromDBtoCSV",
									"dependencyConditions": [
										"Succeeded"
									]
								}
							],
							"policy": {
								"timeout": "7.00:00:00",
								"retry": 0,
								"retryIntervalInSeconds": 30,
								"secureOutput": false,
								"secureInput": false
							},
							"userProperties": [],
							"typeProperties": {
								"source": {
									"type": "AzureSqlSource",
									"sqlReaderStoredProcedureName": "[main].[pro_file_dwnld_creat]",
									"storedProcedureParameters": {
										"in_disp_file_name": {
											"type": "String",
											"value": {
												"value": "@concat(replace(replace(replace(replace(replace(activity('fetch Scope ID and Timestamp').output.firstRow.scope_name,' ' ,'_' ),'/','_'),'.',''),'_',''),'-','_'),'_V05.xlsx')",
												"type": "Expression"
											}
										},
										"in_parnt_comp_exctn_id": {
											"type": "Int32",
											"value": {
												"value": "@pipeline().parameters.in_parnt_comp_exctn_id",
												"type": "Expression"
											}
										},
										"in_user_name": {
											"type": "String",
											"value": {
												"value": "@pipeline().parameters.in_user_name",
												"type": "Expression"
											}
										},
										"in_orig_file_name": {
											"type": "String",
											"value": {
												"value": "@concat('output/',variables('out_file_name'),'.xlsx')",
												"type": "Expression"
											}
										},
										"out_file_dwnld_id": {
											"type": "Int32",
											"value": null
										}
									},
									"queryTimeout": "02:00:00",
									"partitionOption": "None"
								},
								"dataset": {
									"referenceName": "DS_DbSchemaMain",
									"type": "DatasetReference",
									"parameters": {
										"in_tbl_view": "..",
										"in_key_vault_name": {
											"value": "@pipeline().globalParameters.globl_key_vault_name",
											"type": "Expression"
										}
									}
								},
								"firstRowOnly": true
							}
						},
						{
							"name": "Set File Download ID",
							"type": "SetVariable",
							"dependsOn": [
								{
									"activity": "CreateFileDownload",
									"dependencyConditions": [
										"Succeeded"
									]
								}
							],
							"userProperties": [],
							"typeProperties": {
								"variableName": "file_download_id",
								"value": {
									"value": "@concat(activity('CreateFileDownload').output.firstRow.out_file_dwnld_id,'')",
									"type": "Expression"
								}
							}
						},
						{
							"name": "FileConverter",
							"type": "ExecutePipeline",
							"dependsOn": [
								{
									"activity": "GetConverterUrl",
									"dependencyConditions": [
										"Succeeded"
									]
								},
								{
									"activity": "Set Converter Json",
									"dependencyConditions": [
										"Succeeded"
									]
								},
								{
									"activity": "CreateFileDownload",
									"dependencyConditions": [
										"Succeeded"
									]
								}
							],
							"userProperties": [],
							"typeProperties": {
								"pipeline": {
									"referenceName": "fl-FileConverter",
									"type": "PipelineReference"
								},
								"waitOnCompletion": true,
								"parameters": {
									"in_converter_param_json": {
										"value": "@variables('conv_param')",
										"type": "Expression"
									},
									"in_converter_base_url": {
										"value": "@activity('GetConverterUrl').output.value",
										"type": "Expression"
									},
									"in_function_name": "convert"
								}
							}
						},
						{
							"name": "GetConverterUrl",
							"type": "WebActivity",
							"dependsOn": [],
							"policy": {
								"timeout": "0.00:02:00",
								"retry": 0,
								"retryIntervalInSeconds": 30,
								"secureOutput": true,
								"secureInput": false
							},
							"userProperties": [],
							"typeProperties": {
								"url": {
									"value": "@concat(\n'https://'\n,pipeline().globalParameters.globl_key_vault_name\n,'.vault.azure.net/secrets/'\n,'cngc-excel-converter-url'\n,'?'\n,pipeline().globalParameters.globl_key_vault_url_api_vers\n)",
									"type": "Expression"
								},
								"method": "GET",
								"authentication": {
									"type": "MSI",
									"resource": "https://vault.azure.net"
								}
							}
						},
						{
							"name": "ReadyFileDownload",
							"type": "SqlServerStoredProcedure",
							"dependsOn": [
								{
									"activity": "FileConverter",
									"dependencyConditions": [
										"Succeeded"
									]
								},
								{
									"activity": "Set File Download ID",
									"dependencyConditions": [
										"Succeeded"
									]
								}
							],
							"policy": {
								"timeout": "7.00:00:00",
								"retry": 0,
								"retryIntervalInSeconds": 30,
								"secureOutput": false,
								"secureInput": false
							},
							"userProperties": [],
							"typeProperties": {
								"storedProcedureName": "[main].[pro_file_dwnld_ready]",
								"storedProcedureParameters": {
									"in_file_dwnld_id": {
										"value": {
											"value": "@int(string(activity('CreateFileDownload').output.firstRow.out_file_dwnld_id))",
											"type": "Expression"
										},
										"type": "Int32"
									},
									"in_parnt_comp_exctn_id": {
										"value": {
											"value": "@pipeline().parameters.in_parnt_comp_exctn_id",
											"type": "Expression"
										},
										"type": "Int32"
									},
									"in_user_name": {
										"value": {
											"value": "@pipeline().parameters.in_user_name",
											"type": "Expression"
										},
										"type": "String"
									}
								}
							},
							"linkedServiceName": {
								"referenceName": "LS_SQLDatabase",
								"type": "LinkedServiceReference",
								"parameters": {
									"in_key_vault_name": {
										"value": "@pipeline().globalParameters.globl_key_vault_name",
										"type": "Expression"
									}
								}
							}
						},
						{
							"name": "Update Download ID",
							"type": "Lookup",
							"dependsOn": [
								{
									"activity": "Set File Download ID",
									"dependencyConditions": [
										"Succeeded"
									]
								}
							],
							"policy": {
								"timeout": "0.12:00:00",
								"retry": 0,
								"retryIntervalInSeconds": 30,
								"secureOutput": false,
								"secureInput": false
							},
							"userProperties": [],
							"typeProperties": {
								"source": {
									"type": "AzureSqlSource",
									"sqlReaderQuery": {
										"value": "UPDATE md.non_critical_email_metadata\nSET download_link = (\n\t\tSELECT dwnld_url_txt\n\t\tFROM [md].[file_dwnld_prc_vw]\n\t\tWHERE file_dwnld_id = @{variables('file_download_id')}\n\t\t)\nWHERE file_action_id = @{pipeline().parameters.file_action_id}\n\tAND dq_code = 'V05';\n\n\nSELECT 1",
										"type": "Expression"
									},
									"queryTimeout": "02:00:00",
									"partitionOption": "None"
								},
								"dataset": {
									"referenceName": "DS_DbGeneric",
									"type": "DatasetReference",
									"parameters": {
										"in_schma_name": "..",
										"in_tbl_view": "..",
										"in_key_vault_name": {
											"value": "@pipeline().globalParameters.globl_key_vault_name",
											"type": "Expression"
										}
									}
								}
							}
						}
					]
				}
			}
		],
		"parameters": {
			"file_action_id": {
				"type": "string"
			},
			"scope_id": {
				"type": "string"
			},
			"in_file_dfntn_vers_id": {
				"type": "string"
			},
			"in_parnt_comp_exctn_id": {
				"type": "int"
			},
			"in_user_name": {
				"type": "string"
			},
			"input_tbl_name": {
				"type": "string"
			}
		},
		"variables": {
			"V05_output_tbl_name": {
				"type": "String"
			},
			"out_file_name": {
				"type": "String"
			},
			"conv_param": {
				"type": "String"
			},
			"file_download_id": {
				"type": "String"
			}
		},
		"folder": {
			"name": "File"
		},
		"annotations": []
	}
}