{
	"name": "Id-PrepareStageTblsFromCubes",
	"properties": {
		"activities": [
			{
				"name": "GetMarketGroupCsv",
				"type": "Lookup",
				"dependsOn": [
					{
						"activity": "GetSecretValueInboundStorageAccountName",
						"dependencyConditions": [
							"Succeeded"
						]
					}
				],
				"policy": {
					"timeout": "7.00:00:00",
					"retry": 0,
					"retryIntervalInSeconds": 30,
					"secureOutput": false,
					"secureInput": false
				},
				"userProperties": [],
				"typeProperties": {
					"source": {
						"type": "DelimitedTextSource",
						"storeSettings": {
							"type": "AzureBlobFSReadSettings",
							"recursive": false,
							"enablePartitionDiscovery": false
						},
						"formatSettings": {
							"type": "DelimitedTextReadSettings"
						}
					},
					"dataset": {
						"referenceName": "DS_GenericInternalCsv",
						"type": "DatasetReference",
						"parameters": {
							"in_cntnr_name_txt": "internal",
							"in_path_txt": "cnfg_files",
							"in_file_name_txt": "mkt_grp_prcsg_cnfg",
							"in_storg_acct_name": {
								"value": "@activity('GetSecretValueInboundStorageAccountName').output.value",
								"type": "Expression"
							}
						}
					},
					"firstRowOnly": false
				}
			},
			{
				"name": "GetSecretValueInboundStorageAccountName",
				"type": "WebActivity",
				"dependsOn": [],
				"policy": {
					"timeout": "7.00:00:00",
					"retry": 0,
					"retryIntervalInSeconds": 30,
					"secureOutput": false,
					"secureInput": false
				},
				"userProperties": [],
				"typeProperties": {
					"url": {
						"value": "@concat(\n'https://'\n,pipeline().globalParameters.globl_key_vault_name\n,'.vault.azure.net/secrets/'\n,'cngc-inbound-storage-account-name'\n,'?'\n,pipeline().globalParameters.globl_key_vault_url_api_vers\n)",
						"type": "Expression"
					},
					"method": "GET",
					"authentication": {
						"type": "MSI",
						"resource": "https://vault.azure.net"
					}
				}
			},
			{
				"name": "CreateStageTbls",
				"type": "ForEach",
				"dependsOn": [
					{
						"activity": "GetMarketGroupCsv",
						"dependencyConditions": [
							"Succeeded"
						]
					}
				],
				"userProperties": [],
				"typeProperties": {
					"items": {
						"value": "@activity('GetMarketGroupCsv').output.value",
						"type": "Expression"
					},
					"batchCount": 6,
					"activities": [
						{
							"name": "Check If Market Group Should be Processed",
							"type": "IfCondition",
							"dependsOn": [],
							"userProperties": [],
							"typeProperties": {
								"expression": {
									"value": "@or(\nor(equals(item().cust_prcss_ind, 'Y'), equals(item().prod_prcss_ind,'Y')),\nequals(item().shpmt_prcss_ind, 'Y')\n)",
									"type": "Expression"
								},
								"ifTrueActivities": [
									{
										"name": "ld-PrepareStageTblsFromCubes",
										"type": "ExecutePipeline",
										"dependsOn": [],
										"userProperties": [],
										"typeProperties": {
											"pipeline": {
												"referenceName": "ld-StageTblADBExecute",
												"type": "PipelineReference"
											},
											"waitOnCompletion": true,
											"parameters": {
												"in_parnt_comp_exctn_id": {
													"value": "@pipeline().parameters.in_parnt_comp_exctn_id",
													"type": "Expression"
												},
												"in_user_name": {
													"value": "@pipeline().parameters.in_user_name",
													"type": "Expression"
												},
												"in_param_json_txt": {
													"value": "@pipeline().parameters.in_param_json_txt",
													"type": "Expression"
												},
												"in_input": {
													"value": "@item().mkt_grp_name",
													"type": "Expression"
												}
											}
										}
									}
								]
							}
						}
					]
				}
			}
		],
		"parameters": {
			"in_parnt_comp_exctn_id": {
				"type": "string"
			},
			"in_user_name": {
				"type": "string"
			},
			"in_param_json_txt": {
				"type": "string"
			}
		},
		"variables": {
			"l_comp_exctn_id": {
				"type": "String"
			},
			"l_param_json_txt": {
				"type": "String"
			},
			"l_out_param_json_txt": {
				"type": "String"
			}
		},
		"folder": {
			"name": "Load"
		},
		"annotations": []
	}
}