{
	"name": "in-CopyGeneric_archive",
	"properties": {
		"activities": [
			{
				"name": "TriggerCopy",
				"type": "Copy",
				"dependsOn": [
					{
						"activity": "Set Latest Last Modified Date",
						"dependencyConditions": [
							"Succeeded"
						]
					}
				],
				"policy": {
					"timeout": "7.00:00:00",
					"retry": 0,
					"retryIntervalInSeconds": 30,
					"secureOutput": false,
					"secureInput": false
				},
				"userProperties": [],
				"typeProperties": {
					"source": {
						"type": "ParquetSource",
						"storeSettings": {
							"type": "AzureBlobStorageReadSettings",
							"recursive": true,
							"modifiedDatetimeStart": {
								"value": "@variables('l_latst_file_last_mdfd')",
								"type": "Expression"
							},
							"wildcardFolderPath": {
								"value": "@pipeline().parameters.srce_path_txt",
								"type": "Expression"
							},
							"wildcardFileName": {
								"value": "@pipeline().parameters.srce_file_name",
								"type": "Expression"
							},
							"enablePartitionDiscovery": false
						}
					},
					"sink": {
						"type": "ParquetSink",
						"storeSettings": {
							"type": "AzureBlobFSWriteSettings"
						},
						"formatSettings": {
							"type": "ParquetWriteSettings"
						}
					},
					"enableStaging": false,
					"translator": {
						"type": "TabularTranslator",
						"typeConversion": true,
						"typeConversionSettings": {
							"allowDataTruncation": true,
							"treatBooleanAsNumber": false
						}
					}
				},
				"inputs": [
					{
						"referenceName": "SourceStorageCopy",
						"type": "DatasetReference",
						"parameters": {
							"srce_cntnr_name": {
								"value": "@pipeline().parameters.srce_cntnr_name",
								"type": "Expression"
							},
							"srce_path_txt": {
								"value": "@pipeline().parameters.srce_path_txt",
								"type": "Expression"
							},
							"srce_file_name": {
								"value": "@pipeline().parameters.srce_file_name",
								"type": "Expression"
							},
							"in_key_vault_name": {
								"value": "@pipeline().globalParameters.globl_key_vault_name",
								"type": "Expression"
							}
						}
					}
				],
				"outputs": [
					{
						"referenceName": "TargetStorageCopy",
						"type": "DatasetReference",
						"parameters": {
							"trgt_cntnr_name": {
								"value": "@pipeline().parameters.trgt_cntnr_name",
								"type": "Expression"
							},
							"trgt_path_txt": {
								"value": "@pipeline().parameters.trgt_path_txt",
								"type": "Expression"
							},
							"trgt_file_name": {
								"value": "@pipeline().parameters.trgt_file_name",
								"type": "Expression"
							},
							"in_storg_acct_name": {
								"value": "@activity('GetSecretValueInboundStorageAccountName').output.value",
								"type": "Expression"
							}
						}
					}
				]
			},
			{
				"name": "Get Old Files List",
				"type": "GetMetadata",
				"dependsOn": [
					{
						"activity": "SetOutComponentExecutionId",
						"dependencyConditions": [
							"Succeeded"
						]
					},
					{
						"activity": "SetOutParamJsonText",
						"dependencyConditions": [
							"Succeeded"
						]
					}
				],
				"policy": {
					"timeout": "7.00:00:00",
					"retry": 0,
					"retryIntervalInSeconds": 30,
					"secureOutput": false,
					"secureInput": false
				},
				"userProperties": [],
				"typeProperties": {
					"dataset": {
						"referenceName": "TargetStorageCopy",
						"type": "DatasetReference",
						"parameters": {
							"trgt_cntnr_name": {
								"value": "@pipeline().parameters.trgt_cntnr_name",
								"type": "Expression"
							},
							"trgt_path_txt": {
								"value": "@pipeline().parameters.trgt_path_txt",
								"type": "Expression"
							},
							"trgt_file_name": "*",
							"in_storg_acct_name": {
								"value": "@activity('GetSecretValueInboundStorageAccountName').output.value",
								"type": "Expression"
							}
						}
					},
					"fieldList": [
						"childItems"
					],
					"storeSettings": {
						"type": "AzureBlobFSReadSettings",
						"recursive": true,
						"enablePartitionDiscovery": false
					}
				}
			},
			{
				"name": "Rename Existing Files",
				"type": "ForEach",
				"dependsOn": [
					{
						"activity": "Get Old Files List",
						"dependencyConditions": [
							"Succeeded"
						]
					}
				],
				"userProperties": [],
				"typeProperties": {
					"items": {
						"value": "@activity('Get Old Files List').output.childItems",
						"type": "Expression"
					},
					"isSequential": true,
					"activities": [
						{
							"name": "CopyAndPasteFilesWithNewName",
							"type": "Copy",
							"dependsOn": [],
							"policy": {
								"timeout": "7.00:00:00",
								"retry": 0,
								"retryIntervalInSeconds": 30,
								"secureOutput": false,
								"secureInput": false
							},
							"userProperties": [],
							"typeProperties": {
								"source": {
									"type": "ParquetSource",
									"storeSettings": {
										"type": "AzureBlobFSReadSettings",
										"recursive": true,
										"enablePartitionDiscovery": false
									}
								},
								"sink": {
									"type": "ParquetSink",
									"storeSettings": {
										"type": "AzureBlobFSWriteSettings"
									},
									"formatSettings": {
										"type": "ParquetWriteSettings"
									}
								},
								"enableStaging": false,
								"translator": {
									"type": "TabularTranslator",
									"typeConversion": true,
									"typeConversionSettings": {
										"allowDataTruncation": true,
										"treatBooleanAsNumber": false
									}
								}
							},
							"inputs": [
								{
									"referenceName": "TargetStorageCopy",
									"type": "DatasetReference",
									"parameters": {
										"trgt_cntnr_name": {
											"value": "@pipeline().parameters.trgt_cntnr_name",
											"type": "Expression"
										},
										"trgt_path_txt": {
											"value": "@pipeline().parameters.trgt_path_txt",
											"type": "Expression"
										},
										"trgt_file_name": {
											"value": "@item().name",
											"type": "Expression"
										},
										"in_storg_acct_name": {
											"value": "@activity('GetSecretValueInboundStorageAccountName').output.value",
											"type": "Expression"
										}
									}
								}
							],
							"outputs": [
								{
									"referenceName": "TargetStorageCopy",
									"type": "DatasetReference",
									"parameters": {
										"trgt_cntnr_name": {
											"value": "@pipeline().parameters.trgt_cntnr_name",
											"type": "Expression"
										},
										"trgt_path_txt": {
											"value": "@pipeline().parameters.trgt_path_txt",
											"type": "Expression"
										},
										"trgt_file_name": {
											"value": "@string(concat(item().name, '-previous'))",
											"type": "Expression"
										},
										"in_storg_acct_name": {
											"value": "@activity('GetSecretValueInboundStorageAccountName').output.value",
											"type": "Expression"
										}
									}
								}
							]
						},
						{
							"name": "DeleteSourceOfRenamedFiles",
							"type": "Delete",
							"dependsOn": [
								{
									"activity": "CopyAndPasteFilesWithNewName",
									"dependencyConditions": [
										"Succeeded"
									]
								}
							],
							"policy": {
								"timeout": "7.00:00:00",
								"retry": 0,
								"retryIntervalInSeconds": 30,
								"secureOutput": false,
								"secureInput": false
							},
							"userProperties": [],
							"typeProperties": {
								"dataset": {
									"referenceName": "TargetStorageCopy",
									"type": "DatasetReference",
									"parameters": {
										"trgt_cntnr_name": {
											"value": "@pipeline().parameters.trgt_cntnr_name",
											"type": "Expression"
										},
										"trgt_path_txt": {
											"value": "@pipeline().parameters.trgt_path_txt",
											"type": "Expression"
										},
										"trgt_file_name": {
											"value": "@item().name",
											"type": "Expression"
										},
										"in_storg_acct_name": {
											"value": "@activity('GetSecretValueInboundStorageAccountName').output.value",
											"type": "Expression"
										}
									}
								},
								"enableLogging": false,
								"storeSettings": {
									"type": "AzureBlobFSReadSettings",
									"recursive": true,
									"enablePartitionDiscovery": false
								}
							}
						}
					]
				}
			},
			{
				"name": "DeleteRenamedFiles",
				"type": "Delete",
				"dependsOn": [
					{
						"activity": "TriggerCopy",
						"dependencyConditions": [
							"Succeeded"
						]
					}
				],
				"policy": {
					"timeout": "7.00:00:00",
					"retry": 0,
					"retryIntervalInSeconds": 30,
					"secureOutput": false,
					"secureInput": false
				},
				"userProperties": [],
				"typeProperties": {
					"dataset": {
						"referenceName": "TargetStorageCopy",
						"type": "DatasetReference",
						"parameters": {
							"trgt_cntnr_name": {
								"value": "@pipeline().parameters.trgt_cntnr_name",
								"type": "Expression"
							},
							"trgt_path_txt": {
								"value": "@pipeline().parameters.trgt_path_txt",
								"type": "Expression"
							},
							"trgt_file_name": "*-previous",
							"in_storg_acct_name": {
								"value": "@activity('GetSecretValueInboundStorageAccountName').output.value",
								"type": "Expression"
							}
						}
					},
					"enableLogging": false,
					"storeSettings": {
						"type": "AzureBlobFSReadSettings",
						"recursive": true,
						"wildcardFileName": "*-previous",
						"enablePartitionDiscovery": false
					}
				}
			},
			{
				"name": "SetParamJsonText",
				"type": "SetVariable",
				"dependsOn": [
					{
						"activity": "GetSecretValueInboundStorageAccountName",
						"dependencyConditions": [
							"Succeeded"
						]
					}
				],
				"userProperties": [],
				"typeProperties": {
					"variableName": "l_param_json_txt",
					"value": {
						"value": "@concat('{'\n,'\"srce_cntnr_name\": \"',pipeline().parameters.srce_cntnr_name,'\"'\n,',\"srce_file_name\": \"',pipeline().parameters.srce_file_name,'\"'\n,',\"srce_path_txt\": \"',pipeline().parameters.srce_path_txt,'\"'\n,',\"trgt_cntnr_name\": \"',pipeline().parameters.trgt_cntnr_name,'\"'\n,',\"trgt_file_name\": \"',pipeline().parameters.trgt_file_name,'\"'\n,',\"trgt_path_txt\": \"',pipeline().parameters.trgt_path_txt,'\"'\n,'}')",
						"type": "Expression"
					}
				}
			},
			{
				"name": "OpenComponentExecution",
				"type": "Lookup",
				"dependsOn": [
					{
						"activity": "SetParamJsonText",
						"dependencyConditions": [
							"Succeeded"
						]
					}
				],
				"policy": {
					"timeout": "7.00:00:00",
					"retry": 1,
					"retryIntervalInSeconds": 30,
					"secureOutput": false,
					"secureInput": false
				},
				"userProperties": [],
				"typeProperties": {
					"source": {
						"type": "AzureSqlSource",
						"sqlReaderStoredProcedureName": "[md].[pro_comp_exctn_open]",
						"storedProcedureParameters": {
							"in_adf_pipln_name": {
								"type": "String",
								"value": {
									"value": "@pipeline().Pipeline",
									"type": "Expression"
								}
							},
							"in_param_json_txt": {
								"type": "String",
								"value": {
									"value": "@variables('l_param_json_txt')",
									"type": "Expression"
								}
							},
							"in_parnt_comp_exctn_id": {
								"type": "Int32",
								"value": {
									"value": "@pipeline().parameters.in_parnt_comp_exctn_id",
									"type": "Expression"
								}
							},
							"in_scope_id": {
								"type": "Int32",
								"value": null
							},
							"in_user_name": {
								"type": "String",
								"value": {
									"value": "@pipeline().parameters.in_user_name",
									"type": "Expression"
								}
							},
							"out_comp_exctn_id": {
								"type": "Int32",
								"value": null
							},
							"out_param_json_txt": {
								"type": "String",
								"value": null
							},
							"in_adf_pipln_run_id": {
								"type": "String",
								"value": {
									"value": "@pipeline().RunId",
									"type": "Expression"
								}
							}
						},
						"queryTimeout": "02:00:00",
						"partitionOption": "None"
					},
					"dataset": {
						"referenceName": "DS_DbGeneric",
						"type": "DatasetReference",
						"parameters": {
							"in_schma_name": "..",
							"in_tbl_view": "..",
							"in_key_vault_name": {
								"value": "@pipeline().globalParameters.globl_key_vault_name",
								"type": "Expression"
							}
						}
					},
					"firstRowOnly": true
				}
			},
			{
				"name": "SetOutComponentExecutionId",
				"type": "SetVariable",
				"dependsOn": [
					{
						"activity": "OpenComponentExecution",
						"dependencyConditions": [
							"Succeeded"
						]
					}
				],
				"userProperties": [],
				"typeProperties": {
					"variableName": "l_comp_exctn_id",
					"value": {
						"value": "@string(activity('OpenComponentExecution').output.firstRow.out_comp_exctn_id)",
						"type": "Expression"
					}
				}
			},
			{
				"name": "SetOutParamJsonText",
				"type": "SetVariable",
				"dependsOn": [
					{
						"activity": "OpenComponentExecution",
						"dependencyConditions": [
							"Succeeded"
						]
					}
				],
				"userProperties": [],
				"typeProperties": {
					"variableName": "l_out_param_json_txt",
					"value": {
						"value": "@string(activity('OpenComponentExecution').output.firstRow.out_param_json_txt)",
						"type": "Expression"
					}
				}
			},
			{
				"name": "CloseComponentExecutionSuccess",
				"type": "SqlServerStoredProcedure",
				"dependsOn": [
					{
						"activity": "DeleteRenamedFiles",
						"dependencyConditions": [
							"Succeeded"
						]
					}
				],
				"policy": {
					"timeout": "7.00:00:00",
					"retry": 0,
					"retryIntervalInSeconds": 30,
					"secureOutput": false,
					"secureInput": false
				},
				"userProperties": [],
				"typeProperties": {
					"storedProcedureName": "[md].[pro_comp_exctn_close]",
					"storedProcedureParameters": {
						"in_comp_exctn_id": {
							"value": {
								"value": "@int(variables('l_comp_exctn_id'))",
								"type": "Expression"
							},
							"type": "Int32"
						},
						"in_sttus_code": {
							"value": "C",
							"type": "String"
						},
						"in_err_msg_txt": {
							"value": null,
							"type": "String"
						}
					}
				},
				"linkedServiceName": {
					"referenceName": "LS_SQLDatabase",
					"type": "LinkedServiceReference",
					"parameters": {
						"in_key_vault_name": {
							"value": "@pipeline().globalParameters.globl_key_vault_name",
							"type": "Expression"
						}
					}
				}
			},
			{
				"name": "CloseComponentExecutionFailed",
				"type": "SqlServerStoredProcedure",
				"dependsOn": [
					{
						"activity": "DeleteRenamedFiles",
						"dependencyConditions": [
							"Failed",
							"Skipped"
						]
					}
				],
				"policy": {
					"timeout": "7.00:00:00",
					"retry": 0,
					"retryIntervalInSeconds": 30,
					"secureOutput": false,
					"secureInput": false
				},
				"userProperties": [],
				"typeProperties": {
					"storedProcedureName": "[md].[pro_comp_exctn_close]",
					"storedProcedureParameters": {
						"in_comp_exctn_id": {
							"value": {
								"value": "@int(variables('l_comp_exctn_id'))",
								"type": "Expression"
							},
							"type": "Int32"
						},
						"in_sttus_code": {
							"value": "F",
							"type": "String"
						},
						"in_err_msg_txt": {
							"value": {
								"value": "@concat(pipeline().Pipeline, ' failed.')",
								"type": "Expression"
							},
							"type": "String"
						}
					}
				},
				"linkedServiceName": {
					"referenceName": "LS_SQLDatabase",
					"type": "LinkedServiceReference",
					"parameters": {
						"in_key_vault_name": {
							"value": "@pipeline().globalParameters.globl_key_vault_name",
							"type": "Expression"
						}
					}
				}
			},
			{
				"name": "GetAllFiles",
				"type": "GetMetadata",
				"dependsOn": [
					{
						"activity": "Rename Existing Files",
						"dependencyConditions": [
							"Succeeded"
						]
					}
				],
				"policy": {
					"timeout": "7.00:00:00",
					"retry": 0,
					"retryIntervalInSeconds": 30,
					"secureOutput": false,
					"secureInput": false
				},
				"userProperties": [],
				"typeProperties": {
					"dataset": {
						"referenceName": "SourceStorageCopy",
						"type": "DatasetReference",
						"parameters": {
							"srce_cntnr_name": {
								"value": "@pipeline().parameters.srce_cntnr_name",
								"type": "Expression"
							},
							"srce_path_txt": {
								"value": "@pipeline().parameters.srce_path_txt",
								"type": "Expression"
							},
							"srce_file_name": {
								"value": "@pipeline().parameters.srce_file_name",
								"type": "Expression"
							},
							"in_key_vault_name": {
								"value": "@pipeline().globalParameters.globl_key_vault_name",
								"type": "Expression"
							}
						}
					},
					"fieldList": [
						"childItems"
					],
					"storeSettings": {
						"type": "AzureBlobStorageReadSettings",
						"recursive": true,
						"enablePartitionDiscovery": false
					}
				}
			},
			{
				"name": "Loop Through All The Files",
				"type": "ForEach",
				"dependsOn": [
					{
						"activity": "GetAllFiles",
						"dependencyConditions": [
							"Succeeded"
						]
					}
				],
				"userProperties": [],
				"typeProperties": {
					"items": {
						"value": "@activity('GetAllFiles').output.childitems",
						"type": "Expression"
					},
					"activities": [
						{
							"name": "Get File Details",
							"type": "GetMetadata",
							"dependsOn": [],
							"policy": {
								"timeout": "7.00:00:00",
								"retry": 0,
								"retryIntervalInSeconds": 30,
								"secureOutput": false,
								"secureInput": false
							},
							"userProperties": [],
							"typeProperties": {
								"dataset": {
									"referenceName": "SourceStorageCopy",
									"type": "DatasetReference",
									"parameters": {
										"srce_cntnr_name": {
											"value": "@pipeline().parameters.srce_cntnr_name",
											"type": "Expression"
										},
										"srce_path_txt": {
											"value": "@pipeline().parameters.srce_path_txt",
											"type": "Expression"
										},
										"srce_file_name": {
											"value": "@item().name",
											"type": "Expression"
										},
										"in_key_vault_name": {
											"value": "@pipeline().globalParameters.globl_key_vault_name",
											"type": "Expression"
										}
									}
								},
								"fieldList": [
									"itemName",
									"lastModified"
								],
								"storeSettings": {
									"type": "AzureBlobStorageReadSettings",
									"recursive": true,
									"enablePartitionDiscovery": false
								}
							}
						},
						{
							"name": "If Condition1",
							"type": "IfCondition",
							"dependsOn": [
								{
									"activity": "Get File Details",
									"dependencyConditions": [
										"Succeeded"
									]
								}
							],
							"userProperties": [],
							"typeProperties": {
								"expression": {
									"value": "@greater(ticks(activity('Get File Details').output.lastModified),ticks(formatDateTime(variables('l_ref_date'))))",
									"type": "Expression"
								},
								"ifTrueActivities": [
									{
										"name": "Set Latest File Last Modified Date",
										"type": "SetVariable",
										"dependsOn": [],
										"userProperties": [],
										"typeProperties": {
											"variableName": "l_ref_date",
											"value": {
												"value": "@activity('Get File Details').output.lastModified",
												"type": "Expression"
											}
										}
									},
									{
										"name": "Set File Name",
										"type": "SetVariable",
										"dependsOn": [
											{
												"activity": "Set Latest File Last Modified Date",
												"dependencyConditions": [
													"Succeeded"
												]
											}
										],
										"userProperties": [],
										"typeProperties": {
											"variableName": "l_file_name",
											"value": {
												"value": "@activity('Get File Details').output.itemName",
												"type": "Expression"
											}
										}
									}
								]
							}
						}
					]
				}
			},
			{
				"name": "Set Latest Last Modified Date",
				"type": "SetVariable",
				"dependsOn": [
					{
						"activity": "Loop Through All The Files",
						"dependencyConditions": [
							"Succeeded"
						]
					}
				],
				"userProperties": [],
				"typeProperties": {
					"variableName": "l_latst_file_last_mdfd",
					"value": {
						"value": "@substring(variables('l_ref_date'), 0,10)",
						"type": "Expression"
					}
				}
			},
			{
				"name": "RaiseError",
				"type": "Lookup",
				"dependsOn": [
					{
						"activity": "CloseComponentExecutionFailed",
						"dependencyConditions": [
							"Completed"
						]
					}
				],
				"policy": {
					"timeout": "7.00:00:00",
					"retry": 0,
					"retryIntervalInSeconds": 30,
					"secureOutput": false,
					"secureInput": false
				},
				"userProperties": [],
				"typeProperties": {
					"source": {
						"type": "AzureSqlSource",
						"sqlReaderQuery": {
							"value": "@concat('THROW 99999, ''Error with ',pipeline().Pipeline,' Pipeline'', 1')",
							"type": "Expression"
						},
						"queryTimeout": "02:00:00",
						"partitionOption": "None"
					},
					"dataset": {
						"referenceName": "DS_DbGeneric",
						"type": "DatasetReference",
						"parameters": {
							"in_schma_name": "..",
							"in_tbl_view": "..",
							"in_key_vault_name": {
								"value": "@pipeline().globalParameters.globl_key_vault_name",
								"type": "Expression"
							}
						}
					}
				}
			},
			{
				"name": "GetSecretValueInboundStorageAccountName",
				"type": "WebActivity",
				"dependsOn": [],
				"policy": {
					"timeout": "0.00:02:00",
					"retry": 0,
					"retryIntervalInSeconds": 30,
					"secureOutput": true,
					"secureInput": false
				},
				"userProperties": [],
				"typeProperties": {
					"url": {
						"value": "@concat(\n'https://'\n,pipeline().globalParameters.globl_key_vault_name\n,'.vault.azure.net/secrets/'\n,'cngc-inbound-storage-account-name'\n,'?'\n,pipeline().globalParameters.globl_key_vault_url_api_vers\n)",
						"type": "Expression"
					},
					"method": "GET",
					"authentication": {
						"type": "MSI",
						"resource": "https://vault.azure.net"
					}
				}
			}
		],
		"parameters": {
			"srce_cntnr_name": {
				"type": "string"
			},
			"srce_path_txt": {
				"type": "string"
			},
			"srce_file_name": {
				"type": "string"
			},
			"trgt_cntnr_name": {
				"type": "string"
			},
			"trgt_path_txt": {
				"type": "string"
			},
			"trgt_file_name": {
				"type": "string"
			},
			"in_parnt_comp_exctn_id": {
				"type": "int"
			},
			"in_user_name": {
				"type": "string"
			}
		},
		"variables": {
			"l_comp_exctn_id": {
				"type": "String"
			},
			"l_param_json_txt": {
				"type": "String"
			},
			"l_out_param_json_txt": {
				"type": "String"
			},
			"l_file_name": {
				"type": "String"
			},
			"l_latst_file_last_mdfd": {
				"type": "String"
			},
			"l_ref_date": {
				"type": "String",
				"defaultValue": "1900-01-01 00:00:00"
			}
		},
		"folder": {
			"name": "Ingestion/Archive"
		},
		"annotations": []
	}
}