{
	"name": "in-CopyGeneric",
	"properties": {
		"activities": [
			{
				"name": "For Each Shipment fact Object",
				"type": "ForEach",
				"dependsOn": [
					{
						"activity": "GetSecretValueInboundStorageAccountName",
						"dependencyConditions": [
							"Succeeded"
						]
					}
				],
				"userProperties": [],
				"typeProperties": {
					"items": {
						"value": "@pipeline().parameters.copy_config",
						"type": "Expression"
					},
					"isSequential": true,
					"activities": [
						{
							"name": "Delete old files",
							"type": "Delete",
							"dependsOn": [],
							"policy": {
								"timeout": "0.12:00:00",
								"retry": 0,
								"retryIntervalInSeconds": 30,
								"secureOutput": false,
								"secureInput": false
							},
							"userProperties": [],
							"typeProperties": {
								"dataset": {
									"referenceName": "DS_GeneralInternalParquet",
									"type": "DatasetReference",
									"parameters": {
										"in_cntnr_name_txt": "incoming",
										"in_path_txt": {
											"value": "@item().target",
											"type": "Expression"
										},
										"in_file_name_txt": "*",
										"in_storg_acct_name": {
											"value": "@activity('GetSecretValueInboundStorageAccountName').output.value",
											"type": "Expression"
										}
									}
								},
								"enableLogging": false,
								"storeSettings": {
									"type": "AzureBlobFSReadSettings",
									"recursive": true,
									"wildcardFileName": "*",
									"enablePartitionDiscovery": false
								}
							}
						},
						{
							"name": "Copy Parquet Files",
							"type": "Copy",
							"dependsOn": [
								{
									"activity": "Delete old files",
									"dependencyConditions": [
										"Completed"
									]
								}
							],
							"policy": {
								"timeout": "0.12:00:00",
								"retry": 0,
								"retryIntervalInSeconds": 30,
								"secureOutput": false,
								"secureInput": false
							},
							"userProperties": [],
							"typeProperties": {
								"source": {
									"type": "ParquetSource",
									"storeSettings": {
										"type": "AzureBlobStorageReadSettings",
										"recursive": true,
										"wildcardFolderPath": {
											"value": "@item().source",
											"type": "Expression"
										},
										"wildcardFileName": "*",
										"enablePartitionDiscovery": false
									}
								},
								"sink": {
									"type": "ParquetSink",
									"storeSettings": {
										"type": "AzureBlobFSWriteSettings"
									},
									"formatSettings": {
										"type": "ParquetWriteSettings"
									}
								},
								"enableStaging": false,
								"translator": {
									"type": "TabularTranslator",
									"typeConversion": true,
									"typeConversionSettings": {
										"allowDataTruncation": true,
										"treatBooleanAsNumber": false
									}
								}
							},
							"inputs": [
								{
									"referenceName": "SourceStorageCopy",
									"type": "DatasetReference",
									"parameters": {
										"srce_cntnr_name": "uploader",
										"srce_path_txt": {
											"value": "@item().source",
											"type": "Expression"
										},
										"srce_file_name": "*",
										"in_key_vault_name": {
											"value": "@pipeline().globalParameters.globl_key_vault_name",
											"type": "Expression"
										}
									}
								}
							],
							"outputs": [
								{
									"referenceName": "TargetStorageCopy",
									"type": "DatasetReference",
									"parameters": {
										"trgt_cntnr_name": "incoming",
										"trgt_path_txt": {
											"value": "@item().target",
											"type": "Expression"
										},
										"trgt_file_name": {
											"value": "@concat('')",
											"type": "Expression"
										},
										"in_storg_acct_name": {
											"value": "@activity('GetSecretValueInboundStorageAccountName').output.value",
											"type": "Expression"
										}
									}
								}
							]
						}
					]
				}
			},
			{
				"name": "GetSecretValueInboundStorageAccountName",
				"type": "WebActivity",
				"dependsOn": [],
				"policy": {
					"timeout": "0.00:02:00",
					"retry": 0,
					"retryIntervalInSeconds": 30,
					"secureOutput": true,
					"secureInput": false
				},
				"userProperties": [],
				"typeProperties": {
					"url": {
						"value": "@concat(\n'https://'\n,pipeline().globalParameters.globl_key_vault_name\n,'.vault.azure.net/secrets/'\n,'cngc-inbound-storage-account-name'\n,'?'\n,pipeline().globalParameters.globl_key_vault_url_api_vers\n)",
						"type": "Expression"
					},
					"method": "GET",
					"authentication": {
						"type": "MSI",
						"resource": "https://vault.azure.net"
					}
				}
			}
		],
		"parameters": {
			"copy_config": {
				"type": "string"
			}
		},
		"folder": {
			"name": "Ingestion"
		},
		"annotations": []
	}
}