{
	"name": "ld-AutomatedGlobalLoad",
	"properties": {
		"description": "This Pipeline will be triggered from CNGC-ADF via REST API as part of the 3WD pipeline(common_3wd-pipeline). Goal of this pipeline is to automate the global load, so that there is no waste of time due to manual intervention.",
		"activities": [
			{
				"name": "CopyShipments",
				"type": "ExecutePipeline",
				"dependsOn": [],
				"userProperties": [],
				"typeProperties": {
					"pipeline": {
						"referenceName": "in-CopyShipments",
						"type": "PipelineReference"
					},
					"waitOnCompletion": true,
					"parameters": {
						"in_parnt_comp_exctn_id": 1,
						"in_user_name": "Auto Load"
					}
				}
			},
			{
				"name": "CopyRDS",
				"type": "ExecutePipeline",
				"dependsOn": [],
				"userProperties": [],
				"typeProperties": {
					"pipeline": {
						"referenceName": "in-CopyRDSDictionaries",
						"type": "PipelineReference"
					},
					"waitOnCompletion": true,
					"parameters": {
						"in_parnt_comp_exctn_id": "1",
						"in_user_name": "Auto Load"
					}
				}
			},
			{
				"name": "CopyCM",
				"type": "ExecutePipeline",
				"dependsOn": [],
				"userProperties": [],
				"typeProperties": {
					"pipeline": {
						"referenceName": "in-CopyCustomerMapping",
						"type": "PipelineReference"
					},
					"waitOnCompletion": true,
					"parameters": {
						"markets": "LA,EU,AMA",
						"path": "/Uploader/",
						"in_parnt_comp_exctn_id": "1",
						"in_user_name": "Auto Load"
					}
				}
			},
			{
				"name": "CopyPM",
				"type": "ExecutePipeline",
				"dependsOn": [],
				"userProperties": [],
				"typeProperties": {
					"pipeline": {
						"referenceName": "in-CopyProductMapping",
						"type": "PipelineReference"
					},
					"waitOnCompletion": true,
					"parameters": {
						"in_parnt_comp_exctn_id": 1,
						"in_user_name": "Auto Load"
					}
				}
			},
			{
				"name": "Execute Global Load",
				"type": "ExecutePipeline",
				"dependsOn": [
					{
						"activity": "CopyShipments",
						"dependencyConditions": [
							"Succeeded"
						]
					},
					{
						"activity": "CopyRDS",
						"dependencyConditions": [
							"Succeeded"
						]
					},
					{
						"activity": "CopyCM",
						"dependencyConditions": [
							"Succeeded"
						]
					},
					{
						"activity": "CopyPM",
						"dependencyConditions": [
							"Succeeded"
						]
					}
				],
				"userProperties": [],
				"typeProperties": {
					"pipeline": {
						"referenceName": "ld-LoadMainGlobal",
						"type": "PipelineReference"
					},
					"waitOnCompletion": true,
					"parameters": {
						"in_parnt_comp_exctn_id": "1",
						"in_user_name": "Auto Load",
						"in_cust_prcss_ind": "Y",
						"in_prod_prcss_ind": "Y",
						"in_shpmt_prcss_ind": "Y"
					}
				}
			}
		],
		"folder": {
			"name": "Load"
		},
		"annotations": []
	}
}