{
	"name": "ld-AutomatedSelectiveLoad",
	"properties": {
		"activities": [
			{
				"name": "ExecuteSelectiveLoad",
				"type": "ExecutePipeline",
				"dependsOn": [
					{
						"activity": "Copy Shipments",
						"dependencyConditions": [
							"Succeeded"
						]
					}
				],
				"userProperties": [],
				"typeProperties": {
					"pipeline": {
						"referenceName": "ld-LoadMainSelective",
						"type": "PipelineReference"
					},
					"waitOnCompletion": true,
					"parameters": {
						"in_parnt_comp_exctn_id": "1",
						"in_user_name": "Auto Load",
						"in_json_txt": {
							"value": "@pipeline().parameters.in_json_txt",
							"type": "Expression"
						}
					}
				}
			},
			{
				"name": "Copy Shipments",
				"type": "ExecutePipeline",
				"dependsOn": [],
				"userProperties": [],
				"typeProperties": {
					"pipeline": {
						"referenceName": "in-CopyShipments",
						"type": "PipelineReference"
					},
					"waitOnCompletion": true,
					"parameters": {
						"in_parnt_comp_exctn_id": 1,
						"in_user_name": "Auto Load"
					}
				}
			}
		],
		"parameters": {
			"in_json_txt": {
				"type": "string"
			}
		},
		"folder": {
			"name": "Load"
		},
		"annotations": []
	}
}