{
	"name": "ld-ActualLoad",
	"properties": {
		"activities": [
			{
				"name": "SetParamJsonText",
				"type": "SetVariable",
				"dependsOn": [],
				"userProperties": [],
				"typeProperties": {
					"variableName": "l_param_json_txt",
					"value": {
						"value": "@string(pipeline().parameters.in_param_json_txt)",
						"type": "Expression"
					}
				}
			},
			{
				"name": "OpenComponentExecution",
				"type": "Lookup",
				"dependsOn": [
					{
						"activity": "SetParamJsonText",
						"dependencyConditions": [
							"Succeeded"
						]
					}
				],
				"policy": {
					"timeout": "7.00:00:00",
					"retry": 0,
					"retryIntervalInSeconds": 30,
					"secureOutput": false,
					"secureInput": false
				},
				"userProperties": [],
				"typeProperties": {
					"source": {
						"type": "AzureSqlSource",
						"sqlReaderStoredProcedureName": "[md].[pro_comp_exctn_open]",
						"storedProcedureParameters": {
							"in_adf_pipln_name": {
								"type": "String",
								"value": {
									"value": "@pipeline().Pipeline",
									"type": "Expression"
								}
							},
							"in_param_json_txt": {
								"type": "String",
								"value": {
									"value": "@variables('l_param_json_txt')",
									"type": "Expression"
								}
							},
							"in_parnt_comp_exctn_id": {
								"type": "Int32",
								"value": {
									"value": "@pipeline().parameters.in_parnt_comp_exctn_id",
									"type": "Expression"
								}
							},
							"in_scope_id": {
								"type": "Int32",
								"value": null
							},
							"in_user_name": {
								"type": "String",
								"value": {
									"value": "@pipeline().parameters.in_user_name",
									"type": "Expression"
								}
							},
							"out_comp_exctn_id": {
								"type": "Int32",
								"value": null
							},
							"out_param_json_txt": {
								"type": "String",
								"value": null
							},
							"in_adf_pipln_run_id": {
								"type": "String",
								"value": {
									"value": "@pipeline().RunId",
									"type": "Expression"
								}
							}
						},
						"queryTimeout": "02:00:00",
						"partitionOption": "None"
					},
					"dataset": {
						"referenceName": "DS_DbGeneric",
						"type": "DatasetReference",
						"parameters": {
							"in_schma_name": "..",
							"in_tbl_view": "..",
							"in_key_vault_name": {
								"value": "@pipeline().globalParameters.globl_key_vault_name",
								"type": "Expression"
							}
						}
					},
					"firstRowOnly": true
				}
			},
			{
				"name": "SetOutComponentExecutionId",
				"type": "SetVariable",
				"dependsOn": [
					{
						"activity": "OpenComponentExecution",
						"dependencyConditions": [
							"Succeeded"
						]
					}
				],
				"userProperties": [],
				"typeProperties": {
					"variableName": "l_comp_exctn_id",
					"value": {
						"value": "@string(activity('OpenComponentExecution').output.firstRow.out_comp_exctn_id)",
						"type": "Expression"
					}
				}
			},
			{
				"name": "SetOutParamJsonText",
				"type": "SetVariable",
				"dependsOn": [
					{
						"activity": "OpenComponentExecution",
						"dependencyConditions": [
							"Succeeded"
						]
					}
				],
				"userProperties": [],
				"typeProperties": {
					"variableName": "l_out_param_json_txt",
					"value": {
						"value": "@string(activity('OpenComponentExecution').output.firstRow.out_param_json_txt)",
						"type": "Expression"
					}
				}
			},
			{
				"name": "CloseComponentExecutionSuccess",
				"type": "SqlServerStoredProcedure",
				"dependsOn": [
					{
						"activity": "Trigger Update of sys_invld_ind",
						"dependencyConditions": [
							"Succeeded"
						]
					}
				],
				"policy": {
					"timeout": "7.00:00:00",
					"retry": 0,
					"retryIntervalInSeconds": 30,
					"secureOutput": false,
					"secureInput": false
				},
				"userProperties": [],
				"typeProperties": {
					"storedProcedureName": "[md].[pro_comp_exctn_close]",
					"storedProcedureParameters": {
						"in_comp_exctn_id": {
							"value": {
								"value": "@int(variables('l_comp_exctn_id'))",
								"type": "Expression"
							},
							"type": "Int32"
						},
						"in_sttus_code": {
							"value": "C",
							"type": "String"
						},
						"in_err_msg_txt": {
							"value": null,
							"type": "String"
						}
					}
				},
				"linkedServiceName": {
					"referenceName": "LS_SQLDatabase",
					"type": "LinkedServiceReference",
					"parameters": {
						"in_key_vault_name": {
							"value": "@pipeline().globalParameters.globl_key_vault_name",
							"type": "Expression"
						}
					}
				}
			},
			{
				"name": "CloseComponentExecutionFailed",
				"type": "SqlServerStoredProcedure",
				"dependsOn": [
					{
						"activity": "CloseComponentExecutionSuccess",
						"dependencyConditions": [
							"Skipped",
							"Failed"
						]
					}
				],
				"policy": {
					"timeout": "7.00:00:00",
					"retry": 0,
					"retryIntervalInSeconds": 30,
					"secureOutput": false,
					"secureInput": false
				},
				"userProperties": [],
				"typeProperties": {
					"storedProcedureName": "[md].[pro_comp_exctn_close]",
					"storedProcedureParameters": {
						"in_comp_exctn_id": {
							"value": {
								"value": "@int(variables('l_comp_exctn_id'))",
								"type": "Expression"
							},
							"type": "Int32"
						},
						"in_sttus_code": {
							"value": "F",
							"type": "String"
						},
						"in_err_msg_txt": {
							"value": {
								"value": "@concat(pipeline().Pipeline, ' failed.')",
								"type": "Expression"
							},
							"type": "String"
						}
					}
				},
				"linkedServiceName": {
					"referenceName": "LS_SQLDatabase",
					"type": "LinkedServiceReference",
					"parameters": {
						"in_key_vault_name": {
							"value": "@pipeline().globalParameters.globl_key_vault_name",
							"type": "Expression"
						}
					}
				}
			},
			{
				"name": "RaiseError",
				"type": "Lookup",
				"dependsOn": [
					{
						"activity": "CloseComponentExecutionFailed",
						"dependencyConditions": [
							"Completed"
						]
					}
				],
				"policy": {
					"timeout": "7.00:00:00",
					"retry": 0,
					"retryIntervalInSeconds": 30,
					"secureOutput": false,
					"secureInput": false
				},
				"userProperties": [],
				"typeProperties": {
					"source": {
						"type": "AzureSqlSource",
						"sqlReaderQuery": {
							"value": "@concat('THROW 99999, ''Error with ',pipeline().Pipeline,' Pipeline'', 1')",
							"type": "Expression"
						},
						"queryTimeout": "02:00:00",
						"partitionOption": "None"
					},
					"dataset": {
						"referenceName": "DS_DbGeneric",
						"type": "DatasetReference",
						"parameters": {
							"in_schma_name": "..",
							"in_tbl_view": "..",
							"in_key_vault_name": {
								"value": "@pipeline().globalParameters.globl_key_vault_name",
								"type": "Expression"
							}
						}
					}
				}
			},
			{
				"name": "ExecuteRefreshInputFiles",
				"type": "ExecutePipeline",
				"dependsOn": [
					{
						"activity": "ExecuteLoadStageTblsToDB",
						"dependencyConditions": [
							"Succeeded"
						]
					}
				],
				"userProperties": [],
				"typeProperties": {
					"pipeline": {
						"referenceName": "ld-RefreshInputFiles",
						"type": "PipelineReference"
					},
					"waitOnCompletion": true,
					"parameters": {
						"in_parnt_comp_exctn_id": {
							"value": "@variables('l_comp_exctn_id')",
							"type": "Expression"
						},
						"in_user_name": {
							"value": "@pipeline().parameters.in_user_name",
							"type": "Expression"
						},
						"in_param_json_txt": {
							"value": "@variables('l_out_param_json_txt')",
							"type": "Expression"
						}
					}
				}
			},
			{
				"name": "ExecuteLoadPrepareStageTbls",
				"type": "ExecutePipeline",
				"dependsOn": [
					{
						"activity": "Check if Customer is to be processed",
						"dependencyConditions": [
							"Succeeded"
						]
					},
					{
						"activity": "Check if Product is to be processed",
						"dependencyConditions": [
							"Succeeded"
						]
					}
				],
				"userProperties": [],
				"typeProperties": {
					"pipeline": {
						"referenceName": "ld-PrepareCubesAndStageTbls",
						"type": "PipelineReference"
					},
					"waitOnCompletion": true,
					"parameters": {
						"in_parnt_comp_exctn_id": {
							"value": "@variables('l_comp_exctn_id')",
							"type": "Expression"
						},
						"in_user_name": {
							"value": "@pipeline().parameters.in_user_name",
							"type": "Expression"
						}
					}
				}
			},
			{
				"name": "ExecuteActualLoadConfigPrep",
				"type": "ExecutePipeline",
				"dependsOn": [
					{
						"activity": "Cleanup of Temporary and Redundant Tables",
						"dependencyConditions": [
							"Completed"
						]
					}
				],
				"userProperties": [],
				"typeProperties": {
					"pipeline": {
						"referenceName": "ld-DumpDBConfigFiles",
						"type": "PipelineReference"
					},
					"waitOnCompletion": true,
					"parameters": {
						"in_parnt_comp_exctn_id": {
							"value": "@variables('l_comp_exctn_id')",
							"type": "Expression"
						},
						"in_user_name": {
							"value": "@pipeline().parameters.in_user_name",
							"type": "Expression"
						},
						"in_param_json_txt": {
							"value": "@variables('l_out_param_json_txt')",
							"type": "Expression"
						}
					}
				}
			},
			{
				"name": "ExecuteActualLoadConfigDump",
				"type": "ExecutePipeline",
				"dependsOn": [
					{
						"activity": "ExecuteActualLoadConfigPrep",
						"dependencyConditions": [
							"Succeeded"
						]
					}
				],
				"userProperties": [],
				"typeProperties": {
					"pipeline": {
						"referenceName": "ld-LoadConfigFiles",
						"type": "PipelineReference"
					},
					"waitOnCompletion": true,
					"parameters": {
						"in_parnt_comp_exctn_id": {
							"value": "@variables('l_comp_exctn_id')",
							"type": "Expression"
						},
						"in_user_name": {
							"value": "@pipeline().parameters.in_user_name",
							"type": "Expression"
						},
						"in_param_json_txt": {
							"value": "@variables('l_out_param_json_txt')",
							"type": "Expression"
						}
					}
				}
			},
			{
				"name": "Check if Shipments is to be processed",
				"type": "IfCondition",
				"dependsOn": [
					{
						"activity": "IterateJsonArrayForShipments",
						"dependencyConditions": [
							"Succeeded"
						]
					}
				],
				"userProperties": [],
				"typeProperties": {
					"expression": {
						"value": "@contains(string(variables('l_param_json_shpmt_prcss_ind_array')), 'Y')",
						"type": "Expression"
					},
					"ifTrueActivities": [
						{
							"name": "ExecuteLoadShipments",
							"type": "ExecutePipeline",
							"dependsOn": [],
							"userProperties": [],
							"typeProperties": {
								"pipeline": {
									"referenceName": "ld-LoadShipments",
									"type": "PipelineReference"
								},
								"waitOnCompletion": true,
								"parameters": {
									"in_parnt_comp_exctn_id": {
										"value": "@variables('l_comp_exctn_id')",
										"type": "Expression"
									},
									"in_user_name": {
										"value": "@pipeline().parameters.in_user_name",
										"type": "Expression"
									},
									"in_param_json_txt": {
										"value": "@variables('l_out_param_json_txt')",
										"type": "Expression"
									},
									"parent_pipeline_name": {
										"value": "@pipeline().parameters.calling_pipeline_name",
										"type": "Expression"
									},
									"complete_json_text": {
										"value": "@variables('l_param_json_txt')",
										"type": "Expression"
									}
								}
							}
						}
					]
				}
			},
			{
				"name": "Check if Customer is to be processed",
				"type": "IfCondition",
				"dependsOn": [
					{
						"activity": "IterateJsonArrayForCustomer",
						"dependencyConditions": [
							"Succeeded"
						]
					}
				],
				"userProperties": [],
				"typeProperties": {
					"expression": {
						"value": "@contains(string(variables('l_param_json_cust_prcss_ind_array')), 'Y')",
						"type": "Expression"
					},
					"ifTrueActivities": [
						{
							"name": "ExecuteLoadCustomer",
							"type": "ExecutePipeline",
							"dependsOn": [],
							"userProperties": [],
							"typeProperties": {
								"pipeline": {
									"referenceName": "ld-LoadCustomer",
									"type": "PipelineReference"
								},
								"waitOnCompletion": true,
								"parameters": {
									"in_parnt_comp_exctn_id": {
										"value": "@variables('l_comp_exctn_id')",
										"type": "Expression"
									},
									"in_user_name": {
										"value": "@pipeline().parameters.in_user_name",
										"type": "Expression"
									},
									"in_param_json_txt": {
										"value": "@variables('l_out_param_json_txt')",
										"type": "Expression"
									}
								}
							}
						}
					]
				}
			},
			{
				"name": "Check if Product is to be processed",
				"type": "IfCondition",
				"dependsOn": [
					{
						"activity": "IterateJsonArrayForProducts",
						"dependencyConditions": [
							"Succeeded"
						]
					}
				],
				"userProperties": [],
				"typeProperties": {
					"expression": {
						"value": "@contains(string(variables('l_param_json_prod_prcss_ind_array')), 'Y')",
						"type": "Expression"
					},
					"ifTrueActivities": [
						{
							"name": "ExecuteLoadProduct",
							"type": "ExecutePipeline",
							"dependsOn": [],
							"userProperties": [],
							"typeProperties": {
								"pipeline": {
									"referenceName": "ld-LoadProduct",
									"type": "PipelineReference"
								},
								"waitOnCompletion": true,
								"parameters": {
									"in_parnt_comp_exctn_id": {
										"value": "@variables('l_comp_exctn_id')",
										"type": "Expression"
									},
									"in_user_name": {
										"value": "@pipeline().parameters.in_user_name",
										"type": "Expression"
									},
									"in_param_json_txt": {
										"value": "@variables('l_out_param_json_txt')",
										"type": "Expression"
									}
								}
							}
						}
					]
				}
			},
			{
				"name": "IterateJsonArrayForShipments",
				"type": "ForEach",
				"dependsOn": [
					{
						"activity": "ExecuteActualLoadConfigDump",
						"dependencyConditions": [
							"Succeeded"
						]
					}
				],
				"userProperties": [],
				"typeProperties": {
					"items": {
						"value": "@json(variables('l_param_json_txt'))",
						"type": "Expression"
					},
					"activities": [
						{
							"name": "AppendShipmentProcessIndicator",
							"type": "AppendVariable",
							"dependsOn": [],
							"userProperties": [],
							"typeProperties": {
								"variableName": "l_param_json_shpmt_prcss_ind_array",
								"value": {
									"value": "@item().in_shpmt_prcss_ind",
									"type": "Expression"
								}
							}
						}
					]
				}
			},
			{
				"name": "IterateJsonArrayForCustomer",
				"type": "ForEach",
				"dependsOn": [
					{
						"activity": "Check if Shipments is to be processed",
						"dependencyConditions": [
							"Succeeded"
						]
					}
				],
				"userProperties": [],
				"typeProperties": {
					"items": {
						"value": "@json(variables('l_param_json_txt'))",
						"type": "Expression"
					},
					"activities": [
						{
							"name": "AppendCustomerProcessIndicator",
							"type": "AppendVariable",
							"dependsOn": [],
							"userProperties": [],
							"typeProperties": {
								"variableName": "l_param_json_cust_prcss_ind_array",
								"value": {
									"value": "@item().in_cust_prcss_ind",
									"type": "Expression"
								}
							}
						}
					]
				}
			},
			{
				"name": "IterateJsonArrayForProducts",
				"type": "ForEach",
				"dependsOn": [
					{
						"activity": "ExecuteActualLoadConfigDump",
						"dependencyConditions": [
							"Succeeded"
						]
					}
				],
				"userProperties": [],
				"typeProperties": {
					"items": {
						"value": "@json(variables('l_param_json_txt'))",
						"type": "Expression"
					},
					"activities": [
						{
							"name": "AppendProductProcessIndicator",
							"type": "AppendVariable",
							"dependsOn": [],
							"userProperties": [],
							"typeProperties": {
								"variableName": "l_param_json_prod_prcss_ind_array",
								"value": {
									"value": "@item().in_prod_prcss_ind",
									"type": "Expression"
								}
							}
						}
					]
				}
			},
			{
				"name": "ExecuteLoadStageTblsToDB",
				"type": "ExecutePipeline",
				"dependsOn": [
					{
						"activity": "ExecuteLoadPrepareStageTbls",
						"dependencyConditions": [
							"Succeeded"
						]
					}
				],
				"userProperties": [],
				"typeProperties": {
					"pipeline": {
						"referenceName": "ld-UploadStageTblsToDB",
						"type": "PipelineReference"
					},
					"waitOnCompletion": true,
					"parameters": {
						"in_param_json_txt": {
							"value": "@variables('l_out_param_json_txt')",
							"type": "Expression"
						},
						"in_parnt_comp_exctn_id": {
							"value": "@variables('l_comp_exctn_id')",
							"type": "Expression"
						},
						"in_user_name": {
							"value": "@pipeline().parameters.in_user_name",
							"type": "Expression"
						}
					}
				}
			},
			{
				"name": "Refresh_eu_TDC",
				"type": "ExecutePipeline",
				"dependsOn": [
					{
						"activity": "ExecuteRefreshInputFiles",
						"dependencyConditions": [
							"Succeeded"
						]
					}
				],
				"userProperties": [],
				"typeProperties": {
					"pipeline": {
						"referenceName": "ld-RefreshTDCLoad",
						"type": "PipelineReference"
					},
					"waitOnCompletion": true,
					"parameters": {
						"in_parnt_comp_exctn_id": {
							"value": "@variables('l_comp_exctn_id')",
							"type": "Expression"
						},
						"in_user_name": {
							"value": "@pipeline().parameters.in_user_name",
							"type": "Expression"
						},
						"l_param_json_txt": {
							"value": "@variables('l_param_json_txt')",
							"type": "Expression"
						}
					}
				}
			},
			{
				"name": "Trigger Update of sys_invld_ind",
				"type": "ExecutePipeline",
				"dependsOn": [
					{
						"activity": "Refresh_eu_TDC",
						"dependencyConditions": [
							"Succeeded"
						]
					}
				],
				"userProperties": [],
				"typeProperties": {
					"pipeline": {
						"referenceName": "ld-LoadRefreshVldInd",
						"type": "PipelineReference"
					},
					"waitOnCompletion": true,
					"parameters": {
						"in_parnt_comp_exctn_id": {
							"value": "@variables('l_comp_exctn_id')",
							"type": "Expression"
						},
						"in_user_name": {
							"value": "@pipeline().parameters.in_user_name",
							"type": "Expression"
						},
						"in_param_json_txt": {
							"value": "@pipeline().parameters.in_param_json_txt",
							"type": "Expression"
						}
					}
				}
			},
			{
				"name": "Cleanup of Temporary and Redundant Tables",
				"type": "ExecutePipeline",
				"dependsOn": [
					{
						"activity": "SetOutComponentExecutionId",
						"dependencyConditions": [
							"Succeeded"
						]
					},
					{
						"activity": "SetOutParamJsonText",
						"dependencyConditions": [
							"Succeeded"
						]
					}
				],
				"userProperties": [],
				"typeProperties": {
					"pipeline": {
						"referenceName": "Mt-montly_db_cleanup",
						"type": "PipelineReference"
					},
					"waitOnCompletion": true,
					"parameters": {
						"in_parnt_comp_exctn_id": {
							"value": "@variables('l_comp_exctn_id')",
							"type": "Expression"
						},
						"in_user_name": {
							"value": "@pipeline().parameters.in_user_name",
							"type": "Expression"
						}
					}
				}
			}
		],
		"parameters": {
			"in_parnt_comp_exctn_id": {
				"type": "string"
			},
			"in_user_name": {
				"type": "string"
			},
			"in_param_json_txt": {
				"type": "string"
			},
			"calling_pipeline_name": {
				"type": "string"
			}
		},
		"variables": {
			"l_comp_exctn_id": {
				"type": "String"
			},
			"l_param_json_txt": {
				"type": "String"
			},
			"l_out_param_json_txt": {
				"type": "String"
			},
			"l_param_json_shpmt_prcss_ind_array": {
				"type": "Array"
			},
			"l_param_json_cust_prcss_ind_array": {
				"type": "Array"
			},
			"l_param_json_prod_prcss_ind_array": {
				"type": "Array"
			}
		},
		"folder": {
			"name": "Load"
		},
		"annotations": []
	}
}