{
	"name": "ld-AutomatedCommunication",
	"properties": {
		"activities": [
			{
				"name": "Get E-mail Body",
				"type": "Lookup",
				"dependsOn": [],
				"policy": {
					"timeout": "0.12:00:00",
					"retry": 0,
					"retryIntervalInSeconds": 30,
					"secureOutput": false,
					"secureInput": false
				},
				"userProperties": [],
				"typeProperties": {
					"source": {
						"type": "AzureSqlSource",
						"sqlReaderStoredProcedureName": "[main].[pro_load_status_email]",
						"storedProcedureParameters": {
							"input_json": {
								"type": "String",
								"value": {
									"value": "@string(pipeline().parameters.input_json)",
									"type": "Expression"
								}
							},
							"load_status": {
								"type": "String",
								"value": {
									"value": "@string(pipeline().parameters.load_status)",
									"type": "Expression"
								}
							},
							"load_type": {
								"type": "String",
								"value": {
									"value": "@string(pipeline().parameters.load_type)",
									"type": "Expression"
								}
							},
							"starttime": {
								"value": {
									"value": "@string(pipeline().parameters.pipelinestarttime)",
									"type": "Expression"
								}
							}
						},
						"queryTimeout": "02:00:00",
						"partitionOption": "None"
					},
					"dataset": {
						"referenceName": "DS_DbGeneric",
						"type": "DatasetReference",
						"parameters": {
							"in_schma_name": "..",
							"in_tbl_view": "..",
							"in_key_vault_name": {
								"value": "@pipeline().globalParameters.globl_key_vault_name",
								"type": "Expression"
							}
						}
					}
				}
			},
			{
				"name": "SetSendEmailRequestBody",
				"type": "SetVariable",
				"dependsOn": [
					{
						"activity": "Get E-mail Body",
						"dependencyConditions": [
							"Succeeded"
						]
					},
					{
						"activity": "Set E-mail Subject",
						"dependencyConditions": [
							"Succeeded"
						]
					},
					{
						"activity": "Set toRecipients",
						"dependencyConditions": [
							"Succeeded"
						]
					}
				],
				"userProperties": [],
				"typeProperties": {
					"variableName": "l_reqst_body",
					"value": {
						"value": "@concat('\n{\n\"ccRecipients\": \"\",\n\"toRecipients\": \"', variables('toRecipients'), '\",\n\"subject\": \"', variables('subject'), '\",\n\"htmlBody\": \"', activity('Get E-mail Body').output.firstRow.final_email, '\",\n}\n')",
						"type": "Expression"
					}
				}
			},
			{
				"name": "SendEmail",
				"type": "WebActivity",
				"dependsOn": [
					{
						"activity": "SetSendEmailRequestBody",
						"dependencyConditions": [
							"Succeeded"
						]
					},
					{
						"activity": "GetSecretValueLogicAppEmailSenderUrl",
						"dependencyConditions": [
							"Succeeded"
						]
					}
				],
				"policy": {
					"timeout": "7.00:00:00",
					"retry": 1,
					"retryIntervalInSeconds": 30,
					"secureOutput": false,
					"secureInput": false
				},
				"userProperties": [],
				"typeProperties": {
					"url": {
						"value": "@activity('GetSecretValueLogicAppEmailSenderUrl').output.value",
						"type": "Expression"
					},
					"method": "POST",
					"body": {
						"value": "@variables('l_reqst_body')",
						"type": "Expression"
					}
				}
			},
			{
				"name": "Set E-mail Subject",
				"type": "SetVariable",
				"dependsOn": [
					{
						"activity": "Set Current Month and year",
						"dependencyConditions": [
							"Succeeded"
						]
					}
				],
				"userProperties": [],
				"typeProperties": {
					"variableName": "subject",
					"value": {
						"value": "@concat('CNOS & GC UPLOADER: ', pipeline().parameters.load_type, ' LOAD ',pipeline().parameters.load_status,' FOR ',activity('Set Current Month and year').output.firstRow.month_year , ' PUBLICATION CYCLE')",
						"type": "Expression"
					}
				}
			},
			{
				"name": "Set Current Month and year",
				"type": "Lookup",
				"dependsOn": [],
				"policy": {
					"timeout": "0.12:00:00",
					"retry": 0,
					"retryIntervalInSeconds": 30,
					"secureOutput": false,
					"secureInput": false
				},
				"userProperties": [],
				"typeProperties": {
					"source": {
						"type": "AzureSqlSource",
						"sqlReaderQuery": {
							"value": "\t\tselect  CONCAT(DATENAME(MONTH, CURRENT_TIMESTAMP),' - ' , YEAR(CURRENT_TIMESTAMP)) as month_year\n",
							"type": "Expression"
						},
						"queryTimeout": "02:00:00",
						"partitionOption": "None"
					},
					"dataset": {
						"referenceName": "DS_DbGeneric",
						"type": "DatasetReference",
						"parameters": {
							"in_schma_name": "..",
							"in_tbl_view": "..",
							"in_key_vault_name": {
								"value": "@pipeline().globalParameters.globl_key_vault_name",
								"type": "Expression"
							}
						}
					}
				}
			},
			{
				"name": "Set toRecipients",
				"type": "SetVariable",
				"dependsOn": [
					{
						"activity": "Get Recipients from KV",
						"dependencyConditions": [
							"Succeeded"
						]
					}
				],
				"userProperties": [],
				"typeProperties": {
					"variableName": "toRecipients",
					"value": {
						"value": "@activity('Get Recipients from KV').output.value",
						"type": "Expression"
					}
				}
			},
			{
				"name": "GetSecretValueLogicAppEmailSenderUrl",
				"type": "WebActivity",
				"dependsOn": [],
				"policy": {
					"timeout": "0.00:02:00",
					"retry": 0,
					"retryIntervalInSeconds": 30,
					"secureOutput": true,
					"secureInput": false
				},
				"userProperties": [],
				"typeProperties": {
					"url": {
						"value": "@concat(\n'https://'\n,pipeline().globalParameters.globl_key_vault_name\n,'.vault.azure.net/secrets/'\n,'la-cngc-email-url'\n,'?'\n,pipeline().globalParameters.globl_key_vault_url_api_vers\n)",
						"type": "Expression"
					},
					"method": "GET",
					"authentication": {
						"type": "MSI",
						"resource": "https://vault.azure.net"
					}
				}
			},
			{
				"name": "Get Recipients from KV",
				"type": "WebActivity",
				"dependsOn": [],
				"policy": {
					"timeout": "0.00:02:00",
					"retry": 0,
					"retryIntervalInSeconds": 30,
					"secureOutput": true,
					"secureInput": false
				},
				"userProperties": [],
				"typeProperties": {
					"url": {
						"value": "@concat(\n'https://'\n,pipeline().globalParameters.globl_key_vault_name\n,'.vault.azure.net/secrets/'\n,'automated-email-Recipients'\n,'?'\n,pipeline().globalParameters.globl_key_vault_url_api_vers\n)",
						"type": "Expression"
					},
					"method": "GET",
					"authentication": {
						"type": "MSI",
						"resource": "https://vault.azure.net"
					}
				}
			}
		],
		"parameters": {
			"load_type": {
				"type": "string",
				"defaultValue": "SELECTIVE"
			},
			"input_json": {
				"type": "string",
				"defaultValue": [
					{
						"in_mkt_grp_name": "Europe - EE",
						"in_cust_prcss_ind": "Y",
						"in_prod_prcss_ind": "Y",
						"in_shpmt_prcss_ind": "Y",
						"in_direct_prcss_ind": "N",
						"in_indirect_prcss_ind": "Y"
					},
					{
						"in_mkt_grp_name": "Europe - TURKEY",
						"in_cust_prcss_ind": "Y",
						"in_prod_prcss_ind": "Y",
						"in_shpmt_prcss_ind": "Y",
						"in_direct_prcss_ind": "N",
						"in_indirect_prcss_ind": "Y"
					},
					{
						"in_mkt_grp_name": "Europe - CCAR",
						"in_cust_prcss_ind": "Y",
						"in_prod_prcss_ind": "Y",
						"in_shpmt_prcss_ind": "Y",
						"in_direct_prcss_ind": "N",
						"in_indirect_prcss_ind": "Y"
					}
				]
			},
			"load_status": {
				"type": "string",
				"defaultValue": "COMPLETED"
			},
			"pipelinestarttime": {
				"type": "string",
				"defaultValue": "2023-02-28 03:50:12.570"
			}
		},
		"variables": {
			"subject": {
				"type": "String"
			},
			"date_year": {
				"type": "String"
			},
			"l_reqst_body": {
				"type": "String"
			},
			"toRecipients": {
				"type": "String"
			}
		},
		"folder": {
			"name": "Load"
		},
		"annotations": []
	}
}