{
	"name": "ld-GeoMappingToDBStaging",
	"properties": {
		"activities": [
			{
				"name": "MergeToFinalTable",
				"type": "SqlServerStoredProcedure",
				"dependsOn": [
					{
						"activity": "CopyGeoMappingToDb",
						"dependencyConditions": [
							"Succeeded"
						]
					}
				],
				"policy": {
					"timeout": "7.00:00:00",
					"retry": 0,
					"retryIntervalInSeconds": 30,
					"secureOutput": false,
					"secureInput": false
				},
				"userProperties": [],
				"typeProperties": {
					"storedProcedureName": "[main].[pro_geo_mapng_reld]",
					"storedProcedureParameters": {
						"in_parnt_comp_exctn_id": {
							"value": {
								"value": "@variables('l_comp_exctn_id')",
								"type": "Expression"
							},
							"type": "Int32"
						},
						"in_stage_tbl_name": {
							"value": {
								"value": "@concat(\n'stage.'\n,variables('l_tbl_name')\n)",
								"type": "Expression"
							},
							"type": "String"
						},
						"in_user_name": {
							"value": {
								"value": "@pipeline().parameters.in_user_name",
								"type": "Expression"
							},
							"type": "String"
						}
					}
				},
				"linkedServiceName": {
					"referenceName": "LS_SQLDatabase",
					"type": "LinkedServiceReference",
					"parameters": {
						"in_key_vault_name": {
							"value": "@pipeline().globalParameters.globl_key_vault_name",
							"type": "Expression"
						}
					}
				}
			},
			{
				"name": "CopyGeoMappingToDb",
				"type": "Copy",
				"dependsOn": [
					{
						"activity": "HasError",
						"dependencyConditions": [
							"Succeeded"
						]
					}
				],
				"policy": {
					"timeout": "7.00:00:00",
					"retry": null,
					"retryIntervalInSeconds": 30,
					"secureOutput": false,
					"secureInput": false
				},
				"userProperties": [],
				"typeProperties": {
					"source": {
						"type": "ParquetSource",
						"storeSettings": {
							"type": "AzureBlobFSReadSettings",
							"recursive": false,
							"wildcardFileName": "*.parquet",
							"enablePartitionDiscovery": true
						}
					},
					"sink": {
						"type": "AzureSqlSink",
						"writeBehavior": "insert",
						"disableMetricsCollection": false
					},
					"enableStaging": false,
					"translator": {
						"type": "TabularTranslator",
						"typeConversion": true,
						"typeConversionSettings": {
							"allowDataTruncation": true,
							"treatBooleanAsNumber": false
						}
					}
				},
				"inputs": [
					{
						"referenceName": "DS_GeoMappingInternalParquet",
						"type": "DatasetReference",
						"parameters": {
							"in_storg_acct_name": {
								"value": "@activity('GetSecretValueInboundStorageAccountName').output.value",
								"type": "Expression"
							}
						}
					}
				],
				"outputs": [
					{
						"referenceName": "DS_DbGeneric",
						"type": "DatasetReference",
						"parameters": {
							"in_schma_name": {
								"value": "stage",
								"type": "Expression"
							},
							"in_tbl_view": {
								"value": "@replace(variables('l_tbl_name'), 'stage.', '')",
								"type": "Expression"
							},
							"in_key_vault_name": {
								"value": "@pipeline().globalParameters.globl_key_vault_name",
								"type": "Expression"
							}
						}
					}
				]
			},
			{
				"name": "CreateStageTable",
				"type": "Lookup",
				"dependsOn": [
					{
						"activity": "GetFileDefinitionVersionId",
						"dependencyConditions": [
							"Succeeded"
						]
					}
				],
				"policy": {
					"timeout": "7.00:00:00",
					"retry": 0,
					"retryIntervalInSeconds": 30,
					"secureOutput": false,
					"secureInput": false
				},
				"userProperties": [],
				"typeProperties": {
					"source": {
						"type": "AzureSqlSource",
						"sqlReaderStoredProcedureName": "[main].[pro_file_stage_creat]",
						"storedProcedureParameters": {
							"in_data_type_rflcd_ind": {
								"type": "String",
								"value": "Y"
							},
							"in_file_dfntn_vers_id": {
								"type": "Int32",
								"value": {
									"value": "@activity('GetFileDefinitionVersionId').output.firstRow.file_dfntn_vers_id",
									"type": "Expression"
								}
							},
							"in_parnt_comp_exctn_id": {
								"type": "Int32",
								"value": {
									"value": "@variables('l_comp_exctn_id')",
									"type": "Expression"
								}
							},
							"in_user_name": {
								"type": "String",
								"value": {
									"value": "@pipeline().parameters.in_user_name",
									"type": "Expression"
								}
							},
							"out_tbl_name": {
								"type": "String",
								"value": null
							}
						},
						"queryTimeout": "02:00:00",
						"partitionOption": "None"
					},
					"dataset": {
						"referenceName": "DS_DbGeneric",
						"type": "DatasetReference",
						"parameters": {
							"in_schma_name": "..",
							"in_tbl_view": "..",
							"in_key_vault_name": {
								"value": "@pipeline().globalParameters.globl_key_vault_name",
								"type": "Expression"
							}
						}
					},
					"firstRowOnly": true
				}
			},
			{
				"name": "HasError",
				"type": "IfCondition",
				"dependsOn": [
					{
						"activity": "SetStageTableName",
						"dependencyConditions": [
							"Succeeded"
						]
					}
				],
				"userProperties": [],
				"typeProperties": {
					"expression": {
						"value": "@contains(string(activity('CreateStageTable').output), 'ErrorMessage')",
						"type": "Expression"
					},
					"ifTrueActivities": [
						{
							"name": "FAILTHISPIPELINE",
							"type": "SetVariable",
							"dependsOn": [],
							"userProperties": [],
							"typeProperties": {
								"variableName": "l_to_fail",
								"value": {
									"value": "@activity('CreateStageTable').output.firstRow.ErrorMessage",
									"type": "Expression"
								}
							}
						}
					]
				}
			},
			{
				"name": "SetStageTableName",
				"type": "SetVariable",
				"dependsOn": [
					{
						"activity": "CreateStageTable",
						"dependencyConditions": [
							"Succeeded"
						]
					}
				],
				"userProperties": [],
				"typeProperties": {
					"variableName": "l_tbl_name",
					"value": {
						"value": "@activity('CreateStageTable').output.firstRow.out_tbl_name",
						"type": "Expression"
					}
				}
			},
			{
				"name": "GetFileDefinitionVersionId",
				"type": "Lookup",
				"dependsOn": [
					{
						"activity": "SetOutComponentExecutionId",
						"dependencyConditions": [
							"Succeeded"
						]
					},
					{
						"activity": "SetOutParamJsonText",
						"dependencyConditions": [
							"Succeeded"
						]
					}
				],
				"policy": {
					"timeout": "7.00:00:00",
					"retry": 1,
					"retryIntervalInSeconds": 30,
					"secureOutput": false,
					"secureInput": false
				},
				"userProperties": [],
				"typeProperties": {
					"source": {
						"type": "AzureSqlSource",
						"sqlReaderQuery": {
							"value": "SELECT file_dfntn_vers_id, file_name FROM [md].[file_dfntn_vers_prc_vw] WHERE file_name = 'Geo Mapping' AND curr_ind = 'Y' AND activ_ind = 'Y'",
							"type": "Expression"
						},
						"queryTimeout": "02:00:00",
						"partitionOption": "None"
					},
					"dataset": {
						"referenceName": "DS_DbSchemaModule",
						"type": "DatasetReference",
						"parameters": {
							"in_tbl_view": "..",
							"in_key_vault_name": {
								"value": "@pipeline().globalParameters.globl_key_vault_name",
								"type": "Expression"
							}
						}
					},
					"firstRowOnly": true
				}
			},
			{
				"name": "SetParamJsonText",
				"type": "SetVariable",
				"dependsOn": [
					{
						"activity": "GetSecretValueInboundStorageAccountName",
						"dependencyConditions": [
							"Succeeded"
						]
					}
				],
				"userProperties": [],
				"typeProperties": {
					"variableName": "l_param_json_txt",
					"value": {
						"value": "@concat('{'\n,'}')",
						"type": "Expression"
					}
				}
			},
			{
				"name": "OpenComponentExecution",
				"type": "Lookup",
				"dependsOn": [
					{
						"activity": "SetParamJsonText",
						"dependencyConditions": [
							"Succeeded"
						]
					}
				],
				"policy": {
					"timeout": "7.00:00:00",
					"retry": 0,
					"retryIntervalInSeconds": 30,
					"secureOutput": false,
					"secureInput": false
				},
				"userProperties": [],
				"typeProperties": {
					"source": {
						"type": "AzureSqlSource",
						"sqlReaderStoredProcedureName": "[md].[pro_comp_exctn_open]",
						"storedProcedureParameters": {
							"in_adf_pipln_name": {
								"type": "String",
								"value": {
									"value": "@pipeline().Pipeline",
									"type": "Expression"
								}
							},
							"in_param_json_txt": {
								"type": "String",
								"value": {
									"value": "@variables('l_param_json_txt')",
									"type": "Expression"
								}
							},
							"in_parnt_comp_exctn_id": {
								"type": "Int32",
								"value": {
									"value": "@pipeline().parameters.in_parnt_comp_exctn_id",
									"type": "Expression"
								}
							},
							"in_scope_id": {
								"type": "Int32",
								"value": null
							},
							"in_user_name": {
								"type": "String",
								"value": {
									"value": "@pipeline().parameters.in_user_name",
									"type": "Expression"
								}
							},
							"out_comp_exctn_id": {
								"type": "Int32",
								"value": null
							},
							"out_param_json_txt": {
								"type": "String",
								"value": null
							}
						},
						"queryTimeout": "02:00:00",
						"partitionOption": "None"
					},
					"dataset": {
						"referenceName": "DS_DbGeneric",
						"type": "DatasetReference",
						"parameters": {
							"in_schma_name": "..",
							"in_tbl_view": "..",
							"in_key_vault_name": {
								"value": "@pipeline().globalParameters.globl_key_vault_name",
								"type": "Expression"
							}
						}
					},
					"firstRowOnly": true
				}
			},
			{
				"name": "SetOutComponentExecutionId",
				"type": "SetVariable",
				"dependsOn": [
					{
						"activity": "OpenComponentExecution",
						"dependencyConditions": [
							"Succeeded"
						]
					}
				],
				"userProperties": [],
				"typeProperties": {
					"variableName": "l_comp_exctn_id",
					"value": {
						"value": "@string(activity('OpenComponentExecution').output.firstRow.out_comp_exctn_id)",
						"type": "Expression"
					}
				}
			},
			{
				"name": "SetOutParamJsonText",
				"type": "SetVariable",
				"dependsOn": [
					{
						"activity": "OpenComponentExecution",
						"dependencyConditions": [
							"Succeeded"
						]
					}
				],
				"userProperties": [],
				"typeProperties": {
					"variableName": "l_out_param_json_txt",
					"value": {
						"value": "@string(activity('OpenComponentExecution').output.firstRow.out_param_json_txt)",
						"type": "Expression"
					}
				}
			},
			{
				"name": "CloseComponentExecutionSuccess",
				"type": "SqlServerStoredProcedure",
				"dependsOn": [
					{
						"activity": "MergeToFinalTable",
						"dependencyConditions": [
							"Succeeded"
						]
					}
				],
				"policy": {
					"timeout": "7.00:00:00",
					"retry": 0,
					"retryIntervalInSeconds": 30,
					"secureOutput": false,
					"secureInput": false
				},
				"userProperties": [],
				"typeProperties": {
					"storedProcedureName": "[md].[pro_comp_exctn_close]",
					"storedProcedureParameters": {
						"in_comp_exctn_id": {
							"value": {
								"value": "@int(variables('l_comp_exctn_id'))",
								"type": "Expression"
							},
							"type": "Int32"
						},
						"in_sttus_code": {
							"value": "C",
							"type": "String"
						},
						"in_err_msg_txt": {
							"value": null,
							"type": "String"
						}
					}
				},
				"linkedServiceName": {
					"referenceName": "LS_SQLDatabase",
					"type": "LinkedServiceReference",
					"parameters": {
						"in_key_vault_name": {
							"value": "@pipeline().globalParameters.globl_key_vault_name",
							"type": "Expression"
						}
					}
				}
			},
			{
				"name": "CloseComponentExecutionFailed",
				"type": "SqlServerStoredProcedure",
				"dependsOn": [
					{
						"activity": "MergeToFinalTable",
						"dependencyConditions": [
							"Failed",
							"Skipped"
						]
					}
				],
				"policy": {
					"timeout": "7.00:00:00",
					"retry": 0,
					"retryIntervalInSeconds": 30,
					"secureOutput": false,
					"secureInput": false
				},
				"userProperties": [],
				"typeProperties": {
					"storedProcedureName": "[md].[pro_comp_exctn_close]",
					"storedProcedureParameters": {
						"in_comp_exctn_id": {
							"value": {
								"value": "@int(variables('l_comp_exctn_id'))",
								"type": "Expression"
							},
							"type": "Int32"
						},
						"in_sttus_code": {
							"value": "F",
							"type": "String"
						},
						"in_err_msg_txt": {
							"value": {
								"value": "@concat(pipeline().Pipeline, ' failed.')",
								"type": "Expression"
							},
							"type": "String"
						}
					}
				},
				"linkedServiceName": {
					"referenceName": "LS_SQLDatabase",
					"type": "LinkedServiceReference",
					"parameters": {
						"in_key_vault_name": {
							"value": "@pipeline().globalParameters.globl_key_vault_name",
							"type": "Expression"
						}
					}
				}
			},
			{
				"name": "RaiseError",
				"type": "Lookup",
				"dependsOn": [
					{
						"activity": "CloseComponentExecutionFailed",
						"dependencyConditions": [
							"Completed"
						]
					}
				],
				"policy": {
					"timeout": "7.00:00:00",
					"retry": 0,
					"retryIntervalInSeconds": 30,
					"secureOutput": false,
					"secureInput": false
				},
				"userProperties": [],
				"typeProperties": {
					"source": {
						"type": "AzureSqlSource",
						"sqlReaderQuery": {
							"value": "@concat('THROW 99999, ''Error with ',pipeline().Pipeline,' Pipeline'', 1')",
							"type": "Expression"
						},
						"queryTimeout": "02:00:00",
						"partitionOption": "None"
					},
					"dataset": {
						"referenceName": "DS_DbGeneric",
						"type": "DatasetReference",
						"parameters": {
							"in_schma_name": "..",
							"in_tbl_view": "..",
							"in_key_vault_name": {
								"value": "@pipeline().globalParameters.globl_key_vault_name",
								"type": "Expression"
							}
						}
					}
				}
			},
			{
				"name": "GetSecretValueInboundStorageAccountName",
				"type": "WebActivity",
				"dependsOn": [],
				"policy": {
					"timeout": "0.00:02:00",
					"retry": 0,
					"retryIntervalInSeconds": 30,
					"secureOutput": true,
					"secureInput": false
				},
				"userProperties": [],
				"typeProperties": {
					"url": {
						"value": "@concat(\n'https://'\n,pipeline().globalParameters.globl_key_vault_name\n,'.vault.azure.net/secrets/'\n,'cngc-inbound-storage-account-name'\n,'?'\n,pipeline().globalParameters.globl_key_vault_url_api_vers\n)",
						"type": "Expression"
					},
					"method": "GET",
					"authentication": {
						"type": "MSI",
						"resource": "https://vault.azure.net"
					}
				}
			}
		],
		"parameters": {
			"in_parnt_comp_exctn_id": {
				"type": "int"
			},
			"in_user_name": {
				"type": "string"
			}
		},
		"variables": {
			"l_tbl_name": {
				"type": "String"
			},
			"l_data_type_rflctd_ind": {
				"type": "String"
			},
			"l_file_dfntn_vers_id": {
				"type": "String"
			},
			"l_to_fail": {
				"type": "Boolean"
			},
			"l_comp_exctn_id": {
				"type": "String"
			},
			"l_param_json_txt": {
				"type": "String"
			},
			"l_out_param_json_txt": {
				"type": "String"
			}
		},
		"folder": {
			"name": "Load"
		},
		"annotations": []
	}
}