{
	"name": "ld-LoadRefreshVldInd",
	"properties": {
		"activities": [
			{
				"name": "GetSecretValueAdbClusterId",
				"type": "WebActivity",
				"dependsOn": [
					{
						"activity": "Just Wait",
						"dependencyConditions": [
							"Succeeded"
						]
					}
				],
				"policy": {
					"timeout": "7.00:00:00",
					"retry": 0,
					"retryIntervalInSeconds": 30,
					"secureOutput": false,
					"secureInput": false
				},
				"userProperties": [],
				"typeProperties": {
					"url": {
						"value": "@concat(\n'https://'\n,pipeline().globalParameters.globl_key_vault_name\n,'.vault.azure.net/secrets/'\n,'adb-cluster-id'\n,'?'\n,pipeline().globalParameters.globl_key_vault_url_api_vers\n)",
						"type": "Expression"
					},
					"method": "GET",
					"authentication": {
						"type": "MSI",
						"resource": "https://vault.azure.net"
					}
				}
			},
			{
				"name": "GetSecretValueAdbWorkspaceUrl",
				"type": "WebActivity",
				"dependsOn": [
					{
						"activity": "Just Wait",
						"dependencyConditions": [
							"Succeeded"
						]
					}
				],
				"policy": {
					"timeout": "7.00:00:00",
					"retry": 0,
					"retryIntervalInSeconds": 30,
					"secureOutput": false,
					"secureInput": false
				},
				"userProperties": [],
				"typeProperties": {
					"url": {
						"value": "@concat(\n'https://'\n,pipeline().globalParameters.globl_key_vault_name\n,'.vault.azure.net/secrets/'\n,'adb-workspace-url'\n,'?'\n,pipeline().globalParameters.globl_key_vault_url_api_vers\n)",
						"type": "Expression"
					},
					"method": "GET",
					"authentication": {
						"type": "MSI",
						"resource": "https://vault.azure.net"
					}
				}
			},
			{
				"name": "Generate Query for Fetching Definitions",
				"type": "DatabricksNotebook",
				"dependsOn": [
					{
						"activity": "GetSecretValueAdbClusterId",
						"dependencyConditions": [
							"Succeeded"
						]
					},
					{
						"activity": "GetSecretValueAdbWorkspaceUrl",
						"dependencyConditions": [
							"Succeeded"
						]
					}
				],
				"policy": {
					"timeout": "0.12:00:00",
					"retry": 0,
					"retryIntervalInSeconds": 30,
					"secureOutput": false,
					"secureInput": false
				},
				"userProperties": [],
				"typeProperties": {
					"notebookPath": {
						"value": "@concat(pipeline().parameters.path, '00_adf_utility/sys_inv_chk_pick_mkt_grp')",
						"type": "Expression"
					}
				},
				"linkedServiceName": {
					"referenceName": "LS_DatabricksWorkspace",
					"type": "LinkedServiceReference",
					"parameters": {
						"in_key_vault_name": {
							"value": "@pipeline().globalParameters.globl_key_vault_name",
							"type": "Expression"
						},
						"in_adb_clstr_id": {
							"value": "@activity('GetSecretValueAdbClusterId').output.value",
							"type": "Expression"
						},
						"in_adb_wkspc_url": {
							"value": "@activity('GetSecretValueAdbWorkspaceUrl').output.value",
							"type": "Expression"
						}
					}
				}
			},
			{
				"name": "Query DB to dump Work Table names",
				"type": "Lookup",
				"dependsOn": [
					{
						"activity": "Generate Query for Fetching Definitions",
						"dependencyConditions": [
							"Succeeded"
						]
					}
				],
				"policy": {
					"timeout": "0.12:00:00",
					"retry": 0,
					"retryIntervalInSeconds": 30,
					"secureOutput": false,
					"secureInput": false
				},
				"userProperties": [],
				"typeProperties": {
					"source": {
						"type": "AzureSqlSource",
						"sqlReaderQuery": {
							"value": "@activity('Generate Query for Fetching Definitions').output.runOutput",
							"type": "Expression"
						},
						"queryTimeout": "02:00:00",
						"partitionOption": "None"
					},
					"dataset": {
						"referenceName": "DS_DbGeneric",
						"type": "DatasetReference",
						"parameters": {
							"in_schma_name": "..",
							"in_tbl_view": "..",
							"in_key_vault_name": {
								"value": "@pipeline().globalParameters.globl_key_vault_name",
								"type": "Expression"
							}
						}
					},
					"firstRowOnly": false
				}
			},
			{
				"name": "List of Work Tables to update",
				"type": "SetVariable",
				"dependsOn": [
					{
						"activity": "Query DB to dump Work Table names",
						"dependencyConditions": [
							"Succeeded"
						]
					}
				],
				"userProperties": [],
				"typeProperties": {
					"variableName": "work_tbl_list",
					"value": {
						"value": "@activity('Query DB to dump Work Table names').output.value",
						"type": "Expression"
					}
				}
			},
			{
				"name": "For Each Work Table in the list",
				"type": "ForEach",
				"dependsOn": [
					{
						"activity": "Check if Month is FY Begining",
						"dependencyConditions": [
							"Succeeded"
						]
					}
				],
				"userProperties": [],
				"typeProperties": {
					"items": {
						"value": "@variables('work_tbl_list')",
						"type": "Expression"
					},
					"isSequential": false,
					"batchCount": 20,
					"activities": [
						{
							"name": "Generate and Execute the Query",
							"type": "Lookup",
							"dependsOn": [],
							"policy": {
								"timeout": "0.12:00:00",
								"retry": 3,
								"retryIntervalInSeconds": 30,
								"secureOutput": false,
								"secureInput": false
							},
							"userProperties": [],
							"typeProperties": {
								"source": {
									"type": "AzureSqlSource",
									"sqlReaderQuery": {
										"value": "@concat('UPDATE input.',item().work_tbl_name, ' SET sys_invld_ind = ''N'' WHERE mth_num in ', '(',variables('mth_num'), ')', ';SELECT 1')",
										"type": "Expression"
									},
									"queryTimeout": "02:00:00",
									"partitionOption": "None"
								},
								"dataset": {
									"referenceName": "DS_DbGeneric",
									"type": "DatasetReference",
									"parameters": {
										"in_schma_name": "..",
										"in_tbl_view": "..",
										"in_key_vault_name": {
											"value": "@pipeline().globalParameters.globl_key_vault_name",
											"type": "Expression"
										}
									}
								}
							}
						}
					]
				}
			},
			{
				"name": "OpenComponentExecution",
				"type": "Lookup",
				"dependsOn": [],
				"policy": {
					"timeout": "7.00:00:00",
					"retry": 0,
					"retryIntervalInSeconds": 30,
					"secureOutput": false,
					"secureInput": false
				},
				"userProperties": [],
				"typeProperties": {
					"source": {
						"type": "AzureSqlSource",
						"sqlReaderStoredProcedureName": "[md].[pro_comp_exctn_open]",
						"storedProcedureParameters": {
							"in_adf_pipln_name": {
								"type": "String",
								"value": {
									"value": "@pipeline().Pipeline",
									"type": "Expression"
								}
							},
							"in_param_json_txt": {
								"type": "String",
								"value": {
									"value": "@pipeline().parameters.in_param_json_txt",
									"type": "Expression"
								}
							},
							"in_parnt_comp_exctn_id": {
								"type": "Int32",
								"value": {
									"value": "@pipeline().parameters.in_parnt_comp_exctn_id",
									"type": "Expression"
								}
							},
							"in_scope_id": {
								"type": "Int32",
								"value": null
							},
							"in_user_name": {
								"type": "String",
								"value": {
									"value": "@pipeline().parameters.in_user_name",
									"type": "Expression"
								}
							},
							"out_comp_exctn_id": {
								"type": "Int32",
								"value": null
							},
							"out_param_json_txt": {
								"type": "String",
								"value": null
							},
							"in_adf_pipln_run_id": {
								"type": "String",
								"value": {
									"value": "@pipeline().RunId",
									"type": "Expression"
								}
							}
						},
						"queryTimeout": "02:00:00",
						"partitionOption": "None"
					},
					"dataset": {
						"referenceName": "DS_DbGeneric",
						"type": "DatasetReference",
						"parameters": {
							"in_schma_name": "..",
							"in_tbl_view": "..",
							"in_key_vault_name": {
								"value": "@pipeline().globalParameters.globl_key_vault_name",
								"type": "Expression"
							}
						}
					},
					"firstRowOnly": true
				}
			},
			{
				"name": "SetOutComponentExecutionId",
				"type": "SetVariable",
				"dependsOn": [
					{
						"activity": "OpenComponentExecution",
						"dependencyConditions": [
							"Succeeded"
						]
					}
				],
				"userProperties": [],
				"typeProperties": {
					"variableName": "l_comp_exctn_id",
					"value": {
						"value": "@string(activity('OpenComponentExecution').output.firstRow.out_comp_exctn_id)",
						"type": "Expression"
					}
				}
			},
			{
				"name": "SetOutParamJsonText",
				"type": "SetVariable",
				"dependsOn": [
					{
						"activity": "OpenComponentExecution",
						"dependencyConditions": [
							"Succeeded"
						]
					}
				],
				"userProperties": [],
				"typeProperties": {
					"variableName": "l_out_param_json_txt",
					"value": {
						"value": "@string(activity('OpenComponentExecution').output.firstRow.out_param_json_txt)",
						"type": "Expression"
					}
				}
			},
			{
				"name": "Just Wait",
				"type": "Wait",
				"dependsOn": [
					{
						"activity": "SetOutParamJsonText",
						"dependencyConditions": [
							"Succeeded"
						]
					},
					{
						"activity": "SetOutComponentExecutionId",
						"dependencyConditions": [
							"Succeeded"
						]
					}
				],
				"userProperties": [],
				"typeProperties": {
					"waitTimeInSeconds": 1
				}
			},
			{
				"name": "CloseComponentExecutionSuccess",
				"type": "SqlServerStoredProcedure",
				"dependsOn": [
					{
						"activity": "For Each Work Table in the list",
						"dependencyConditions": [
							"Succeeded"
						]
					}
				],
				"policy": {
					"timeout": "7.00:00:00",
					"retry": 0,
					"retryIntervalInSeconds": 30,
					"secureOutput": false,
					"secureInput": false
				},
				"userProperties": [],
				"typeProperties": {
					"storedProcedureName": "[md].[pro_comp_exctn_close]",
					"storedProcedureParameters": {
						"in_comp_exctn_id": {
							"value": {
								"value": "@int(variables('l_comp_exctn_id'))",
								"type": "Expression"
							},
							"type": "Int32"
						},
						"in_sttus_code": {
							"value": "C",
							"type": "String"
						},
						"in_err_msg_txt": {
							"value": null,
							"type": "String"
						}
					}
				},
				"linkedServiceName": {
					"referenceName": "LS_SQLDatabase",
					"type": "LinkedServiceReference",
					"parameters": {
						"in_key_vault_name": {
							"value": "@pipeline().globalParameters.globl_key_vault_name",
							"type": "Expression"
						}
					}
				}
			},
			{
				"name": "CloseComponentExecutionFailed",
				"type": "SqlServerStoredProcedure",
				"dependsOn": [
					{
						"activity": "For Each Work Table in the list",
						"dependencyConditions": [
							"Failed",
							"Skipped"
						]
					}
				],
				"policy": {
					"timeout": "7.00:00:00",
					"retry": 0,
					"retryIntervalInSeconds": 30,
					"secureOutput": false,
					"secureInput": false
				},
				"userProperties": [],
				"typeProperties": {
					"storedProcedureName": "[md].[pro_comp_exctn_close]",
					"storedProcedureParameters": {
						"in_comp_exctn_id": {
							"value": {
								"value": "@int(variables('l_comp_exctn_id'))",
								"type": "Expression"
							},
							"type": "Int32"
						},
						"in_sttus_code": {
							"value": "F",
							"type": "String"
						},
						"in_err_msg_txt": {
							"value": {
								"value": "@concat(pipeline().Pipeline, ' failed.')",
								"type": "Expression"
							},
							"type": "String"
						}
					}
				},
				"linkedServiceName": {
					"referenceName": "LS_SQLDatabase",
					"type": "LinkedServiceReference",
					"parameters": {
						"in_key_vault_name": {
							"value": "@pipeline().globalParameters.globl_key_vault_name",
							"type": "Expression"
						}
					}
				}
			},
			{
				"name": "RaiseError",
				"type": "Lookup",
				"dependsOn": [
					{
						"activity": "CloseComponentExecutionFailed",
						"dependencyConditions": [
							"Succeeded"
						]
					}
				],
				"policy": {
					"timeout": "7.00:00:00",
					"retry": 0,
					"retryIntervalInSeconds": 30,
					"secureOutput": false,
					"secureInput": false
				},
				"userProperties": [],
				"typeProperties": {
					"source": {
						"type": "AzureSqlSource",
						"sqlReaderQuery": {
							"value": "@concat('THROW 99999, ''Error with ',pipeline().Pipeline,' Pipeline'', 1')",
							"type": "Expression"
						},
						"queryTimeout": "02:00:00",
						"partitionOption": "None"
					},
					"dataset": {
						"referenceName": "DS_DbGeneric",
						"type": "DatasetReference",
						"parameters": {
							"in_schma_name": "..",
							"in_tbl_view": "..",
							"in_key_vault_name": {
								"value": "@pipeline().globalParameters.globl_key_vault_name",
								"type": "Expression"
							}
						}
					}
				}
			},
			{
				"name": "Check if Month is FY Begining",
				"type": "IfCondition",
				"dependsOn": [
					{
						"activity": "List of Work Tables to update",
						"dependencyConditions": [
							"Succeeded"
						]
					}
				],
				"userProperties": [],
				"typeProperties": {
					"expression": {
						"value": "@equals(substring(utcNow(),5 ,2 ),'09')",
						"type": "Expression"
					},
					"ifFalseActivities": [
						{
							"name": "Calculate last month Date false",
							"type": "SetVariable",
							"dependsOn": [],
							"userProperties": [],
							"typeProperties": {
								"variableName": "mth_num",
								"value": {
									"value": "@concat('''',substring(addDays(utcNow(), -30),0,7 ), '-01','''')",
									"type": "Expression"
								}
							}
						}
					],
					"ifTrueActivities": [
						{
							"name": "Calculate last month Date true",
							"type": "SetVariable",
							"dependsOn": [],
							"userProperties": [],
							"typeProperties": {
								"variableName": "mth_num",
								"value": {
									"value": "@concat('''', substring(addDays(utcNow(), -30),0,7 ), '-01','''', ',' ,'''',substring(addDays(utcNow(), -60),0,7 ), '-01', '''')",
									"type": "Expression"
								}
							}
						}
					]
				}
			}
		],
		"parameters": {
			"path": {
				"type": "string",
				"defaultValue": "/Uploader/"
			},
			"in_parnt_comp_exctn_id": {
				"type": "string"
			},
			"in_user_name": {
				"type": "string"
			},
			"in_param_json_txt": {
				"type": "string"
			}
		},
		"variables": {
			"work_tbl_list": {
				"type": "Array"
			},
			"mth_num": {
				"type": "String"
			},
			"actual_query": {
				"type": "String"
			},
			"l_comp_exctn_id": {
				"type": "String"
			},
			"l_param_json_txt": {
				"type": "String"
			},
			"l_out_param_json_txt": {
				"type": "String"
			}
		},
		"folder": {
			"name": "Load"
		},
		"annotations": []
	}
}