{
	"name": "ld-LoadMainGlobal",
	"properties": {
		"activities": [
			{
				"name": "SetParamJsonText",
				"type": "SetVariable",
				"dependsOn": [
					{
						"activity": "SetShipmtProcessInd",
						"dependencyConditions": [
							"Succeeded"
						]
					},
					{
						"activity": "SetProdProcessInd",
						"dependencyConditions": [
							"Succeeded"
						]
					},
					{
						"activity": "SetCustProcessInd",
						"dependencyConditions": [
							"Succeeded"
						]
					}
				],
				"userProperties": [],
				"typeProperties": {
					"variableName": "l_param_json_txt",
					"value": {
						"value": "@concat('[{', '\"in_cust_prcss_ind\":', '\"', string(variables('l_cust_prcss_ind')), '\"', ',', '\"in_prod_prcss_ind\":', '\"',string(variables('l_prod_prcss_ind')), '\"', ',', '\"in_shpmt_prcss_ind\":', '\"', string(variables('l_shpmt_prcss_ind')), '\"',',','\"in_direct_prcss_ind\":','\"Y\"',',','\"in_indirect_prcss_ind\":','\"Y\"','}]')",
						"type": "Expression"
					}
				}
			},
			{
				"name": "ExecuteLoadPrepareConfigGlobal",
				"type": "ExecutePipeline",
				"dependsOn": [
					{
						"activity": "LockAcquire",
						"dependencyConditions": [
							"Succeeded"
						]
					}
				],
				"userProperties": [],
				"typeProperties": {
					"pipeline": {
						"referenceName": "ld-PrepareConfigGlobal",
						"type": "PipelineReference"
					},
					"waitOnCompletion": true,
					"parameters": {
						"in_parnt_comp_exctn_id": {
							"value": "@variables('l_comp_exctn_id')",
							"type": "Expression"
						},
						"in_user_name": {
							"value": "@pipeline().parameters.in_user_name",
							"type": "Expression"
						},
						"in_cust_prcss_ind": {
							"value": "@variables('l_cust_prcss_ind')",
							"type": "Expression"
						},
						"in_prod_prcss_ind": {
							"value": "@variables('l_prod_prcss_ind')",
							"type": "Expression"
						},
						"in_shpmt_prcss_ind": {
							"value": "@variables('l_shpmt_prcss_ind')",
							"type": "Expression"
						}
					}
				}
			},
			{
				"name": "OpenComponentExecution",
				"type": "Lookup",
				"dependsOn": [
					{
						"activity": "SetParamJsonText",
						"dependencyConditions": [
							"Succeeded"
						]
					}
				],
				"policy": {
					"timeout": "7.00:00:00",
					"retry": 0,
					"retryIntervalInSeconds": 30,
					"secureOutput": false,
					"secureInput": false
				},
				"userProperties": [],
				"typeProperties": {
					"source": {
						"type": "AzureSqlSource",
						"sqlReaderStoredProcedureName": "[md].[pro_comp_exctn_open]",
						"storedProcedureParameters": {
							"in_adf_pipln_name": {
								"type": "String",
								"value": {
									"value": "@pipeline().Pipeline",
									"type": "Expression"
								}
							},
							"in_param_json_txt": {
								"type": "String",
								"value": {
									"value": "@variables('l_param_json_txt')",
									"type": "Expression"
								}
							},
							"in_parnt_comp_exctn_id": {
								"type": "Int32",
								"value": {
									"value": "@pipeline().parameters.in_parnt_comp_exctn_id",
									"type": "Expression"
								}
							},
							"in_scope_id": {
								"type": "Int32",
								"value": null
							},
							"in_user_name": {
								"type": "String",
								"value": {
									"value": "@pipeline().parameters.in_user_name",
									"type": "Expression"
								}
							},
							"out_comp_exctn_id": {
								"type": "Int32",
								"value": null
							},
							"out_param_json_txt": {
								"type": "String",
								"value": null
							},
							"in_adf_pipln_run_id": {
								"type": "String",
								"value": {
									"value": "@pipeline().RunId",
									"type": "Expression"
								}
							}
						},
						"queryTimeout": "02:00:00",
						"partitionOption": "None"
					},
					"dataset": {
						"referenceName": "DS_DbGeneric",
						"type": "DatasetReference",
						"parameters": {
							"in_schma_name": "..",
							"in_tbl_view": "..",
							"in_key_vault_name": {
								"value": "@pipeline().globalParameters.globl_key_vault_name",
								"type": "Expression"
							}
						}
					},
					"firstRowOnly": true
				}
			},
			{
				"name": "SetOutComponentExecutionId",
				"type": "SetVariable",
				"dependsOn": [
					{
						"activity": "OpenComponentExecution",
						"dependencyConditions": [
							"Succeeded"
						]
					}
				],
				"userProperties": [],
				"typeProperties": {
					"variableName": "l_comp_exctn_id",
					"value": {
						"value": "@string(activity('OpenComponentExecution').output.firstRow.out_comp_exctn_id)",
						"type": "Expression"
					}
				}
			},
			{
				"name": "SetOutParamJsonText",
				"type": "SetVariable",
				"dependsOn": [
					{
						"activity": "OpenComponentExecution",
						"dependencyConditions": [
							"Succeeded"
						]
					}
				],
				"userProperties": [],
				"typeProperties": {
					"variableName": "l_out_param_json_txt",
					"value": {
						"value": "@string(activity('OpenComponentExecution').output.firstRow.out_param_json_txt)",
						"type": "Expression"
					}
				}
			},
			{
				"name": "SetCustProcessInd",
				"type": "SetVariable",
				"dependsOn": [
					{
						"activity": "Set Starttime",
						"dependencyConditions": [
							"Succeeded"
						]
					}
				],
				"userProperties": [],
				"typeProperties": {
					"variableName": "l_cust_prcss_ind",
					"value": {
						"value": "@pipeline().parameters.in_cust_prcss_ind",
						"type": "Expression"
					}
				}
			},
			{
				"name": "SetProdProcessInd",
				"type": "SetVariable",
				"dependsOn": [
					{
						"activity": "Set Starttime",
						"dependencyConditions": [
							"Succeeded"
						]
					}
				],
				"userProperties": [],
				"typeProperties": {
					"variableName": "l_prod_prcss_ind",
					"value": {
						"value": "@pipeline().parameters.in_prod_prcss_ind",
						"type": "Expression"
					}
				}
			},
			{
				"name": "SetShipmtProcessInd",
				"type": "SetVariable",
				"dependsOn": [
					{
						"activity": "Set Starttime",
						"dependencyConditions": [
							"Succeeded"
						]
					}
				],
				"userProperties": [],
				"typeProperties": {
					"variableName": "l_shpmt_prcss_ind",
					"value": {
						"value": "@pipeline().parameters.in_shpmt_prcss_ind",
						"type": "Expression"
					}
				}
			},
			{
				"name": "CloseComponentExecutionSuccess",
				"type": "SqlServerStoredProcedure",
				"dependsOn": [
					{
						"activity": "ExecuteActualLoad",
						"dependencyConditions": [
							"Succeeded"
						]
					}
				],
				"policy": {
					"timeout": "7.00:00:00",
					"retry": 0,
					"retryIntervalInSeconds": 30,
					"secureOutput": false,
					"secureInput": false
				},
				"userProperties": [],
				"typeProperties": {
					"storedProcedureName": "[md].[pro_comp_exctn_close]",
					"storedProcedureParameters": {
						"in_comp_exctn_id": {
							"value": {
								"value": "@int(variables('l_comp_exctn_id'))",
								"type": "Expression"
							},
							"type": "Int32"
						},
						"in_sttus_code": {
							"value": "C",
							"type": "String"
						},
						"in_err_msg_txt": {
							"value": null,
							"type": "String"
						}
					}
				},
				"linkedServiceName": {
					"referenceName": "LS_SQLDatabase",
					"type": "LinkedServiceReference",
					"parameters": {
						"in_key_vault_name": {
							"value": "@pipeline().globalParameters.globl_key_vault_name",
							"type": "Expression"
						}
					}
				}
			},
			{
				"name": "CloseComponentExecutionFailed",
				"type": "SqlServerStoredProcedure",
				"dependsOn": [
					{
						"activity": "ExecuteActualLoad",
						"dependencyConditions": [
							"Failed",
							"Skipped"
						]
					}
				],
				"policy": {
					"timeout": "7.00:00:00",
					"retry": 0,
					"retryIntervalInSeconds": 30,
					"secureOutput": false,
					"secureInput": false
				},
				"userProperties": [],
				"typeProperties": {
					"storedProcedureName": "[md].[pro_comp_exctn_close]",
					"storedProcedureParameters": {
						"in_comp_exctn_id": {
							"value": {
								"value": "@int(variables('l_comp_exctn_id'))",
								"type": "Expression"
							},
							"type": "Int32"
						},
						"in_sttus_code": {
							"value": "F",
							"type": "String"
						},
						"in_err_msg_txt": {
							"value": {
								"value": "@concat(pipeline().Pipeline, ' failed.')",
								"type": "Expression"
							},
							"type": "String"
						}
					}
				},
				"linkedServiceName": {
					"referenceName": "LS_SQLDatabase",
					"type": "LinkedServiceReference",
					"parameters": {
						"in_key_vault_name": {
							"value": "@pipeline().globalParameters.globl_key_vault_name",
							"type": "Expression"
						}
					}
				}
			},
			{
				"name": "RaiseError",
				"type": "Lookup",
				"dependsOn": [
					{
						"activity": "CloseComponentExecutionFailed",
						"dependencyConditions": [
							"Succeeded"
						]
					}
				],
				"policy": {
					"timeout": "7.00:00:00",
					"retry": 0,
					"retryIntervalInSeconds": 30,
					"secureOutput": false,
					"secureInput": false
				},
				"userProperties": [],
				"typeProperties": {
					"source": {
						"type": "AzureSqlSource",
						"sqlReaderQuery": {
							"value": "@concat('THROW 99999, ''Error with ',pipeline().Pipeline,' Pipeline'', 1')",
							"type": "Expression"
						},
						"queryTimeout": "02:00:00",
						"partitionOption": "None"
					},
					"dataset": {
						"referenceName": "DS_DbGeneric",
						"type": "DatasetReference",
						"parameters": {
							"in_schma_name": "..",
							"in_tbl_view": "..",
							"in_key_vault_name": {
								"value": "@pipeline().globalParameters.globl_key_vault_name",
								"type": "Expression"
							}
						}
					}
				}
			},
			{
				"name": "ExecuteActualLoad",
				"type": "ExecutePipeline",
				"dependsOn": [
					{
						"activity": "ExecuteLoadPrepareConfigGlobal",
						"dependencyConditions": [
							"Succeeded"
						]
					}
				],
				"userProperties": [],
				"typeProperties": {
					"pipeline": {
						"referenceName": "ld-ActualLoad",
						"type": "PipelineReference"
					},
					"waitOnCompletion": true,
					"parameters": {
						"in_parnt_comp_exctn_id": {
							"value": "@variables('l_comp_exctn_id')",
							"type": "Expression"
						},
						"in_user_name": {
							"value": "@pipeline().parameters.in_user_name",
							"type": "Expression"
						},
						"in_param_json_txt": {
							"value": "@variables('l_param_json_txt')",
							"type": "Expression"
						},
						"calling_pipeline_name": {
							"value": "@pipeline().Pipeline",
							"type": "Expression"
						}
					}
				}
			},
			{
				"name": "LockRelease",
				"type": "SqlServerStoredProcedure",
				"dependsOn": [
					{
						"activity": "ExecuteActualLoad",
						"dependencyConditions": [
							"Completed",
							"Skipped"
						]
					}
				],
				"policy": {
					"timeout": "0.01:00:00",
					"retry": 6,
					"retryIntervalInSeconds": 600,
					"secureOutput": false,
					"secureInput": false
				},
				"userProperties": [],
				"typeProperties": {
					"storedProcedureName": "[md].[pro_comp_exctn_lock_relse]",
					"storedProcedureParameters": {
						"in_parnt_comp_exctn_id": {
							"value": {
								"value": "@int(variables('l_comp_exctn_id'))",
								"type": "Expression"
							},
							"type": "Int32"
						},
						"in_user_name": {
							"value": {
								"value": "@pipeline().parameters.in_user_name",
								"type": "Expression"
							},
							"type": "String"
						}
					}
				},
				"linkedServiceName": {
					"referenceName": "LS_SQLDatabase",
					"type": "LinkedServiceReference",
					"parameters": {
						"in_key_vault_name": {
							"value": "@pipeline().globalParameters.globl_key_vault_name",
							"type": "Expression"
						}
					}
				}
			},
			{
				"name": "LockAcquire",
				"type": "SqlServerStoredProcedure",
				"dependsOn": [
					{
						"activity": "IterateMarketGroupList",
						"dependencyConditions": [
							"Succeeded"
						]
					}
				],
				"policy": {
					"timeout": "0.01:00:00",
					"retry": 6,
					"retryIntervalInSeconds": 600,
					"secureOutput": false,
					"secureInput": false
				},
				"userProperties": [],
				"typeProperties": {
					"storedProcedureName": "[md].[pro_scope_mkt_grp_lock_acq]",
					"storedProcedureParameters": {
						"in_mkt_grp_name_list_json_txt": {
							"value": {
								"value": "@concat('{\"Market Groups\": ',string(variables('l_param_mkt_grp_json_array')),'}')",
								"type": "Expression"
							},
							"type": "String"
						},
						"in_parnt_comp_exctn_id": {
							"value": {
								"value": "@variables('l_comp_exctn_id')",
								"type": "Expression"
							},
							"type": "Int32"
						},
						"in_user_name": {
							"value": {
								"value": "@pipeline().parameters.in_user_name",
								"type": "Expression"
							},
							"type": "String"
						}
					}
				},
				"linkedServiceName": {
					"referenceName": "LS_SQLDatabase",
					"type": "LinkedServiceReference",
					"parameters": {
						"in_key_vault_name": {
							"value": "@pipeline().globalParameters.globl_key_vault_name",
							"type": "Expression"
						}
					}
				}
			},
			{
				"name": "GetMarketGroupList",
				"type": "Lookup",
				"dependsOn": [
					{
						"activity": "SetOutComponentExecutionId",
						"dependencyConditions": [
							"Succeeded"
						]
					},
					{
						"activity": "SetOutParamJsonText",
						"dependencyConditions": [
							"Succeeded"
						]
					}
				],
				"policy": {
					"timeout": "7.00:00:00",
					"retry": 0,
					"retryIntervalInSeconds": 30,
					"secureOutput": false,
					"secureInput": false
				},
				"userProperties": [],
				"typeProperties": {
					"source": {
						"type": "AzureSqlSource",
						"sqlReaderQuery": {
							"value": "SELECT mkt_grp_name FROM md.mkt_grp_lkp_vw WHERE mkt_grp_name <> 'Technical'\nand mkt_grp_name <> 'Europe - ALL';",
							"type": "Expression"
						},
						"queryTimeout": "02:00:00",
						"partitionOption": "None"
					},
					"dataset": {
						"referenceName": "DS_DbGeneric",
						"type": "DatasetReference",
						"parameters": {
							"in_schma_name": "..",
							"in_tbl_view": "..",
							"in_key_vault_name": {
								"value": "@pipeline().globalParameters.globl_key_vault_name",
								"type": "Expression"
							}
						}
					},
					"firstRowOnly": false
				}
			},
			{
				"name": "IterateMarketGroupList",
				"type": "ForEach",
				"dependsOn": [
					{
						"activity": "GetMarketGroupList",
						"dependencyConditions": [
							"Succeeded"
						]
					}
				],
				"userProperties": [],
				"typeProperties": {
					"items": {
						"value": "@activity('GetMarketGroupList').output.value",
						"type": "Expression"
					},
					"isSequential": true,
					"activities": [
						{
							"name": "AppendMarketGroup",
							"type": "AppendVariable",
							"dependsOn": [],
							"userProperties": [],
							"typeProperties": {
								"variableName": "l_param_mkt_grp_json_array",
								"value": {
									"value": "@item().mkt_grp_name",
									"type": "Expression"
								}
							}
						}
					]
				}
			},
			{
				"name": "Send Failed Email",
				"type": "ExecutePipeline",
				"dependsOn": [
					{
						"activity": "ExecuteActualLoad",
						"dependencyConditions": [
							"Failed",
							"Skipped"
						]
					}
				],
				"userProperties": [],
				"typeProperties": {
					"pipeline": {
						"referenceName": "ld-AutomatedCommunication",
						"type": "PipelineReference"
					},
					"waitOnCompletion": true,
					"parameters": {
						"load_type": "GLOBAL",
						"load_status": "FAILED",
						"pipelinestarttime": {
							"value": "@variables('starttime')",
							"type": "Expression"
						}
					}
				}
			},
			{
				"name": "Send Completed Email",
				"type": "ExecutePipeline",
				"dependsOn": [
					{
						"activity": "ExecuteActualLoad",
						"dependencyConditions": [
							"Succeeded"
						]
					}
				],
				"userProperties": [],
				"typeProperties": {
					"pipeline": {
						"referenceName": "ld-AutomatedCommunication",
						"type": "PipelineReference"
					},
					"waitOnCompletion": true,
					"parameters": {
						"load_type": "GLOBAL",
						"load_status": "COMPLETED",
						"pipelinestarttime": {
							"value": "@variables('starttime')",
							"type": "Expression"
						}
					}
				}
			},
			{
				"name": "Capture Startime",
				"type": "Lookup",
				"dependsOn": [],
				"policy": {
					"timeout": "0.12:00:00",
					"retry": 0,
					"retryIntervalInSeconds": 30,
					"secureOutput": false,
					"secureInput": false
				},
				"userProperties": [],
				"typeProperties": {
					"source": {
						"type": "AzureSqlSource",
						"sqlReaderQuery": "select CURRENT_TIMESTAMP as starttime",
						"queryTimeout": "02:00:00",
						"partitionOption": "None"
					},
					"dataset": {
						"referenceName": "DS_DbGeneric",
						"type": "DatasetReference",
						"parameters": {
							"in_schma_name": "..",
							"in_tbl_view": "..",
							"in_key_vault_name": {
								"value": "@pipeline().globalParameters.globl_key_vault_name",
								"type": "Expression"
							}
						}
					}
				}
			},
			{
				"name": "Set Starttime",
				"type": "SetVariable",
				"dependsOn": [
					{
						"activity": "Capture Startime",
						"dependencyConditions": [
							"Succeeded"
						]
					}
				],
				"userProperties": [],
				"typeProperties": {
					"variableName": "starttime",
					"value": {
						"value": "@activity('Capture Startime').output.firstRow.starttime",
						"type": "Expression"
					}
				}
			}
		],
		"parameters": {
			"in_parnt_comp_exctn_id": {
				"type": "string"
			},
			"in_user_name": {
				"type": "string"
			},
			"in_cust_prcss_ind": {
				"type": "string",
				"defaultValue": "N"
			},
			"in_prod_prcss_ind": {
				"type": "string",
				"defaultValue": "N"
			},
			"in_shpmt_prcss_ind": {
				"type": "string",
				"defaultValue": "Y"
			}
		},
		"variables": {
			"l_comp_exctn_id": {
				"type": "String"
			},
			"l_param_json_txt": {
				"type": "String"
			},
			"l_out_param_json_txt": {
				"type": "String"
			},
			"l_cust_prcss_ind": {
				"type": "String"
			},
			"l_prod_prcss_ind": {
				"type": "String"
			},
			"l_shpmt_prcss_ind": {
				"type": "String"
			},
			"l_param_mkt_grp_json_array": {
				"type": "Array"
			},
			"starttime": {
				"type": "String"
			}
		},
		"folder": {
			"name": "Load"
		},
		"annotations": []
	}
}