{
	"name": "ld-LoadShipments",
	"properties": {
		"activities": [
			{
				"name": "LoadUploaderProfitCenterMappingToTable",
				"type": "ExecutePipeline",
				"dependsOn": [
					{
						"activity": "Check root Pipeline",
						"dependencyConditions": [
							"Succeeded"
						]
					}
				],
				"userProperties": [],
				"typeProperties": {
					"pipeline": {
						"referenceName": "ld-GenericADBExecute",
						"type": "PipelineReference"
					},
					"waitOnCompletion": true,
					"parameters": {
						"in_notebook_path": "/Uploader/02_Ingestion/",
						"in_notebook_name": "280_ingst_upldr_proft_ctr_mkt_mapng",
						"in_parnt_comp_exctn_id": {
							"value": "@variables('l_comp_exctn_id')",
							"type": "Expression"
						},
						"in_user_name": {
							"value": "@pipeline().parameters.in_user_name",
							"type": "Expression"
						}
					}
				}
			},
			{
				"name": "ExecuteTimeDimension",
				"type": "ExecutePipeline",
				"dependsOn": [
					{
						"activity": "LoadUploaderProfitCenterMappingToTable",
						"dependencyConditions": [
							"Succeeded"
						]
					},
					{
						"activity": "Check if Direct Shipments are to be Processed",
						"dependencyConditions": [
							"Succeeded"
						]
					},
					{
						"activity": "Check if Indirect Shipments should be Processed",
						"dependencyConditions": [
							"Succeeded"
						]
					}
				],
				"userProperties": [],
				"typeProperties": {
					"pipeline": {
						"referenceName": "ld-GenericADBExecute",
						"type": "PipelineReference"
					},
					"waitOnCompletion": true,
					"parameters": {
						"in_notebook_path": "/Uploader/03_Dictionaries/",
						"in_notebook_name": "320_dict_time",
						"in_parnt_comp_exctn_id": {
							"value": "@variables('l_comp_exctn_id')",
							"type": "Expression"
						},
						"in_user_name": {
							"value": "@pipeline().parameters.in_user_name",
							"type": "Expression"
						}
					}
				}
			},
			{
				"name": "UnionDirectAndIndirectShipments",
				"type": "ExecutePipeline",
				"dependsOn": [
					{
						"activity": "ExecuteTimeDimension",
						"dependencyConditions": [
							"Succeeded"
						]
					}
				],
				"userProperties": [],
				"typeProperties": {
					"pipeline": {
						"referenceName": "ld-GenericADBExecute",
						"type": "PipelineReference"
					},
					"waitOnCompletion": true,
					"parameters": {
						"in_notebook_path": "/Uploader/04_Shipments/",
						"in_notebook_name": "410_shpmt_union",
						"in_parnt_comp_exctn_id": {
							"value": "@variables('l_comp_exctn_id')",
							"type": "Expression"
						},
						"in_user_name": {
							"value": "@pipeline().parameters.in_user_name",
							"type": "Expression"
						}
					}
				}
			},
			{
				"name": "JoinShipmentsWithTimeDimension",
				"type": "ExecutePipeline",
				"dependsOn": [
					{
						"activity": "UnionDirectAndIndirectShipments",
						"dependencyConditions": [
							"Succeeded"
						]
					}
				],
				"userProperties": [],
				"typeProperties": {
					"pipeline": {
						"referenceName": "ld-GenericADBExecute",
						"type": "PipelineReference"
					},
					"waitOnCompletion": true,
					"parameters": {
						"in_notebook_path": "/Uploader/04_Shipments/",
						"in_notebook_name": "420_shpmt_time",
						"in_parnt_comp_exctn_id": {
							"value": "@variables('l_comp_exctn_id')",
							"type": "Expression"
						},
						"in_user_name": {
							"value": "@pipeline().parameters.in_user_name",
							"type": "Expression"
						}
					}
				}
			},
			{
				"name": "ApplyFactFiltering",
				"type": "ExecutePipeline",
				"dependsOn": [
					{
						"activity": "JoinShipmentsWithTimeDimension",
						"dependencyConditions": [
							"Succeeded"
						]
					}
				],
				"userProperties": [],
				"typeProperties": {
					"pipeline": {
						"referenceName": "ld-GenericADBExecute",
						"type": "PipelineReference"
					},
					"waitOnCompletion": true,
					"parameters": {
						"in_notebook_path": "/Uploader/04_Shipments/",
						"in_notebook_name": "430_shpmt_filtr",
						"in_parnt_comp_exctn_id": {
							"value": "@variables('l_comp_exctn_id')",
							"type": "Expression"
						},
						"in_user_name": {
							"value": "@pipeline().parameters.in_user_name",
							"type": "Expression"
						}
					}
				}
			},
			{
				"name": "JoinShipmentsWithGeoMapping",
				"type": "ExecutePipeline",
				"dependsOn": [
					{
						"activity": "ApplyFactFiltering",
						"dependencyConditions": [
							"Succeeded"
						]
					}
				],
				"userProperties": [],
				"typeProperties": {
					"pipeline": {
						"referenceName": "ld-GenericADBExecute",
						"type": "PipelineReference"
					},
					"waitOnCompletion": true,
					"parameters": {
						"in_notebook_path": "/Uploader/04_Shipments/",
						"in_notebook_name": "440_shpmt_geo_mapng",
						"in_parnt_comp_exctn_id": {
							"value": "@variables('l_comp_exctn_id')",
							"type": "Expression"
						},
						"in_user_name": {
							"value": "@pipeline().parameters.in_user_name",
							"type": "Expression"
						}
					}
				}
			},
			{
				"name": "SetOutComponentExecutionId",
				"type": "SetVariable",
				"dependsOn": [
					{
						"activity": "OpenComponentExecution",
						"dependencyConditions": [
							"Succeeded"
						]
					}
				],
				"userProperties": [],
				"typeProperties": {
					"variableName": "l_comp_exctn_id",
					"value": {
						"value": "@string(activity('OpenComponentExecution').output.firstRow.out_comp_exctn_id)",
						"type": "Expression"
					}
				}
			},
			{
				"name": "SetOutParamJsonText",
				"type": "SetVariable",
				"dependsOn": [
					{
						"activity": "OpenComponentExecution",
						"dependencyConditions": [
							"Succeeded"
						]
					}
				],
				"userProperties": [],
				"typeProperties": {
					"variableName": "l_out_param_json_txt",
					"value": {
						"value": "@string(activity('OpenComponentExecution').output.firstRow.out_param_json_txt)",
						"type": "Expression"
					}
				}
			},
			{
				"name": "OpenComponentExecution",
				"type": "Lookup",
				"dependsOn": [
					{
						"activity": "SetParamJsonText",
						"dependencyConditions": [
							"Succeeded"
						]
					}
				],
				"policy": {
					"timeout": "7.00:00:00",
					"retry": 0,
					"retryIntervalInSeconds": 30,
					"secureOutput": false,
					"secureInput": false
				},
				"userProperties": [],
				"typeProperties": {
					"source": {
						"type": "AzureSqlSource",
						"sqlReaderStoredProcedureName": "[md].[pro_comp_exctn_open]",
						"storedProcedureParameters": {
							"in_adf_pipln_name": {
								"type": "String",
								"value": {
									"value": "@pipeline().Pipeline",
									"type": "Expression"
								}
							},
							"in_param_json_txt": {
								"type": "String",
								"value": {
									"value": "@variables('l_param_json_txt')",
									"type": "Expression"
								}
							},
							"in_parnt_comp_exctn_id": {
								"type": "Int32",
								"value": {
									"value": "@pipeline().parameters.in_parnt_comp_exctn_id",
									"type": "Expression"
								}
							},
							"in_scope_id": {
								"type": "Int32",
								"value": null
							},
							"in_user_name": {
								"type": "String",
								"value": {
									"value": "@pipeline().parameters.in_user_name",
									"type": "Expression"
								}
							},
							"out_comp_exctn_id": {
								"type": "Int32",
								"value": null
							},
							"out_param_json_txt": {
								"type": "String",
								"value": null
							},
							"in_adf_pipln_run_id": {
								"type": "String",
								"value": {
									"value": "@pipeline().RunId",
									"type": "Expression"
								}
							}
						},
						"queryTimeout": "02:00:00",
						"partitionOption": "None"
					},
					"dataset": {
						"referenceName": "DS_DbGeneric",
						"type": "DatasetReference",
						"parameters": {
							"in_schma_name": "..",
							"in_tbl_view": "..",
							"in_key_vault_name": {
								"value": "@pipeline().globalParameters.globl_key_vault_name",
								"type": "Expression"
							}
						}
					},
					"firstRowOnly": true
				}
			},
			{
				"name": "SetParamJsonText",
				"type": "SetVariable",
				"dependsOn": [],
				"userProperties": [],
				"typeProperties": {
					"variableName": "l_param_json_txt",
					"value": {
						"value": "@pipeline().parameters.in_param_json_txt",
						"type": "Expression"
					}
				}
			},
			{
				"name": "CloseComponentExecutionSuccess",
				"type": "SqlServerStoredProcedure",
				"dependsOn": [
					{
						"activity": "ExecuteMarketGroupFilter",
						"dependencyConditions": [
							"Succeeded"
						]
					}
				],
				"policy": {
					"timeout": "7.00:00:00",
					"retry": 0,
					"retryIntervalInSeconds": 30,
					"secureOutput": false,
					"secureInput": false
				},
				"userProperties": [],
				"typeProperties": {
					"storedProcedureName": "[md].[pro_comp_exctn_close]",
					"storedProcedureParameters": {
						"in_comp_exctn_id": {
							"value": {
								"value": "@int(variables('l_comp_exctn_id'))",
								"type": "Expression"
							},
							"type": "Int32"
						},
						"in_sttus_code": {
							"value": "C",
							"type": "String"
						},
						"in_err_msg_txt": {
							"value": null,
							"type": "String"
						}
					}
				},
				"linkedServiceName": {
					"referenceName": "LS_SQLDatabase",
					"type": "LinkedServiceReference",
					"parameters": {
						"in_key_vault_name": {
							"value": "@pipeline().globalParameters.globl_key_vault_name",
							"type": "Expression"
						}
					}
				}
			},
			{
				"name": "CloseComponentExecutionFailed",
				"type": "SqlServerStoredProcedure",
				"dependsOn": [
					{
						"activity": "ExecuteMarketGroupFilter",
						"dependencyConditions": [
							"Skipped",
							"Failed"
						]
					}
				],
				"policy": {
					"timeout": "7.00:00:00",
					"retry": 0,
					"retryIntervalInSeconds": 30,
					"secureOutput": false,
					"secureInput": false
				},
				"userProperties": [],
				"typeProperties": {
					"storedProcedureName": "[md].[pro_comp_exctn_close]",
					"storedProcedureParameters": {
						"in_comp_exctn_id": {
							"value": {
								"value": "@int(variables('l_comp_exctn_id'))",
								"type": "Expression"
							},
							"type": "Int32"
						},
						"in_sttus_code": {
							"value": "F",
							"type": "String"
						},
						"in_err_msg_txt": {
							"value": {
								"value": "@concat(pipeline().Pipeline, ' failed.')",
								"type": "Expression"
							},
							"type": "String"
						}
					}
				},
				"linkedServiceName": {
					"referenceName": "LS_SQLDatabase",
					"type": "LinkedServiceReference",
					"parameters": {
						"in_key_vault_name": {
							"value": "@pipeline().globalParameters.globl_key_vault_name",
							"type": "Expression"
						}
					}
				}
			},
			{
				"name": "RaiseError",
				"type": "Lookup",
				"dependsOn": [
					{
						"activity": "CloseComponentExecutionFailed",
						"dependencyConditions": [
							"Completed"
						]
					}
				],
				"policy": {
					"timeout": "7.00:00:00",
					"retry": 0,
					"retryIntervalInSeconds": 30,
					"secureOutput": false,
					"secureInput": false
				},
				"userProperties": [],
				"typeProperties": {
					"source": {
						"type": "AzureSqlSource",
						"sqlReaderQuery": {
							"value": "@concat('THROW 99999, ''Error with ',pipeline().Pipeline,' Pipeline'', 1')",
							"type": "Expression"
						},
						"queryTimeout": "02:00:00",
						"partitionOption": "None"
					},
					"dataset": {
						"referenceName": "DS_DbGeneric",
						"type": "DatasetReference",
						"parameters": {
							"in_schma_name": "..",
							"in_tbl_view": "..",
							"in_key_vault_name": {
								"value": "@pipeline().globalParameters.globl_key_vault_name",
								"type": "Expression"
							}
						}
					}
				}
			},
			{
				"name": "ExecuteMarketGroupFilter",
				"type": "ExecutePipeline",
				"dependsOn": [
					{
						"activity": "JoinShipmentsWithGeoMapping",
						"dependencyConditions": [
							"Succeeded"
						]
					}
				],
				"userProperties": [],
				"typeProperties": {
					"pipeline": {
						"referenceName": "ld-GenericADBExecute",
						"type": "PipelineReference"
					},
					"waitOnCompletion": true,
					"parameters": {
						"in_notebook_path": "/Uploader/04_Shipments/",
						"in_notebook_name": "450_shpmt_cache",
						"in_parnt_comp_exctn_id": {
							"value": "@variables('l_comp_exctn_id')",
							"type": "Expression"
						},
						"in_user_name": {
							"value": "@pipeline().parameters.in_user_name",
							"type": "Expression"
						}
					}
				}
			},
			{
				"name": "Check root Pipeline",
				"type": "IfCondition",
				"dependsOn": [
					{
						"activity": "Check for Dummy Direct Variable",
						"dependencyConditions": [
							"Succeeded"
						]
					},
					{
						"activity": "Check for Dummy Indirect Variable",
						"dependencyConditions": [
							"Succeeded"
						]
					}
				],
				"userProperties": [],
				"typeProperties": {
					"expression": {
						"value": "@equals(pipeline().parameters.parent_pipeline_name, 'ld-LoadMainSelective')",
						"type": "Expression"
					},
					"ifFalseActivities": [
						{
							"name": "set dir shp",
							"type": "SetVariable",
							"dependsOn": [],
							"userProperties": [],
							"typeProperties": {
								"variableName": "v_in_direct_prcss_ind",
								"value": "Y"
							}
						},
						{
							"name": "set ind shp",
							"type": "SetVariable",
							"dependsOn": [
								{
									"activity": "set dir shp",
									"dependencyConditions": [
										"Succeeded"
									]
								}
							],
							"userProperties": [],
							"typeProperties": {
								"variableName": "v_in_indirect_prcss_ind",
								"value": "Y"
							}
						}
					],
					"ifTrueActivities": [
						{
							"name": "set direct shp",
							"type": "SetVariable",
							"dependsOn": [],
							"userProperties": [],
							"typeProperties": {
								"variableName": "v_in_direct_prcss_ind",
								"value": {
									"value": "@variables('dummy_v_in_direct_prcss_ind')",
									"type": "Expression"
								}
							}
						},
						{
							"name": "set indirect shp",
							"type": "SetVariable",
							"dependsOn": [
								{
									"activity": "set direct shp",
									"dependencyConditions": [
										"Succeeded"
									]
								}
							],
							"userProperties": [],
							"typeProperties": {
								"variableName": "v_in_indirect_prcss_ind",
								"value": {
									"value": "@variables('dummpy_v_in_indirect_prcss_ind')",
									"type": "Expression"
								}
							}
						}
					]
				}
			},
			{
				"name": "IterateJsonArrayForDirShipments",
				"type": "ForEach",
				"dependsOn": [
					{
						"activity": "Complete Json",
						"dependencyConditions": [
							"Succeeded"
						]
					}
				],
				"userProperties": [],
				"typeProperties": {
					"items": {
						"value": "@json(variables('complete_json_var'))",
						"type": "Expression"
					},
					"activities": [
						{
							"name": "AppendDirShipmentProcessIndicator",
							"type": "AppendVariable",
							"dependsOn": [],
							"userProperties": [],
							"typeProperties": {
								"variableName": "array_in_direct_prcss_ind",
								"value": {
									"value": "@item().in_direct_prcss_ind",
									"type": "Expression"
								}
							}
						}
					]
				}
			},
			{
				"name": "IterateJsonArrayForIndShipments",
				"type": "ForEach",
				"dependsOn": [
					{
						"activity": "Complete Json",
						"dependencyConditions": [
							"Succeeded"
						]
					}
				],
				"userProperties": [],
				"typeProperties": {
					"items": {
						"value": "@json(variables('complete_json_var'))",
						"type": "Expression"
					},
					"activities": [
						{
							"name": "AppendIndShipmentProcessIndicator",
							"type": "AppendVariable",
							"dependsOn": [],
							"userProperties": [],
							"typeProperties": {
								"variableName": "array_in_indirect_prcss_ind",
								"value": {
									"value": "@item().in_indirect_prcss_ind",
									"type": "Expression"
								}
							}
						}
					]
				}
			},
			{
				"name": "Complete Json",
				"type": "SetVariable",
				"dependsOn": [
					{
						"activity": "SetOutComponentExecutionId",
						"dependencyConditions": [
							"Succeeded"
						]
					},
					{
						"activity": "SetOutParamJsonText",
						"dependencyConditions": [
							"Succeeded"
						]
					}
				],
				"userProperties": [],
				"typeProperties": {
					"variableName": "complete_json_var",
					"value": {
						"value": "@concat(pipeline().parameters.complete_json_text, '')",
						"type": "Expression"
					}
				}
			},
			{
				"name": "Check for Dummy Direct Variable",
				"type": "IfCondition",
				"dependsOn": [
					{
						"activity": "IterateJsonArrayForDirShipments",
						"dependencyConditions": [
							"Succeeded"
						]
					}
				],
				"userProperties": [],
				"typeProperties": {
					"expression": {
						"value": "@contains(string(variables('array_in_direct_prcss_ind')), 'Y')",
						"type": "Expression"
					},
					"ifFalseActivities": [
						{
							"name": "Set Dummy Direct Variable False",
							"description": "",
							"type": "SetVariable",
							"dependsOn": [],
							"userProperties": [],
							"typeProperties": {
								"variableName": "dummy_v_in_direct_prcss_ind",
								"value": "N"
							}
						}
					],
					"ifTrueActivities": [
						{
							"name": "Set Dummy Direct Variable True",
							"type": "SetVariable",
							"dependsOn": [],
							"userProperties": [],
							"typeProperties": {
								"variableName": "dummy_v_in_direct_prcss_ind",
								"value": "Y"
							}
						}
					]
				}
			},
			{
				"name": "Check for Dummy Indirect Variable",
				"type": "IfCondition",
				"dependsOn": [
					{
						"activity": "IterateJsonArrayForIndShipments",
						"dependencyConditions": [
							"Succeeded"
						]
					}
				],
				"userProperties": [],
				"typeProperties": {
					"expression": {
						"value": "@contains(string(variables('array_in_indirect_prcss_ind')), 'Y')",
						"type": "Expression"
					},
					"ifFalseActivities": [
						{
							"name": "Set Dummy Indirect Variable False",
							"type": "SetVariable",
							"dependsOn": [],
							"userProperties": [],
							"typeProperties": {
								"variableName": "dummpy_v_in_indirect_prcss_ind",
								"value": "N"
							}
						}
					],
					"ifTrueActivities": [
						{
							"name": "Set Dummy Indirect Variable True",
							"type": "SetVariable",
							"dependsOn": [],
							"userProperties": [],
							"typeProperties": {
								"variableName": "dummpy_v_in_indirect_prcss_ind",
								"value": "Y"
							}
						}
					]
				}
			},
			{
				"name": "Check if Direct Shipments are to be Processed",
				"type": "IfCondition",
				"dependsOn": [
					{
						"activity": "Check root Pipeline",
						"dependencyConditions": [
							"Succeeded"
						]
					}
				],
				"userProperties": [],
				"typeProperties": {
					"expression": {
						"value": "@equals(variables('v_in_direct_prcss_ind'), 'Y')",
						"type": "Expression"
					},
					"ifTrueActivities": [
						{
							"name": "LoadCNGCDirectShipmentsToTable",
							"type": "ExecutePipeline",
							"dependsOn": [],
							"userProperties": [],
							"typeProperties": {
								"pipeline": {
									"referenceName": "ld-GenericADBExecute",
									"type": "PipelineReference"
								},
								"waitOnCompletion": true,
								"parameters": {
									"in_notebook_path": "/Uploader/02_Ingestion/",
									"in_notebook_name": "240_ingst_cngc_shpmt_dirct",
									"in_parnt_comp_exctn_id": {
										"value": "@variables('l_comp_exctn_id')",
										"type": "Expression"
									},
									"in_user_name": {
										"value": "@pipeline().parameters.in_user_name",
										"type": "Expression"
									}
								}
							}
						}
					]
				}
			},
			{
				"name": "Check if Indirect Shipments should be Processed",
				"type": "IfCondition",
				"dependsOn": [
					{
						"activity": "Check root Pipeline",
						"dependencyConditions": [
							"Succeeded"
						]
					}
				],
				"userProperties": [],
				"typeProperties": {
					"expression": {
						"value": "@equals(variables('v_in_indirect_prcss_ind'), 'Y')",
						"type": "Expression"
					},
					"ifTrueActivities": [
						{
							"name": "LoadCNGCIndirectShipmentsAMAToTable",
							"type": "ExecutePipeline",
							"dependsOn": [],
							"userProperties": [],
							"typeProperties": {
								"pipeline": {
									"referenceName": "ld-GenericADBExecute",
									"type": "PipelineReference"
								},
								"waitOnCompletion": true,
								"parameters": {
									"in_notebook_path": "/Uploader/02_Ingestion/",
									"in_notebook_name": "250_ingst_cngc_shpmt_indir_ama",
									"in_parnt_comp_exctn_id": {
										"value": "@variables('l_comp_exctn_id')",
										"type": "Expression"
									},
									"in_user_name": {
										"value": "@pipeline().parameters.in_user_name",
										"type": "Expression"
									}
								}
							}
						},
						{
							"name": "LoadCNGCIndirectShipmentsEUToTable",
							"type": "ExecutePipeline",
							"dependsOn": [],
							"userProperties": [],
							"typeProperties": {
								"pipeline": {
									"referenceName": "ld-GenericADBExecute",
									"type": "PipelineReference"
								},
								"waitOnCompletion": true,
								"parameters": {
									"in_notebook_path": "/Uploader/02_Ingestion/",
									"in_notebook_name": "260_ingst_cngc_shpmt_indir_eu",
									"in_parnt_comp_exctn_id": {
										"value": "@variables('l_comp_exctn_id')",
										"type": "Expression"
									},
									"in_user_name": {
										"value": "@pipeline().parameters.in_user_name",
										"type": "Expression"
									}
								}
							}
						}
					]
				}
			}
		],
		"parameters": {
			"in_parnt_comp_exctn_id": {
				"type": "string"
			},
			"in_user_name": {
				"type": "string"
			},
			"in_param_json_txt": {
				"type": "string"
			},
			"parent_pipeline_name": {
				"type": "string"
			},
			"complete_json_text": {
				"type": "string"
			}
		},
		"variables": {
			"l_comp_exctn_id": {
				"type": "String"
			},
			"l_param_json_txt": {
				"type": "String"
			},
			"l_out_param_json_txt": {
				"type": "String"
			},
			"v_in_direct_prcss_ind": {
				"type": "String"
			},
			"v_in_indirect_prcss_ind": {
				"type": "String"
			},
			"array_in_direct_prcss_ind": {
				"type": "Array"
			},
			"array_in_indirect_prcss_ind": {
				"type": "Array"
			},
			"complete_json_var": {
				"type": "String"
			},
			"dummy_v_in_direct_prcss_ind": {
				"type": "String"
			},
			"dummpy_v_in_indirect_prcss_ind": {
				"type": "String"
			}
		},
		"folder": {
			"name": "Load"
		},
		"annotations": []
	}
}