{
	"name": "ld-PrepareConfigSelective",
	"properties": {
		"activities": [
			{
				"name": "SetParamJsonText",
				"type": "SetVariable",
				"dependsOn": [],
				"userProperties": [],
				"typeProperties": {
					"variableName": "l_param_json_txt",
					"value": {
						"value": "@string(pipeline().parameters.in_json_txt)",
						"type": "Expression"
					}
				}
			},
			{
				"name": "OpenComponentExecution",
				"type": "Lookup",
				"dependsOn": [
					{
						"activity": "SetParamJsonText",
						"dependencyConditions": [
							"Succeeded"
						]
					}
				],
				"policy": {
					"timeout": "7.00:00:00",
					"retry": 0,
					"retryIntervalInSeconds": 30,
					"secureOutput": false,
					"secureInput": false
				},
				"userProperties": [],
				"typeProperties": {
					"source": {
						"type": "AzureSqlSource",
						"sqlReaderStoredProcedureName": "[md].[pro_comp_exctn_open]",
						"storedProcedureParameters": {
							"in_adf_pipln_name": {
								"type": "String",
								"value": {
									"value": "@pipeline().Pipeline",
									"type": "Expression"
								}
							},
							"in_param_json_txt": {
								"type": "String",
								"value": {
									"value": "@variables('l_param_json_txt')",
									"type": "Expression"
								}
							},
							"in_parnt_comp_exctn_id": {
								"type": "Int32",
								"value": {
									"value": "@pipeline().parameters.in_parnt_comp_exctn_id",
									"type": "Expression"
								}
							},
							"in_scope_id": {
								"type": "Int32",
								"value": null
							},
							"in_user_name": {
								"type": "String",
								"value": {
									"value": "@pipeline().parameters.in_user_name",
									"type": "Expression"
								}
							},
							"out_comp_exctn_id": {
								"type": "Int32",
								"value": null
							},
							"out_param_json_txt": {
								"type": "String",
								"value": null
							},
							"in_adf_pipln_run_id": {
								"type": "String",
								"value": {
									"value": "@pipeline().RunId",
									"type": "Expression"
								}
							}
						},
						"queryTimeout": "02:00:00",
						"partitionOption": "None"
					},
					"dataset": {
						"referenceName": "DS_DbGeneric",
						"type": "DatasetReference",
						"parameters": {
							"in_schma_name": "..",
							"in_tbl_view": "..",
							"in_key_vault_name": {
								"value": "@pipeline().globalParameters.globl_key_vault_name",
								"type": "Expression"
							}
						}
					},
					"firstRowOnly": true
				}
			},
			{
				"name": "SetOutComponentExecutionId",
				"type": "SetVariable",
				"dependsOn": [
					{
						"activity": "OpenComponentExecution",
						"dependencyConditions": [
							"Succeeded"
						]
					}
				],
				"userProperties": [],
				"typeProperties": {
					"variableName": "l_comp_exctn_id",
					"value": {
						"value": "@string(activity('OpenComponentExecution').output.firstRow.out_comp_exctn_id)",
						"type": "Expression"
					}
				}
			},
			{
				"name": "SetOutParamJsonText",
				"type": "SetVariable",
				"dependsOn": [
					{
						"activity": "OpenComponentExecution",
						"dependencyConditions": [
							"Succeeded"
						]
					}
				],
				"userProperties": [],
				"typeProperties": {
					"variableName": "l_out_param_json_txt",
					"value": {
						"value": "@string(activity('OpenComponentExecution').output.firstRow.out_param_json_txt)",
						"type": "Expression"
					}
				}
			},
			{
				"name": "CloseComponentExecutionSuccess",
				"type": "SqlServerStoredProcedure",
				"dependsOn": [
					{
						"activity": "CopyMarketGroupJsontoCsv",
						"dependencyConditions": [
							"Succeeded"
						]
					}
				],
				"policy": {
					"timeout": "7.00:00:00",
					"retry": 0,
					"retryIntervalInSeconds": 30,
					"secureOutput": false,
					"secureInput": false
				},
				"userProperties": [],
				"typeProperties": {
					"storedProcedureName": "[md].[pro_comp_exctn_close]",
					"storedProcedureParameters": {
						"in_comp_exctn_id": {
							"value": {
								"value": "@int(variables('l_comp_exctn_id'))",
								"type": "Expression"
							},
							"type": "Int32"
						},
						"in_sttus_code": {
							"value": "C",
							"type": "String"
						},
						"in_err_msg_txt": {
							"value": null,
							"type": "String"
						}
					}
				},
				"linkedServiceName": {
					"referenceName": "LS_SQLDatabase",
					"type": "LinkedServiceReference",
					"parameters": {
						"in_key_vault_name": {
							"value": "@pipeline().globalParameters.globl_key_vault_name",
							"type": "Expression"
						}
					}
				}
			},
			{
				"name": "CloseComponentExecutionFailed",
				"type": "SqlServerStoredProcedure",
				"dependsOn": [
					{
						"activity": "CopyMarketGroupJsontoCsv",
						"dependencyConditions": [
							"Skipped",
							"Failed"
						]
					}
				],
				"policy": {
					"timeout": "7.00:00:00",
					"retry": 0,
					"retryIntervalInSeconds": 30,
					"secureOutput": false,
					"secureInput": false
				},
				"userProperties": [],
				"typeProperties": {
					"storedProcedureName": "[md].[pro_comp_exctn_close]",
					"storedProcedureParameters": {
						"in_comp_exctn_id": {
							"value": {
								"value": "@int(variables('l_comp_exctn_id'))",
								"type": "Expression"
							},
							"type": "Int32"
						},
						"in_sttus_code": {
							"value": "F",
							"type": "String"
						},
						"in_err_msg_txt": {
							"value": {
								"value": "@concat(pipeline().Pipeline, ' failed.')",
								"type": "Expression"
							},
							"type": "String"
						}
					}
				},
				"linkedServiceName": {
					"referenceName": "LS_SQLDatabase",
					"type": "LinkedServiceReference",
					"parameters": {
						"in_key_vault_name": {
							"value": "@pipeline().globalParameters.globl_key_vault_name",
							"type": "Expression"
						}
					}
				}
			},
			{
				"name": "RaiseError",
				"type": "Lookup",
				"dependsOn": [
					{
						"activity": "CloseComponentExecutionFailed",
						"dependencyConditions": [
							"Succeeded"
						]
					}
				],
				"policy": {
					"timeout": "7.00:00:00",
					"retry": 0,
					"retryIntervalInSeconds": 30,
					"secureOutput": false,
					"secureInput": false
				},
				"userProperties": [],
				"typeProperties": {
					"source": {
						"type": "AzureSqlSource",
						"sqlReaderQuery": {
							"value": "@concat('THROW 99999, ''Error with ',pipeline().Pipeline,' Pipeline'', 1')",
							"type": "Expression"
						},
						"queryTimeout": "02:00:00",
						"partitionOption": "None"
					},
					"dataset": {
						"referenceName": "DS_DbGeneric",
						"type": "DatasetReference",
						"parameters": {
							"in_schma_name": "..",
							"in_tbl_view": "..",
							"in_key_vault_name": {
								"value": "@pipeline().globalParameters.globl_key_vault_name",
								"type": "Expression"
							}
						}
					}
				}
			},
			{
				"name": "SetParamJsonArray",
				"type": "SetVariable",
				"dependsOn": [
					{
						"activity": "OpenComponentExecution",
						"dependencyConditions": [
							"Succeeded"
						]
					}
				],
				"userProperties": [],
				"typeProperties": {
					"variableName": "l_param_json_array",
					"value": {
						"value": "@json(string(pipeline().parameters.in_json_txt))",
						"type": "Expression"
					}
				}
			},
			{
				"name": "LookupMktGrpVw",
				"type": "Lookup",
				"dependsOn": [
					{
						"activity": "SetMktGrpFilterString",
						"dependencyConditions": [
							"Succeeded"
						]
					}
				],
				"policy": {
					"timeout": "7.00:00:00",
					"retry": 0,
					"retryIntervalInSeconds": 30,
					"secureOutput": false,
					"secureInput": false
				},
				"userProperties": [],
				"typeProperties": {
					"source": {
						"type": "AzureSqlSource",
						"sqlReaderQuery": {
							"value": "SELECT\n\t[mkt_grp_id],\n\t[mkt_grp_name],\n\t[regn_id],\n\t[regn_name],\n\t[activ_ind],\n\t'N' as [cust_prcss_ind],\n\t'N' as [prod_prcss_ind],\n\t'N' as [shpmt_prcss_ind]\nFROM [md].[mkt_grp_lkp_vw]\nWHERE [mkt_grp_name] NOT IN @{variables('l_mkt_grp_filter')}",
							"type": "Expression"
						},
						"queryTimeout": "02:00:00",
						"partitionOption": "None"
					},
					"dataset": {
						"referenceName": "DS_DbGeneric",
						"type": "DatasetReference",
						"parameters": {
							"in_schma_name": "md",
							"in_tbl_view": "mkt_grp_lkp_vw",
							"in_key_vault_name": {
								"value": "@pipeline().globalParameters.globl_key_vault_name",
								"type": "Expression"
							}
						}
					},
					"firstRowOnly": false
				}
			},
			{
				"name": "SetMktGrpSelectiveConfig",
				"type": "SetVariable",
				"dependsOn": [
					{
						"activity": "LookupMktGrpVw",
						"dependencyConditions": [
							"Succeeded"
						]
					}
				],
				"userProperties": [],
				"typeProperties": {
					"variableName": "l_mkt_grp_array",
					"value": {
						"value": "@union(array(activity('LookupMktGrpVw').output.value),variables('l_mkt_grp_array_from_input'))",
						"type": "Expression"
					}
				}
			},
			{
				"name": "ProcessParamJsonArrayItem",
				"type": "ForEach",
				"dependsOn": [
					{
						"activity": "SetParamJsonArray",
						"dependencyConditions": [
							"Succeeded"
						]
					},
					{
						"activity": "SetOutParamJsonText",
						"dependencyConditions": [
							"Succeeded"
						]
					},
					{
						"activity": "SetOutComponentExecutionId",
						"dependencyConditions": [
							"Succeeded"
						]
					}
				],
				"userProperties": [],
				"typeProperties": {
					"items": {
						"value": "@variables('l_param_json_array')",
						"type": "Expression"
					},
					"activities": [
						{
							"name": "AppendMktGrpName",
							"type": "AppendVariable",
							"dependsOn": [
								{
									"activity": "LookupInputInMktGrpVw",
									"dependencyConditions": [
										"Succeeded"
									]
								}
							],
							"userProperties": [],
							"typeProperties": {
								"variableName": "l_select_mkt_grp_array",
								"value": {
									"value": "@item()['in_mkt_grp_name']",
									"type": "Expression"
								}
							}
						},
						{
							"name": "LookupInputInMktGrpVw",
							"type": "Lookup",
							"dependsOn": [],
							"policy": {
								"timeout": "7.00:00:00",
								"retry": 0,
								"retryIntervalInSeconds": 30,
								"secureOutput": false,
								"secureInput": false
							},
							"userProperties": [],
							"typeProperties": {
								"source": {
									"type": "AzureSqlSource",
									"sqlReaderQuery": {
										"value": "SELECT\n\t[mkt_grp_id],\n\t[mkt_grp_name],\n\t[regn_id],\n\t[regn_name],\n\t[activ_ind],\n\t'@{item()['in_cust_prcss_ind']}' as [cust_prcss_ind],\n\t'@{item()['in_prod_prcss_ind']}' as [prod_prcss_ind],\n\t'@{item()['in_shpmt_prcss_ind']}' as [shpmt_prcss_ind]\nFROM [md].[mkt_grp_lkp_vw]\nWHERE [mkt_grp_name] = '@{item()['in_mkt_grp_name']}'",
										"type": "Expression"
									},
									"queryTimeout": "02:00:00",
									"partitionOption": "None"
								},
								"dataset": {
									"referenceName": "DS_DbGeneric",
									"type": "DatasetReference",
									"parameters": {
										"in_schma_name": "md",
										"in_tbl_view": "mkt_grp_lkp_vw",
										"in_key_vault_name": {
											"value": "@pipeline().globalParameters.globl_key_vault_name",
											"type": "Expression"
										}
									}
								},
								"firstRowOnly": true
							}
						},
						{
							"name": "AppendMktGrpNameFromInput",
							"type": "AppendVariable",
							"dependsOn": [
								{
									"activity": "LookupInputInMktGrpVw",
									"dependencyConditions": [
										"Succeeded"
									]
								}
							],
							"userProperties": [],
							"typeProperties": {
								"variableName": "l_mkt_grp_array_from_input",
								"value": {
									"value": "@activity('LookupInputInMktGrpVw').output.firstRow",
									"type": "Expression"
								}
							}
						}
					]
				}
			},
			{
				"name": "SetMktGrpFilterString",
				"type": "SetVariable",
				"dependsOn": [
					{
						"activity": "ProcessParamJsonArrayItem",
						"dependencyConditions": [
							"Succeeded"
						]
					}
				],
				"userProperties": [],
				"typeProperties": {
					"variableName": "l_mkt_grp_filter",
					"value": {
						"value": "@replace(replace(replace(string(variables('l_select_mkt_grp_array')), '\"', ''''), ']', ')'), '[', '(')",
						"type": "Expression"
					}
				}
			},
			{
				"name": "GetSecretValueInboundStorageAccountName",
				"type": "WebActivity",
				"dependsOn": [
					{
						"activity": "SetMktGrpSelectiveConfig",
						"dependencyConditions": [
							"Succeeded"
						]
					}
				],
				"policy": {
					"timeout": "7.00:00:00",
					"retry": 0,
					"retryIntervalInSeconds": 30,
					"secureOutput": false,
					"secureInput": false
				},
				"userProperties": [],
				"typeProperties": {
					"url": {
						"value": "@concat(\n'https://'\n,pipeline().globalParameters.globl_key_vault_name\n,'.vault.azure.net/secrets/'\n,'cngc-inbound-storage-account-name'\n,'?'\n,pipeline().globalParameters.globl_key_vault_url_api_vers\n)",
						"type": "Expression"
					},
					"method": "GET",
					"authentication": {
						"type": "MSI",
						"resource": "https://vault.azure.net"
					}
				}
			},
			{
				"name": "PutJsonToBlobStorage",
				"type": "WebActivity",
				"dependsOn": [
					{
						"activity": "GetSecretValueInboundStorageAccountName",
						"dependencyConditions": [
							"Succeeded"
						]
					}
				],
				"policy": {
					"timeout": "7.00:00:00",
					"retry": 0,
					"retryIntervalInSeconds": 30,
					"secureOutput": false,
					"secureInput": false
				},
				"userProperties": [],
				"typeProperties": {
					"url": {
						"value": "https://@{activity('GetSecretValueInboundStorageAccountName').output.value}.blob.core.windows.net/internal/cnfg_files/mkt_grp_prcsg_cnfg.json?resource=file",
						"type": "Expression"
					},
					"method": "PUT",
					"headers": {
						"x-ms-version": "2019-07-07",
						"x-ms-blob-type": "BlockBlob",
						"Content-Type": "application/json"
					},
					"body": {
						"value": "@replace(string(variables('l_mkt_grp_array')), 'in_', '')",
						"type": "Expression"
					},
					"authentication": {
						"type": "MSI",
						"resource": "https://storage.azure.com"
					}
				}
			},
			{
				"name": "CopyMarketGroupJsontoCsv",
				"type": "Copy",
				"dependsOn": [
					{
						"activity": "PutJsonToBlobStorage",
						"dependencyConditions": [
							"Succeeded"
						]
					}
				],
				"policy": {
					"timeout": "7.00:00:00",
					"retry": 0,
					"retryIntervalInSeconds": 30,
					"secureOutput": false,
					"secureInput": false
				},
				"userProperties": [],
				"typeProperties": {
					"source": {
						"type": "JsonSource",
						"storeSettings": {
							"type": "AzureBlobFSReadSettings",
							"recursive": true,
							"enablePartitionDiscovery": false
						},
						"formatSettings": {
							"type": "JsonReadSettings"
						}
					},
					"sink": {
						"type": "DelimitedTextSink",
						"storeSettings": {
							"type": "AzureBlobFSWriteSettings"
						},
						"formatSettings": {
							"type": "DelimitedTextWriteSettings",
							"quoteAllText": true,
							"fileExtension": ".txt"
						}
					},
					"enableStaging": false,
					"translator": {
						"type": "TabularTranslator",
						"mappings": [
							{
								"source": {
									"path": "$['mkt_grp_id']"
								},
								"sink": {
									"name": "mkt_grp_id"
								}
							},
							{
								"source": {
									"path": "$['mkt_grp_name']"
								},
								"sink": {
									"name": "mkt_grp_name"
								}
							},
							{
								"source": {
									"path": "$['regn_id']"
								},
								"sink": {
									"name": "regn_id"
								}
							},
							{
								"source": {
									"path": "$['regn_name']"
								},
								"sink": {
									"name": "regn_name"
								}
							},
							{
								"source": {
									"path": "$['activ_ind']"
								},
								"sink": {
									"name": "activ_ind"
								}
							},
							{
								"source": {
									"path": "$['cust_prcss_ind']"
								},
								"sink": {
									"name": "cust_prcss_ind"
								}
							},
							{
								"source": {
									"path": "$['prod_prcss_ind']"
								},
								"sink": {
									"name": "prod_prcss_ind"
								}
							},
							{
								"source": {
									"path": "$['shpmt_prcss_ind']"
								},
								"sink": {
									"name": "shpmt_prcss_ind"
								}
							}
						],
						"collectionReference": "",
						"mapComplexValuesToString": true
					}
				},
				"inputs": [
					{
						"referenceName": "DS_GeneralJson",
						"type": "DatasetReference",
						"parameters": {
							"in_cntnr_name_txt": "internal",
							"in_path_txt": "cnfg_files",
							"in_file_name_txt": "mkt_grp_prcsg_cnfg",
							"in_storg_acct_name": {
								"value": "@activity('GetSecretValueInboundStorageAccountName').output.value",
								"type": "Expression"
							}
						}
					}
				],
				"outputs": [
					{
						"referenceName": "DS_GenericInternalCsv",
						"type": "DatasetReference",
						"parameters": {
							"in_cntnr_name_txt": "internal",
							"in_path_txt": "cnfg_files",
							"in_file_name_txt": "mkt_grp_prcsg_cnfg",
							"in_storg_acct_name": {
								"value": "@activity('GetSecretValueInboundStorageAccountName').output.value",
								"type": "Expression"
							}
						}
					}
				]
			}
		],
		"parameters": {
			"in_parnt_comp_exctn_id": {
				"type": "string"
			},
			"in_user_name": {
				"type": "string"
			},
			"in_json_txt": {
				"type": "string"
			}
		},
		"variables": {
			"l_comp_exctn_id": {
				"type": "String"
			},
			"l_param_json_txt": {
				"type": "String"
			},
			"l_out_param_json_txt": {
				"type": "String"
			},
			"l_param_json_array": {
				"type": "Array"
			},
			"l_mkt_grp_array": {
				"type": "Array"
			},
			"l_select_mkt_grp_array": {
				"type": "Array"
			},
			"l_mkt_grp_filter": {
				"type": "String"
			},
			"l_mkt_grp_array_from_input": {
				"type": "Array"
			}
		},
		"folder": {
			"name": "Load"
		},
		"annotations": []
	}
}