{
	"name": "ld-RefreshTDCLoad",
	"properties": {
		"activities": [
			{
				"name": "set-kv-name",
				"type": "SetVariable",
				"dependsOn": [
					{
						"activity": "SetOutComponentExecutionId",
						"dependencyConditions": [
							"Succeeded"
						]
					},
					{
						"activity": "SetOutParamJsonText",
						"dependencyConditions": [
							"Succeeded"
						]
					}
				],
				"userProperties": [],
				"typeProperties": {
					"variableName": "kv_name",
					"value": {
						"value": "@pipeline().globalParameters.globl_key_vault_name",
						"type": "Expression"
					}
				}
			},
			{
				"name": "GetSecretValueAdbClusterId",
				"type": "WebActivity",
				"dependsOn": [
					{
						"activity": "set-kv-name",
						"dependencyConditions": [
							"Succeeded"
						]
					}
				],
				"policy": {
					"timeout": "7.00:00:00",
					"retry": 0,
					"retryIntervalInSeconds": 30,
					"secureOutput": false,
					"secureInput": false
				},
				"userProperties": [],
				"typeProperties": {
					"url": {
						"value": "@concat(\n'https://'\n,pipeline().globalParameters.globl_key_vault_name\n,'.vault.azure.net/secrets/'\n,'adb-cluster-id'\n,'?'\n,pipeline().globalParameters.globl_key_vault_url_api_vers\n)",
						"type": "Expression"
					},
					"method": "GET",
					"authentication": {
						"type": "MSI",
						"resource": "https://vault.azure.net"
					}
				}
			},
			{
				"name": "GetSecretValueAdbWorkspaceUrl",
				"type": "WebActivity",
				"dependsOn": [
					{
						"activity": "set-kv-name",
						"dependencyConditions": [
							"Succeeded"
						]
					}
				],
				"policy": {
					"timeout": "7.00:00:00",
					"retry": 0,
					"retryIntervalInSeconds": 30,
					"secureOutput": false,
					"secureInput": false
				},
				"userProperties": [],
				"typeProperties": {
					"url": {
						"value": "@concat(\n'https://'\n,pipeline().globalParameters.globl_key_vault_name\n,'.vault.azure.net/secrets/'\n,'adb-workspace-url'\n,'?'\n,pipeline().globalParameters.globl_key_vault_url_api_vers\n)",
						"type": "Expression"
					},
					"method": "GET",
					"authentication": {
						"type": "MSI",
						"resource": "https://vault.azure.net"
					}
				}
			},
			{
				"name": "Execute-chk-mkt",
				"type": "DatabricksNotebook",
				"dependsOn": [
					{
						"activity": "Lock_Acquire",
						"dependencyConditions": [
							"Succeeded"
						]
					}
				],
				"policy": {
					"timeout": "7.00:00:00",
					"retry": 0,
					"retryIntervalInSeconds": 30,
					"secureOutput": false,
					"secureInput": false
				},
				"userProperties": [],
				"typeProperties": {
					"notebookPath": {
						"value": "@concat(pipeline().parameters.path,'00_adf_utility/chk_mkt_grp')",
						"type": "Expression"
					},
					"baseParameters": {
						"l_param_json_txt": {
							"value": "@variables('l_param_json_txt')",
							"type": "Expression"
						}
					}
				},
				"linkedServiceName": {
					"referenceName": "LS_DatabricksWorkspace",
					"type": "LinkedServiceReference",
					"parameters": {
						"in_key_vault_name": {
							"value": "@variables('kv_name')",
							"type": "Expression"
						},
						"in_adb_clstr_id": {
							"value": "@activity('GetSecretValueAdbClusterId').output.value",
							"type": "Expression"
						},
						"in_adb_wkspc_url": {
							"value": "@activity('GetSecretValueAdbWorkspaceUrl').output.value",
							"type": "Expression"
						}
					}
				}
			},
			{
				"name": "prc_market_flag",
				"type": "SetVariable",
				"dependsOn": [
					{
						"activity": "Execute-chk-mkt",
						"dependencyConditions": [
							"Succeeded"
						]
					}
				],
				"userProperties": [],
				"typeProperties": {
					"variableName": "prc_mkt",
					"value": {
						"value": "@activity('Execute-chk-mkt').output.runOutput",
						"type": "Expression"
					}
				}
			},
			{
				"name": "Check if Europe Files are Changed",
				"type": "IfCondition",
				"dependsOn": [
					{
						"activity": "prc_market_flag",
						"dependencyConditions": [
							"Succeeded"
						]
					}
				],
				"userProperties": [],
				"typeProperties": {
					"expression": {
						"value": "@equals(variables('prc_mkt'), 'T')",
						"type": "Expression"
					},
					"ifTrueActivities": [
						{
							"name": "fetch_tdc_tbl",
							"type": "Lookup",
							"dependsOn": [],
							"policy": {
								"timeout": "7.00:00:00",
								"retry": 0,
								"retryIntervalInSeconds": 30,
								"secureOutput": false,
								"secureInput": false
							},
							"userProperties": [],
							"typeProperties": {
								"source": {
									"type": "AzureSqlSource",
									"sqlReaderQuery": {
										"value": "SELECT file_dfntn_vers_id as file_def, load_stage_tbl_name as stg, load_cube_tbl_name as cube\nfrom [md].[file_dfntn_vers_prc_vw]\nWHERE mkt_grp_name = 'Europe - ALL' \nORDER BY file_dfntn_vers_id DESC",
										"type": "Expression"
									},
									"queryTimeout": "02:00:00",
									"partitionOption": "None"
								},
								"dataset": {
									"referenceName": "DS_DbGeneric",
									"type": "DatasetReference",
									"parameters": {
										"in_schma_name": "..",
										"in_tbl_view": "..",
										"in_key_vault_name": {
											"value": "@pipeline().globalParameters.globl_key_vault_name",
											"type": "Expression"
										}
									}
								}
							}
						},
						{
							"name": "load_tbl_name",
							"type": "SetVariable",
							"dependsOn": [
								{
									"activity": "fetch_tdc_tbl",
									"dependencyConditions": [
										"Succeeded"
									]
								}
							],
							"userProperties": [],
							"typeProperties": {
								"variableName": "ld_tbl_name",
								"value": {
									"value": "@activity('fetch_tdc_tbl').output.firstrow.stg",
									"type": "Expression"
								}
							}
						},
						{
							"name": "Compile the FPC Type Source Tables",
							"type": "DatabricksNotebook",
							"dependsOn": [
								{
									"activity": "Dump EU TDC Config From DB",
									"dependencyConditions": [
										"Succeeded"
									]
								}
							],
							"policy": {
								"timeout": "7.00:00:00",
								"retry": 0,
								"retryIntervalInSeconds": 30,
								"secureOutput": false,
								"secureInput": false
							},
							"userProperties": [],
							"typeProperties": {
								"notebookPath": {
									"value": "@concat(pipeline().parameters.path,'08_LoadCube/860_merge_load_cube_stg_tbl')",
									"type": "Expression"
								},
								"baseParameters": {
									"load_cube": {
										"value": "@activity('fetch_tdc_tbl').output.firstrow.cube",
										"type": "Expression"
									},
									"load_stage": {
										"value": "@activity('fetch_tdc_tbl').output.firstrow.stg",
										"type": "Expression"
									}
								}
							},
							"linkedServiceName": {
								"referenceName": "LS_DatabricksWorkspace",
								"type": "LinkedServiceReference",
								"parameters": {
									"in_key_vault_name": {
										"value": "@variables('kv_name')",
										"type": "Expression"
									},
									"in_adb_clstr_id": {
										"value": "@activity('GetSecretValueAdbClusterId').output.value",
										"type": "Expression"
									},
									"in_adb_wkspc_url": {
										"value": "@activity('GetSecretValueAdbWorkspaceUrl').output.value",
										"type": "Expression"
									}
								}
							}
						},
						{
							"name": "Truncate DB Stage Table",
							"type": "Lookup",
							"dependsOn": [
								{
									"activity": "Compile the FPC Type Source Tables",
									"dependencyConditions": [
										"Succeeded"
									]
								}
							],
							"policy": {
								"timeout": "7.00:00:00",
								"retry": 0,
								"retryIntervalInSeconds": 30,
								"secureOutput": false,
								"secureInput": false
							},
							"userProperties": [],
							"typeProperties": {
								"source": {
									"type": "AzureSqlSource",
									"sqlReaderQuery": {
										"value": "@concat('TRUNCATE TABLE stage.', variables('ld_tbl_name'),'; SELECT 1')\n\n",
										"type": "Expression"
									},
									"queryTimeout": "02:00:00",
									"partitionOption": "None"
								},
								"dataset": {
									"referenceName": "DS_DbGeneric",
									"type": "DatasetReference",
									"parameters": {
										"in_schma_name": "..",
										"in_tbl_view": "..",
										"in_key_vault_name": "@pipeline().globalParameters.globl_key_vault_name"
									}
								},
								"firstRowOnly": false
							}
						},
						{
							"name": "Copy TBL to DB",
							"type": "Copy",
							"dependsOn": [
								{
									"activity": "Truncate DB Stage Table",
									"dependencyConditions": [
										"Succeeded"
									]
								}
							],
							"policy": {
								"timeout": "7.00:00:00",
								"retry": 0,
								"retryIntervalInSeconds": 30,
								"secureOutput": false,
								"secureInput": false
							},
							"userProperties": [],
							"typeProperties": {
								"source": {
									"type": "ParquetSource",
									"storeSettings": {
										"type": "AzureBlobFSReadSettings",
										"recursive": true,
										"wildcardFolderPath": {
											"value": "@concat('load_stage_tbl/mkt_grp/',variables('ld_tbl_name'))",
											"type": "Expression"
										},
										"wildcardFileName": {
											"value": "*.parquet",
											"type": "Expression"
										},
										"enablePartitionDiscovery": true
									}
								},
								"sink": {
									"type": "AzureSqlSink",
									"writeBehavior": "insert",
									"sqlWriterUseTableLock": false
								},
								"enableStaging": false,
								"translator": {
									"type": "TabularTranslator",
									"typeConversion": true,
									"typeConversionSettings": {
										"allowDataTruncation": true,
										"treatBooleanAsNumber": false
									}
								}
							},
							"inputs": [
								{
									"referenceName": "DS_GeneralInternalParquet",
									"type": "DatasetReference",
									"parameters": {
										"in_cntnr_name_txt": "internal",
										"in_path_txt": "load_stage_tbl/mkt_grp",
										"in_file_name_txt": {
											"value": "@variables('ld_tbl_name')",
											"type": "Expression"
										},
										"in_storg_acct_name": "@activity('GetSecretValueInboundStorageAccountName').output.value"
									}
								}
							],
							"outputs": [
								{
									"referenceName": "DS_DbSchemaStage",
									"type": "DatasetReference",
									"parameters": {
										"in_tbl_view": {
											"value": "@variables('ld_tbl_name')",
											"type": "Expression"
										},
										"in_key_vault_name": {
											"value": "@variables('kv_name')",
											"type": "Expression"
										}
									}
								}
							]
						},
						{
							"name": "Refresh TDC tbl",
							"type": "SqlServerStoredProcedure",
							"dependsOn": [
								{
									"activity": "Copy TBL to DB",
									"dependencyConditions": [
										"Succeeded"
									]
								}
							],
							"policy": {
								"timeout": "7.00:00:00",
								"retry": 0,
								"retryIntervalInSeconds": 30,
								"secureOutput": false,
								"secureInput": false
							},
							"userProperties": [],
							"typeProperties": {
								"storedProcedureName": "[main].[pro_load_file_dfntn_vers_rfrsh]",
								"storedProcedureParameters": {
									"in_parnt_comp_exctn_id": {
										"value": {
											"value": "@pipeline().parameters.in_parnt_comp_exctn_id",
											"type": "Expression"
										},
										"type": "Int32"
									},
									"in_user_name": {
										"value": {
											"value": "@pipeline().parameters.in_user_name",
											"type": "Expression"
										},
										"type": "String"
									},
									"in_file_dfntn_vers_id": {
										"value": {
											"value": "@variables('in_file_dfntn_vers_id')",
											"type": "Expression"
										},
										"type": "String"
									}
								}
							},
							"linkedServiceName": {
								"referenceName": "LS_SQLDatabase",
								"type": "LinkedServiceReference",
								"parameters": {
									"in_key_vault_name": {
										"value": "@pipeline().globalParameters.globl_key_vault_name",
										"type": "Expression"
									}
								}
							}
						},
						{
							"name": "file_def_id",
							"type": "SetVariable",
							"dependsOn": [
								{
									"activity": "fetch_tdc_tbl",
									"dependencyConditions": [
										"Succeeded"
									]
								}
							],
							"userProperties": [],
							"typeProperties": {
								"variableName": "in_file_dfntn_vers_id",
								"value": {
									"value": "@concat(activity('fetch_tdc_tbl').output.firstrow.file_def, '')",
									"type": "Expression"
								}
							}
						},
						{
							"name": "GetSecretValueInboundStorageAccountName_copy1",
							"type": "WebActivity",
							"dependsOn": [
								{
									"activity": "file_def_id",
									"dependencyConditions": [
										"Succeeded"
									]
								},
								{
									"activity": "load_tbl_name",
									"dependencyConditions": [
										"Succeeded"
									]
								}
							],
							"policy": {
								"timeout": "7.00:00:00",
								"retry": 0,
								"retryIntervalInSeconds": 30,
								"secureOutput": false,
								"secureInput": false
							},
							"userProperties": [],
							"typeProperties": {
								"url": {
									"value": "@concat(\n'https://'\n,pipeline().globalParameters.globl_key_vault_name\n,'.vault.azure.net/secrets/'\n,'cngc-inbound-storage-account-name'\n,'?'\n,pipeline().globalParameters.globl_key_vault_url_api_vers\n)",
									"type": "Expression"
								},
								"method": "GET",
								"authentication": {
									"type": "MSI",
									"resource": "https://vault.azure.net"
								}
							}
						},
						{
							"name": "Dump EU TDC Config From DB",
							"type": "Copy",
							"dependsOn": [
								{
									"activity": "GetSecretValueInboundStorageAccountName_copy1",
									"dependencyConditions": [
										"Succeeded"
									]
								}
							],
							"policy": {
								"timeout": "7.00:00:00",
								"retry": 0,
								"retryIntervalInSeconds": 30,
								"secureOutput": false,
								"secureInput": false
							},
							"userProperties": [],
							"typeProperties": {
								"source": {
									"type": "AzureSqlSource",
									"sqlReaderQuery": {
										"value": "SELECT load_cube_tbl_name,\n\tload_stage_tbl_name\nFROM (\n\tSELECT mkt_grp_name,\n\t\tfile_name,\n\t\tload_cube_tbl_name,\n\t\tload_stage_tbl_name,\n\t\tmax(file_dfntn_vers_id) file_dfntn_vers_id\n\tFROM [md].[file_dfntn_vers_prc_vw]\n\tWHERE mkt_grp_name LIKE 'Europe%'\n\t\tAND mkt_grp_name <> 'Europe - ALL'\n\t\tAND file_name = 'TDC/SU'\n\t\tAND curr_ind = 'Y'\n\tGROUP BY mkt_grp_name,\n\t\tfile_name,\n\t\tload_cube_tbl_name,\n\t\tload_stage_tbl_name\n\t) fct;",
										"type": "Expression"
									},
									"queryTimeout": "02:00:00",
									"partitionOption": "None"
								},
								"sink": {
									"type": "ParquetSink",
									"storeSettings": {
										"type": "AzureBlobFSWriteSettings"
									},
									"formatSettings": {
										"type": "ParquetWriteSettings"
									}
								},
								"enableStaging": false,
								"translator": {
									"type": "TabularTranslator",
									"typeConversion": true,
									"typeConversionSettings": {
										"allowDataTruncation": true,
										"treatBooleanAsNumber": false
									}
								}
							},
							"inputs": [
								{
									"referenceName": "DS_DbGeneric",
									"type": "DatasetReference",
									"parameters": {
										"in_schma_name": "..",
										"in_tbl_view": "..",
										"in_key_vault_name": {
											"value": "@pipeline().globalParameters.globl_key_vault_name",
											"type": "Expression"
										}
									}
								}
							],
							"outputs": [
								{
									"referenceName": "DS_GeneralInternalParquet",
									"type": "DatasetReference",
									"parameters": {
										"in_cntnr_name_txt": "internal",
										"in_path_txt": "uploader_stg_meta",
										"in_file_name_txt": "stg_meta",
										"in_storg_acct_name": {
											"value": "@activity('GetSecretValueInboundStorageAccountName').output.value",
											"type": "Expression"
										}
									}
								}
							]
						}
					]
				}
			},
			{
				"name": "GetSecretValueInboundStorageAccountName",
				"type": "WebActivity",
				"dependsOn": [
					{
						"activity": "set-kv-name",
						"dependencyConditions": [
							"Succeeded"
						]
					}
				],
				"policy": {
					"timeout": "0.00:02:00",
					"retry": 0,
					"retryIntervalInSeconds": 30,
					"secureOutput": true,
					"secureInput": false
				},
				"userProperties": [],
				"typeProperties": {
					"url": {
						"value": "@concat(\n'https://'\n,pipeline().globalParameters.globl_key_vault_name\n,'.vault.azure.net/secrets/'\n,'cngc-inbound-storage-account-name'\n,'?'\n,pipeline().globalParameters.globl_key_vault_url_api_vers\n)",
						"type": "Expression"
					},
					"method": "GET",
					"authentication": {
						"type": "MSI",
						"resource": "https://vault.azure.net"
					}
				}
			},
			{
				"name": "OpenComponentExecution",
				"type": "Lookup",
				"dependsOn": [],
				"policy": {
					"timeout": "7.00:00:00",
					"retry": 0,
					"retryIntervalInSeconds": 30,
					"secureOutput": false,
					"secureInput": false
				},
				"userProperties": [],
				"typeProperties": {
					"source": {
						"type": "AzureSqlSource",
						"sqlReaderStoredProcedureName": "[md].[pro_comp_exctn_open]",
						"storedProcedureParameters": {
							"in_adf_pipln_name": {
								"type": "String",
								"value": {
									"value": "@pipeline().Pipeline",
									"type": "Expression"
								}
							},
							"in_param_json_txt": {
								"type": "String",
								"value": {
									"value": "@pipeline().parameters.l_param_json_txt",
									"type": "Expression"
								}
							},
							"in_parnt_comp_exctn_id": {
								"type": "Int32",
								"value": {
									"value": "@pipeline().parameters.in_parnt_comp_exctn_id",
									"type": "Expression"
								}
							},
							"in_scope_id": {
								"type": "Int32",
								"value": null
							},
							"in_user_name": {
								"type": "String",
								"value": {
									"value": "@pipeline().parameters.in_user_name",
									"type": "Expression"
								}
							},
							"out_comp_exctn_id": {
								"type": "Int32",
								"value": null
							},
							"out_param_json_txt": {
								"type": "String",
								"value": null
							},
							"in_adf_pipln_run_id": {
								"type": "String",
								"value": {
									"value": "@pipeline().RunId",
									"type": "Expression"
								}
							}
						},
						"queryTimeout": "02:00:00",
						"partitionOption": "None"
					},
					"dataset": {
						"referenceName": "DS_DbGeneric",
						"type": "DatasetReference",
						"parameters": {
							"in_schma_name": "..",
							"in_tbl_view": "..",
							"in_key_vault_name": {
								"value": "@pipeline().globalParameters.globl_key_vault_name",
								"type": "Expression"
							}
						}
					},
					"firstRowOnly": true
				}
			},
			{
				"name": "SetOutComponentExecutionId",
				"type": "SetVariable",
				"dependsOn": [
					{
						"activity": "OpenComponentExecution",
						"dependencyConditions": [
							"Succeeded"
						]
					}
				],
				"userProperties": [],
				"typeProperties": {
					"variableName": "l_comp_exctn_id",
					"value": {
						"value": "@string(activity('OpenComponentExecution').output.firstRow.out_comp_exctn_id)",
						"type": "Expression"
					}
				}
			},
			{
				"name": "SetOutParamJsonText",
				"type": "SetVariable",
				"dependsOn": [
					{
						"activity": "OpenComponentExecution",
						"dependencyConditions": [
							"Succeeded"
						]
					}
				],
				"userProperties": [],
				"typeProperties": {
					"variableName": "l_out_param_json_txt",
					"value": {
						"value": "@string(activity('OpenComponentExecution').output.firstRow.out_param_json_txt)",
						"type": "Expression"
					}
				}
			},
			{
				"name": "CloseComponentExecutionSuccess",
				"type": "SqlServerStoredProcedure",
				"dependsOn": [
					{
						"activity": "Check if Europe Files are Changed",
						"dependencyConditions": [
							"Succeeded"
						]
					}
				],
				"policy": {
					"timeout": "7.00:00:00",
					"retry": 0,
					"retryIntervalInSeconds": 30,
					"secureOutput": false,
					"secureInput": false
				},
				"userProperties": [],
				"typeProperties": {
					"storedProcedureName": "[md].[pro_comp_exctn_close]",
					"storedProcedureParameters": {
						"in_comp_exctn_id": {
							"value": {
								"value": "@int(variables('l_comp_exctn_id'))",
								"type": "Expression"
							},
							"type": "Int32"
						},
						"in_sttus_code": {
							"value": "C",
							"type": "String"
						},
						"in_err_msg_txt": {
							"value": null,
							"type": "String"
						}
					}
				},
				"linkedServiceName": {
					"referenceName": "LS_SQLDatabase",
					"type": "LinkedServiceReference",
					"parameters": {
						"in_key_vault_name": {
							"value": "@pipeline().globalParameters.globl_key_vault_name",
							"type": "Expression"
						}
					}
				}
			},
			{
				"name": "CloseComponentExecutionFailed",
				"type": "SqlServerStoredProcedure",
				"dependsOn": [
					{
						"activity": "CloseComponentExecutionSuccess",
						"dependencyConditions": [
							"Failed",
							"Skipped"
						]
					}
				],
				"policy": {
					"timeout": "7.00:00:00",
					"retry": 0,
					"retryIntervalInSeconds": 30,
					"secureOutput": false,
					"secureInput": false
				},
				"userProperties": [],
				"typeProperties": {
					"storedProcedureName": "[md].[pro_comp_exctn_close]",
					"storedProcedureParameters": {
						"in_comp_exctn_id": {
							"value": {
								"value": "@int(variables('l_comp_exctn_id'))",
								"type": "Expression"
							},
							"type": "Int32"
						},
						"in_sttus_code": {
							"value": "F",
							"type": "String"
						},
						"in_err_msg_txt": {
							"value": {
								"value": "@concat(pipeline().Pipeline, ' failed.')",
								"type": "Expression"
							},
							"type": "String"
						}
					}
				},
				"linkedServiceName": {
					"referenceName": "LS_SQLDatabase",
					"type": "LinkedServiceReference",
					"parameters": {
						"in_key_vault_name": {
							"value": "@pipeline().globalParameters.globl_key_vault_name",
							"type": "Expression"
						}
					}
				}
			},
			{
				"name": "RaiseError",
				"type": "Lookup",
				"dependsOn": [
					{
						"activity": "CloseComponentExecutionFailed",
						"dependencyConditions": [
							"Completed"
						]
					}
				],
				"policy": {
					"timeout": "7.00:00:00",
					"retry": 0,
					"retryIntervalInSeconds": 30,
					"secureOutput": false,
					"secureInput": false
				},
				"userProperties": [],
				"typeProperties": {
					"source": {
						"type": "AzureSqlSource",
						"sqlReaderQuery": {
							"value": "@concat('THROW 99999, ''Error with ',pipeline().Pipeline,' Pipeline'', 1')",
							"type": "Expression"
						},
						"queryTimeout": "02:00:00",
						"partitionOption": "None"
					},
					"dataset": {
						"referenceName": "DS_DbGeneric",
						"type": "DatasetReference",
						"parameters": {
							"in_schma_name": "..",
							"in_tbl_view": "..",
							"in_key_vault_name": {
								"value": "@pipeline().globalParameters.globl_key_vault_name",
								"type": "Expression"
							}
						}
					}
				}
			},
			{
				"name": "set json",
				"type": "SetVariable",
				"dependsOn": [
					{
						"activity": "GetSecretValueAdbClusterId",
						"dependencyConditions": [
							"Succeeded"
						]
					},
					{
						"activity": "GetSecretValueAdbWorkspaceUrl",
						"dependencyConditions": [
							"Succeeded"
						]
					},
					{
						"activity": "GetSecretValueInboundStorageAccountName",
						"dependencyConditions": [
							"Succeeded"
						]
					}
				],
				"userProperties": [],
				"typeProperties": {
					"variableName": "l_param_json_txt",
					"value": {
						"value": "@concat(pipeline().parameters.l_param_json_txt, '')",
						"type": "Expression"
					}
				}
			},
			{
				"name": "Lock_Acquire",
				"type": "SqlServerStoredProcedure",
				"dependsOn": [
					{
						"activity": "set json",
						"dependencyConditions": [
							"Succeeded"
						]
					}
				],
				"policy": {
					"timeout": "0.01:00:00",
					"retry": 6,
					"retryIntervalInSeconds": 600,
					"secureOutput": false,
					"secureInput": false
				},
				"userProperties": [],
				"typeProperties": {
					"storedProcedureName": "[md].[pro_scope_mkt_grp_lock_acq]",
					"storedProcedureParameters": {
						"in_mkt_grp_name_list_json_txt": {
							"value": "{\"Market Groups\": [\"Europe - ALL\"]}",
							"type": "String"
						},
						"in_parnt_comp_exctn_id": {
							"value": {
								"value": "@variables('l_comp_exctn_id')",
								"type": "Expression"
							},
							"type": "Int32"
						},
						"in_user_name": {
							"value": {
								"value": "@pipeline().parameters.in_user_name",
								"type": "Expression"
							},
							"type": "String"
						}
					}
				},
				"linkedServiceName": {
					"referenceName": "LS_SQLDatabase",
					"type": "LinkedServiceReference",
					"parameters": {
						"in_key_vault_name": {
							"value": "@pipeline().globalParameters.globl_key_vault_name",
							"type": "Expression"
						}
					}
				}
			},
			{
				"name": "LockRelease",
				"type": "SqlServerStoredProcedure",
				"dependsOn": [
					{
						"activity": "CloseComponentExecutionSuccess",
						"dependencyConditions": [
							"Completed",
							"Skipped"
						]
					}
				],
				"policy": {
					"timeout": "0.01:00:00",
					"retry": 6,
					"retryIntervalInSeconds": 600,
					"secureOutput": false,
					"secureInput": false
				},
				"userProperties": [],
				"typeProperties": {
					"storedProcedureName": "[md].[pro_comp_exctn_lock_relse]",
					"storedProcedureParameters": {
						"in_parnt_comp_exctn_id": {
							"value": {
								"value": "@int(variables('l_comp_exctn_id'))",
								"type": "Expression"
							},
							"type": "Int32"
						},
						"in_user_name": {
							"value": {
								"value": "@pipeline().parameters.in_user_name",
								"type": "Expression"
							},
							"type": "String"
						}
					}
				},
				"linkedServiceName": {
					"referenceName": "LS_SQLDatabase",
					"type": "LinkedServiceReference",
					"parameters": {
						"in_key_vault_name": {
							"value": "@pipeline().globalParameters.globl_key_vault_name",
							"type": "Expression"
						}
					}
				}
			}
		],
		"parameters": {
			"path": {
				"type": "string",
				"defaultValue": "/Uploader/"
			},
			"in_parnt_comp_exctn_id": {
				"type": "string",
				"defaultValue": "1"
			},
			"in_user_name": {
				"type": "string",
				"defaultValue": "Admin"
			},
			"l_param_json_txt": {
				"type": "string"
			}
		},
		"variables": {
			"set_eu": {
				"type": "String",
				"defaultValue": "0"
			},
			"kv_name": {
				"type": "String"
			},
			"prc_mkt": {
				"type": "String"
			},
			"ld_tbl_name": {
				"type": "String"
			},
			"in_file_dfntn_vers_id": {
				"type": "String"
			},
			"l_comp_exctn_id": {
				"type": "String"
			},
			"l_out_param_json_txt": {
				"type": "String"
			},
			"l_param_json_txt": {
				"type": "String"
			}
		},
		"folder": {
			"name": "Load"
		},
		"annotations": []
	}
}