{
	"name": "ld-StageTblADBExecute",
	"properties": {
		"activities": [
			{
				"name": "GetSecretValueAdbClusterId",
				"type": "WebActivity",
				"dependsOn": [],
				"policy": {
					"timeout": "0.00:02:00",
					"retry": 0,
					"retryIntervalInSeconds": 30,
					"secureOutput": true,
					"secureInput": false
				},
				"userProperties": [],
				"typeProperties": {
					"url": {
						"value": "@concat(\n'https://'\n,pipeline().globalParameters.globl_key_vault_name\n,'.vault.azure.net/secrets/'\n,'adb-cluster-id'\n,'?'\n,pipeline().globalParameters.globl_key_vault_url_api_vers\n)",
						"type": "Expression"
					},
					"method": "GET",
					"authentication": {
						"type": "MSI",
						"resource": "https://vault.azure.net"
					}
				}
			},
			{
				"name": "GetSecretValueAdbWorkspaceUrl",
				"type": "WebActivity",
				"dependsOn": [],
				"policy": {
					"timeout": "0.00:02:00",
					"retry": 0,
					"retryIntervalInSeconds": 30,
					"secureOutput": true,
					"secureInput": false
				},
				"userProperties": [],
				"typeProperties": {
					"url": {
						"value": "@concat(\n'https://'\n,pipeline().globalParameters.globl_key_vault_name\n,'.vault.azure.net/secrets/'\n,'adb-workspace-url'\n,'?'\n,pipeline().globalParameters.globl_key_vault_url_api_vers\n)",
						"type": "Expression"
					},
					"method": "GET",
					"authentication": {
						"type": "MSI",
						"resource": "https://vault.azure.net"
					}
				}
			},
			{
				"name": "GetFileVersionID",
				"type": "Lookup",
				"dependsOn": [],
				"policy": {
					"timeout": "7.00:00:00",
					"retry": 0,
					"retryIntervalInSeconds": 30,
					"secureOutput": false,
					"secureInput": false
				},
				"userProperties": [],
				"typeProperties": {
					"source": {
						"type": "AzureSqlSource",
						"sqlReaderQuery": {
							"value": "SELECT \n file_dfntn_vers_id\n,load_cube_tbl_name\n,load_stage_tbl_name \n,regn_id\n,regn_name\n,mkt_grp_id\n,mkt_grp_name\n,frcst_ind\n,dirct_ind\n,indir_ind\n,load_ind\n,activ_ind\n,curr_ind \nFROM [md].[file_dfntn_vers_prc_vw] [fdv]\nWHERE 1 = 1\nAND [fdv].[mkt_grp_name] = '@{pipeline().parameters.in_input}'\nAND [fdv].[load_ind] = 'Y'\nAND [fdv].[activ_ind] = 'Y'\nAND [fdv].[curr_ind] = 'Y'\n",
							"type": "Expression"
						},
						"queryTimeout": "02:00:00",
						"partitionOption": "None"
					},
					"dataset": {
						"referenceName": "DS_DbSchemaMain",
						"type": "DatasetReference",
						"parameters": {
							"in_tbl_view": "..",
							"in_key_vault_name": {
								"value": "@pipeline().globalParameters.globl_key_vault_name",
								"type": "Expression"
							}
						}
					},
					"firstRowOnly": false
				}
			},
			{
				"name": "ForEach file",
				"type": "ForEach",
				"dependsOn": [
					{
						"activity": "GetFileVersionID",
						"dependencyConditions": [
							"Succeeded"
						]
					},
					{
						"activity": "GetSecretValueAdbClusterId",
						"dependencyConditions": [
							"Succeeded"
						]
					},
					{
						"activity": "GetSecretValueAdbWorkspaceUrl",
						"dependencyConditions": [
							"Succeeded"
						]
					}
				],
				"userProperties": [],
				"typeProperties": {
					"items": {
						"value": "@activity('GetFileVersionID').output.value",
						"type": "Expression"
					},
					"isSequential": false,
					"batchCount": 2,
					"activities": [
						{
							"name": "ExecuteNotebook",
							"type": "DatabricksNotebook",
							"dependsOn": [
								{
									"activity": "GetFileColumns",
									"dependencyConditions": [
										"Succeeded"
									]
								}
							],
							"policy": {
								"timeout": "7.00:00:00",
								"retry": 0,
								"retryIntervalInSeconds": 30,
								"secureOutput": false,
								"secureInput": false
							},
							"userProperties": [],
							"typeProperties": {
								"notebookPath": {
									"value": "/Uploader/08_LoadCube/850_stage_tbl",
									"type": "Expression"
								},
								"baseParameters": {
									"input": {
										"value": "@concat('{\"file_dfntn_vers\": ',string(item()),', \"file_dfntn_vers_col\": ', string(activity('GetFileColumns').output.value), '}')",
										"type": "Expression"
									}
								}
							},
							"linkedServiceName": {
								"referenceName": "LS_DatabricksWorkspace",
								"type": "LinkedServiceReference",
								"parameters": {
									"in_key_vault_name": {
										"value": "@pipeline().globalParameters.globl_key_vault_name",
										"type": "Expression"
									},
									"in_adb_clstr_id": {
										"value": "@activity('GetSecretValueAdbClusterId').output.value",
										"type": "Expression"
									},
									"in_adb_wkspc_url": {
										"value": "@activity('GetSecretValueAdbWorkspaceUrl').output.value",
										"type": "Expression"
									}
								}
							}
						},
						{
							"name": "GetFileColumns",
							"type": "Lookup",
							"dependsOn": [],
							"policy": {
								"timeout": "7.00:00:00",
								"retry": 0,
								"retryIntervalInSeconds": 30,
								"secureOutput": false,
								"secureInput": false
							},
							"userProperties": [],
							"typeProperties": {
								"source": {
									"type": "AzureSqlSource",
									"sqlReaderQuery": {
										"value": "SELECT\n file_dfntn_vers_id\n,load_col_ind\n,sys_col_ind\n,work_tbl_ind\n,work_vw_ind\n,sbmt_tbl_ind\n,hdn_ind\n,load_col_name\n,col_name\n,phys_data_type_txt\nFROM [md].[file_dfntn_vers_col_prc_vw] [fdvc]\nWHERE [fdvc].[file_dfntn_vers_id] = @{item().file_dfntn_vers_id}",
										"type": "Expression"
									},
									"queryTimeout": "02:00:00",
									"partitionOption": "None"
								},
								"dataset": {
									"referenceName": "DS_DbSchemaMain",
									"type": "DatasetReference",
									"parameters": {
										"in_tbl_view": "..",
										"in_key_vault_name": {
											"value": "@pipeline().globalParameters.globl_key_vault_name",
											"type": "Expression"
										}
									}
								},
								"firstRowOnly": false
							}
						}
					]
				}
			}
		],
		"parameters": {
			"in_parnt_comp_exctn_id": {
				"type": "string"
			},
			"in_user_name": {
				"type": "string"
			},
			"in_param_json_txt": {
				"type": "string"
			},
			"in_input": {
				"type": "string"
			}
		},
		"variables": {
			"l_comp_exctn_id": {
				"type": "String"
			},
			"l_param_json_txt": {
				"type": "String"
			},
			"l_out_param_json_txt": {
				"type": "String"
			}
		},
		"folder": {
			"name": "Load"
		},
		"annotations": []
	}
}