{
	"name": "ld-UploadCubesToDB",
	"properties": {
		"activities": [
			{
				"name": "Truncate and Insert in Stage Table",
				"type": "ForEach",
				"dependsOn": [
					{
						"activity": "Validate Load Cube Parquet",
						"dependencyConditions": [
							"Succeeded"
						]
					}
				],
				"userProperties": [],
				"typeProperties": {
					"items": {
						"value": "@variables('l_mkt_grp_list')",
						"type": "Expression"
					},
					"isSequential": false,
					"batchCount": 6,
					"activities": [
						{
							"name": "insert data to Load Cube stage table",
							"type": "Copy",
							"dependsOn": [
								{
									"activity": "Log Start of Copy Execution",
									"dependencyConditions": [
										"Succeeded"
									]
								}
							],
							"policy": {
								"timeout": "7.00:00:00",
								"retry": 0,
								"retryIntervalInSeconds": 30,
								"secureOutput": false,
								"secureInput": false
							},
							"userProperties": [],
							"typeProperties": {
								"source": {
									"type": "ParquetSource",
									"storeSettings": {
										"type": "AzureBlobFSReadSettings",
										"recursive": true,
										"wildcardFolderPath": {
											"value": "@concat(pipeline().parameters.l_src_cube_path,'/',item())",
											"type": "Expression"
										},
										"wildcardFileName": {
											"value": "*.parquet",
											"type": "Expression"
										},
										"enablePartitionDiscovery": true
									}
								},
								"sink": {
									"type": "AzureSqlSink",
									"writeBatchSize": 1000000,
									"writeBehavior": "insert",
									"sqlWriterUseTableLock": true,
									"disableMetricsCollection": false
								},
								"enableStaging": false,
								"parallelCopies": 4
							},
							"inputs": [
								{
									"referenceName": "DS_GeneralInternalParquet",
									"type": "DatasetReference",
									"parameters": {
										"in_cntnr_name_txt": "internal",
										"in_path_txt": {
											"value": "@pipeline().parameters.l_src_cube_path",
											"type": "Expression"
										},
										"in_file_name_txt": {
											"value": "@item()",
											"type": "Expression"
										},
										"in_storg_acct_name": {
											"value": "@activity('GetSecretValueInboundStorageAccountName').output.value",
											"type": "Expression"
										}
									}
								}
							],
							"outputs": [
								{
									"referenceName": "DS_DbSchemaStage",
									"type": "DatasetReference",
									"parameters": {
										"in_tbl_view": {
											"value": "@item()",
											"type": "Expression"
										},
										"in_key_vault_name": {
											"value": "@pipeline().globalParameters.globl_key_vault_name",
											"type": "Expression"
										}
									}
								}
							]
						},
						{
							"name": "Truncate Staging Table",
							"type": "Lookup",
							"dependsOn": [],
							"policy": {
								"timeout": "7.00:00:00",
								"retry": 1,
								"retryIntervalInSeconds": 30,
								"secureOutput": false,
								"secureInput": false
							},
							"userProperties": [],
							"typeProperties": {
								"source": {
									"type": "AzureSqlSource",
									"sqlReaderQuery": {
										"value": "TRUNCATE TABLE @{pipeline().parameters.l_db_stage_schma_name}.@{item()};\n\nSELECT '@{item()}' AS load_cube_tbl_name;",
										"type": "Expression"
									},
									"queryTimeout": "02:00:00",
									"partitionOption": "None"
								},
								"dataset": {
									"referenceName": "DS_DbGeneric",
									"type": "DatasetReference",
									"parameters": {
										"in_schma_name": "..",
										"in_tbl_view": "..",
										"in_key_vault_name": {
											"value": "@pipeline().globalParameters.globl_key_vault_name",
											"type": "Expression"
										}
									}
								},
								"firstRowOnly": false
							}
						},
						{
							"name": "Log Start of Copy Execution",
							"type": "SqlServerStoredProcedure",
							"dependsOn": [
								{
									"activity": "Truncate Staging Table",
									"dependencyConditions": [
										"Succeeded"
									]
								}
							],
							"policy": {
								"timeout": "7.00:00:00",
								"retry": 1,
								"retryIntervalInSeconds": 30,
								"secureOutput": false,
								"secureInput": false
							},
							"userProperties": [],
							"typeProperties": {
								"storedProcedureName": "[md].[pro_log_msg]",
								"storedProcedureParameters": {
									"in_comp_exctn_id": {
										"value": {
											"value": "@variables('l_comp_exctn_id')",
											"type": "Expression"
										},
										"type": "Int32"
									},
									"in_msg_txt": {
										"value": {
											"value": "@concat('Start of Processing Load Cube: ', item())",
											"type": "Expression"
										},
										"type": "String"
									},
									"in_sttus_code": {
										"value": "",
										"type": "String"
									}
								}
							},
							"linkedServiceName": {
								"referenceName": "LS_SQLDatabase",
								"type": "LinkedServiceReference",
								"parameters": {
									"in_key_vault_name": {
										"value": "@pipeline().globalParameters.globl_key_vault_name",
										"type": "Expression"
									}
								}
							}
						},
						{
							"name": "Log End of Copy Execution",
							"type": "SqlServerStoredProcedure",
							"dependsOn": [
								{
									"activity": "insert data to Load Cube stage table",
									"dependencyConditions": [
										"Succeeded"
									]
								}
							],
							"policy": {
								"timeout": "7.00:00:00",
								"retry": 0,
								"retryIntervalInSeconds": 30,
								"secureOutput": false,
								"secureInput": false
							},
							"userProperties": [],
							"typeProperties": {
								"storedProcedureName": "[md].[pro_log_msg]",
								"storedProcedureParameters": {
									"in_comp_exctn_id": {
										"value": {
											"value": "@variables('l_comp_exctn_id')",
											"type": "Expression"
										},
										"type": "Int32"
									},
									"in_msg_txt": {
										"value": {
											"value": "@concat('Processing Load Cube: ', item(), '. Rows Copied: ', activity('insert data to Load Cube stage table').output.rowsCopied)",
											"type": "Expression"
										},
										"type": "String"
									},
									"in_sttus_code": {
										"value": "",
										"type": "String"
									}
								}
							},
							"linkedServiceName": {
								"referenceName": "LS_SQLDatabase",
								"type": "LinkedServiceReference",
								"parameters": {
									"in_key_vault_name": {
										"value": "@pipeline().globalParameters.globl_key_vault_name",
										"type": "Expression"
									}
								}
							}
						}
					]
				}
			},
			{
				"name": "Get List of Market Group Load Cube",
				"type": "Lookup",
				"dependsOn": [
					{
						"activity": "SetOutComponentExecutionId",
						"dependencyConditions": [
							"Succeeded"
						]
					}
				],
				"policy": {
					"timeout": "7.00:00:00",
					"retry": 0,
					"retryIntervalInSeconds": 30,
					"secureOutput": false,
					"secureInput": false
				},
				"userProperties": [],
				"typeProperties": {
					"source": {
						"type": "DelimitedTextSource",
						"storeSettings": {
							"type": "AzureBlobFSReadSettings",
							"recursive": false,
							"enablePartitionDiscovery": false
						},
						"formatSettings": {
							"type": "DelimitedTextReadSettings"
						}
					},
					"dataset": {
						"referenceName": "DS_GenericInternalCsv",
						"type": "DatasetReference",
						"parameters": {
							"in_cntnr_name_txt": "internal",
							"in_path_txt": "cnfg_files",
							"in_file_name_txt": "mkt_grp_load_cube",
							"in_storg_acct_name": {
								"value": "@activity('GetSecretValueInboundStorageAccountName').output.value",
								"type": "Expression"
							}
						}
					},
					"firstRowOnly": false
				}
			},
			{
				"name": "SetOutComponentExecutionId",
				"type": "SetVariable",
				"dependsOn": [
					{
						"activity": "OpenComponentExecution",
						"dependencyConditions": [
							"Succeeded"
						]
					}
				],
				"userProperties": [],
				"typeProperties": {
					"variableName": "l_comp_exctn_id",
					"value": {
						"value": "@string(activity('OpenComponentExecution').output.firstRow.out_comp_exctn_id)",
						"type": "Expression"
					}
				}
			},
			{
				"name": "SetOutParamJsonText",
				"type": "SetVariable",
				"dependsOn": [
					{
						"activity": "OpenComponentExecution",
						"dependencyConditions": [
							"Succeeded"
						]
					}
				],
				"userProperties": [],
				"typeProperties": {
					"variableName": "l_out_param_json_txt",
					"value": {
						"value": "@string(activity('OpenComponentExecution').output.firstRow.out_param_json_txt)",
						"type": "Expression"
					}
				}
			},
			{
				"name": "OpenComponentExecution",
				"type": "Lookup",
				"dependsOn": [
					{
						"activity": "SetParamJsonText",
						"dependencyConditions": [
							"Succeeded"
						]
					}
				],
				"policy": {
					"timeout": "7.00:00:00",
					"retry": 0,
					"retryIntervalInSeconds": 30,
					"secureOutput": false,
					"secureInput": false
				},
				"userProperties": [],
				"typeProperties": {
					"source": {
						"type": "AzureSqlSource",
						"sqlReaderStoredProcedureName": "[md].[pro_comp_exctn_open]",
						"storedProcedureParameters": {
							"in_adf_pipln_name": {
								"type": "String",
								"value": {
									"value": "@pipeline().Pipeline",
									"type": "Expression"
								}
							},
							"in_param_json_txt": {
								"type": "String",
								"value": {
									"value": "@variables('l_param_json_txt')",
									"type": "Expression"
								}
							},
							"in_parnt_comp_exctn_id": {
								"type": "Int32",
								"value": {
									"value": "@pipeline().parameters.in_parnt_comp_exctn_id",
									"type": "Expression"
								}
							},
							"in_scope_id": {
								"type": "Int32",
								"value": null
							},
							"in_user_name": {
								"type": "String",
								"value": {
									"value": "@pipeline().parameters.in_user_name",
									"type": "Expression"
								}
							},
							"out_comp_exctn_id": {
								"type": "Int32",
								"value": null
							},
							"out_param_json_txt": {
								"type": "String",
								"value": null
							},
							"in_adf_pipln_run_id": {
								"type": "String",
								"value": {
									"value": "@pipeline().RunId",
									"type": "Expression"
								}
							}
						},
						"queryTimeout": "02:00:00",
						"partitionOption": "None"
					},
					"dataset": {
						"referenceName": "DS_DbGeneric",
						"type": "DatasetReference",
						"parameters": {
							"in_schma_name": "..",
							"in_tbl_view": "..",
							"in_key_vault_name": {
								"value": "@pipeline().globalParameters.globl_key_vault_name",
								"type": "Expression"
							}
						}
					},
					"firstRowOnly": true
				}
			},
			{
				"name": "SetParamJsonText",
				"type": "SetVariable",
				"dependsOn": [
					{
						"activity": "GetSecretValueAdbWorkspaceUrl",
						"dependencyConditions": [
							"Succeeded"
						]
					},
					{
						"activity": "GetSecretValueAdbClusterId",
						"dependencyConditions": [
							"Succeeded"
						]
					},
					{
						"activity": "GetSecretValueInboundStorageAccountName",
						"dependencyConditions": [
							"Succeeded"
						]
					}
				],
				"userProperties": [],
				"typeProperties": {
					"variableName": "l_param_json_txt",
					"value": {
						"value": "@pipeline().parameters.in_param_json_txt",
						"type": "Expression"
					}
				}
			},
			{
				"name": "CloseComponentExecutionSuccess",
				"type": "SqlServerStoredProcedure",
				"dependsOn": [
					{
						"activity": "Truncate and Insert in Stage Table",
						"dependencyConditions": [
							"Succeeded"
						]
					}
				],
				"policy": {
					"timeout": "7.00:00:00",
					"retry": 0,
					"retryIntervalInSeconds": 30,
					"secureOutput": false,
					"secureInput": false
				},
				"userProperties": [],
				"typeProperties": {
					"storedProcedureName": "[md].[pro_comp_exctn_close]",
					"storedProcedureParameters": {
						"in_comp_exctn_id": {
							"value": {
								"value": "@int(variables('l_comp_exctn_id'))",
								"type": "Expression"
							},
							"type": "Int32"
						},
						"in_sttus_code": {
							"value": "C",
							"type": "String"
						},
						"in_err_msg_txt": {
							"value": null,
							"type": "String"
						}
					}
				},
				"linkedServiceName": {
					"referenceName": "LS_SQLDatabase",
					"type": "LinkedServiceReference",
					"parameters": {
						"in_key_vault_name": {
							"value": "@pipeline().globalParameters.globl_key_vault_name",
							"type": "Expression"
						}
					}
				}
			},
			{
				"name": "CloseComponentExecutionFailed",
				"type": "SqlServerStoredProcedure",
				"dependsOn": [
					{
						"activity": "Truncate and Insert in Stage Table",
						"dependencyConditions": [
							"Failed",
							"Skipped"
						]
					}
				],
				"policy": {
					"timeout": "7.00:00:00",
					"retry": 0,
					"retryIntervalInSeconds": 30,
					"secureOutput": false,
					"secureInput": false
				},
				"userProperties": [],
				"typeProperties": {
					"storedProcedureName": "[md].[pro_comp_exctn_close]",
					"storedProcedureParameters": {
						"in_comp_exctn_id": {
							"value": {
								"value": "@int(variables('l_comp_exctn_id'))",
								"type": "Expression"
							},
							"type": "Int32"
						},
						"in_sttus_code": {
							"value": "F",
							"type": "String"
						},
						"in_err_msg_txt": {
							"value": {
								"value": "@concat(pipeline().Pipeline, ' failed.')",
								"type": "Expression"
							},
							"type": "String"
						}
					}
				},
				"linkedServiceName": {
					"referenceName": "LS_SQLDatabase",
					"type": "LinkedServiceReference",
					"parameters": {
						"in_key_vault_name": {
							"value": "@pipeline().globalParameters.globl_key_vault_name",
							"type": "Expression"
						}
					}
				}
			},
			{
				"name": "RaiseError",
				"type": "Lookup",
				"dependsOn": [
					{
						"activity": "CloseComponentExecutionFailed",
						"dependencyConditions": [
							"Completed"
						]
					}
				],
				"policy": {
					"timeout": "7.00:00:00",
					"retry": 0,
					"retryIntervalInSeconds": 30,
					"secureOutput": false,
					"secureInput": false
				},
				"userProperties": [],
				"typeProperties": {
					"source": {
						"type": "AzureSqlSource",
						"sqlReaderQuery": {
							"value": "@concat('THROW 99999, ''Error with ',pipeline().Pipeline,' Pipeline'', 1')",
							"type": "Expression"
						},
						"queryTimeout": "02:00:00",
						"partitionOption": "None"
					},
					"dataset": {
						"referenceName": "DS_DbGeneric",
						"type": "DatasetReference",
						"parameters": {
							"in_schma_name": "..",
							"in_tbl_view": "..",
							"in_key_vault_name": {
								"value": "@pipeline().globalParameters.globl_key_vault_name",
								"type": "Expression"
							}
						}
					}
				}
			},
			{
				"name": "Validate Load Cube Parquet",
				"type": "ForEach",
				"dependsOn": [
					{
						"activity": "CheckMktGrpConfig",
						"dependencyConditions": [
							"Succeeded"
						]
					}
				],
				"userProperties": [],
				"typeProperties": {
					"items": {
						"value": "@activity('Get List of Market Group Load Cube').output.value",
						"type": "Expression"
					},
					"isSequential": false,
					"activities": [
						{
							"name": "Read Parquet File",
							"type": "Lookup",
							"dependsOn": [],
							"policy": {
								"timeout": "7.00:00:00",
								"retry": 0,
								"retryIntervalInSeconds": 30,
								"secureOutput": false,
								"secureInput": false
							},
							"userProperties": [],
							"typeProperties": {
								"source": {
									"type": "ParquetSource",
									"storeSettings": {
										"type": "AzureBlobFSReadSettings",
										"recursive": true,
										"wildcardFolderPath": {
											"value": "load_cube/mkt_grp/@{item().load_cube_tbl_name}/",
											"type": "Expression"
										},
										"wildcardFileName": "*.parquet",
										"enablePartitionDiscovery": false
									}
								},
								"dataset": {
									"referenceName": "DS_GeneralInternalParquet",
									"type": "DatasetReference",
									"parameters": {
										"in_cntnr_name_txt": "internal",
										"in_path_txt": {
											"value": "load_cube/mkt_grp/@{item().load_cube_tbl_name}/",
											"type": "Expression"
										},
										"in_file_name_txt": "*",
										"in_storg_acct_name": {
											"value": "@activity('GetSecretValueInboundStorageAccountName').output.value",
											"type": "Expression"
										}
									}
								}
							}
						},
						{
							"name": "Check If Parquet has content",
							"type": "IfCondition",
							"dependsOn": [
								{
									"activity": "Read Parquet File",
									"dependencyConditions": [
										"Succeeded"
									]
								}
							],
							"userProperties": [],
							"typeProperties": {
								"expression": {
									"value": "@and(contains(activity('Read Parquet File').output,'firstRow'),\ncontains(variables('l_mkt_grp_cfig_list'), item().mkt_grp_name)\n)",
									"type": "Expression"
								},
								"ifTrueActivities": [
									{
										"name": "Append Market Groups",
										"type": "AppendVariable",
										"dependsOn": [],
										"userProperties": [],
										"typeProperties": {
											"variableName": "l_mkt_grp_list",
											"value": {
												"value": "@{item().load_cube_tbl_name}",
												"type": "Expression"
											}
										}
									}
								]
							}
						}
					]
				}
			},
			{
				"name": "GetSecretValueAdbClusterId",
				"type": "WebActivity",
				"dependsOn": [],
				"policy": {
					"timeout": "0.00:02:00",
					"retry": 0,
					"retryIntervalInSeconds": 30,
					"secureOutput": true,
					"secureInput": false
				},
				"userProperties": [],
				"typeProperties": {
					"url": {
						"value": "@concat(\n'https://'\n,pipeline().globalParameters.globl_key_vault_name\n,'.vault.azure.net/secrets/'\n,'adb-cluster-id'\n,'?'\n,pipeline().globalParameters.globl_key_vault_url_api_vers\n)",
						"type": "Expression"
					},
					"method": "GET",
					"authentication": {
						"type": "MSI",
						"resource": "https://vault.azure.net"
					}
				}
			},
			{
				"name": "GetSecretValueAdbWorkspaceUrl",
				"type": "WebActivity",
				"dependsOn": [],
				"policy": {
					"timeout": "0.00:02:00",
					"retry": 0,
					"retryIntervalInSeconds": 30,
					"secureOutput": true,
					"secureInput": false
				},
				"userProperties": [],
				"typeProperties": {
					"url": {
						"value": "@concat(\n'https://'\n,pipeline().globalParameters.globl_key_vault_name\n,'.vault.azure.net/secrets/'\n,'adb-workspace-url'\n,'?'\n,pipeline().globalParameters.globl_key_vault_url_api_vers\n)",
						"type": "Expression"
					},
					"method": "GET",
					"authentication": {
						"type": "MSI",
						"resource": "https://vault.azure.net"
					}
				}
			},
			{
				"name": "GetSecretValueInboundStorageAccountName",
				"type": "WebActivity",
				"dependsOn": [],
				"policy": {
					"timeout": "0.00:02:00",
					"retry": 0,
					"retryIntervalInSeconds": 30,
					"secureOutput": true,
					"secureInput": false
				},
				"userProperties": [],
				"typeProperties": {
					"url": {
						"value": "@concat(\n'https://'\n,pipeline().globalParameters.globl_key_vault_name\n,'.vault.azure.net/secrets/'\n,'cngc-inbound-storage-account-name'\n,'?'\n,pipeline().globalParameters.globl_key_vault_url_api_vers\n)",
						"type": "Expression"
					},
					"method": "GET",
					"authentication": {
						"type": "MSI",
						"resource": "https://vault.azure.net"
					}
				}
			},
			{
				"name": "GetMarketGroupCsv",
				"type": "Lookup",
				"dependsOn": [
					{
						"activity": "SetOutParamJsonText",
						"dependencyConditions": [
							"Succeeded"
						]
					}
				],
				"policy": {
					"timeout": "7.00:00:00",
					"retry": 0,
					"retryIntervalInSeconds": 30,
					"secureOutput": false,
					"secureInput": false
				},
				"userProperties": [],
				"typeProperties": {
					"source": {
						"type": "DelimitedTextSource",
						"storeSettings": {
							"type": "AzureBlobFSReadSettings",
							"recursive": false,
							"enablePartitionDiscovery": false
						},
						"formatSettings": {
							"type": "DelimitedTextReadSettings"
						}
					},
					"dataset": {
						"referenceName": "DS_GenericInternalCsv",
						"type": "DatasetReference",
						"parameters": {
							"in_cntnr_name_txt": "internal",
							"in_path_txt": "cnfg_files",
							"in_file_name_txt": "mkt_grp_prcsg_cnfg",
							"in_storg_acct_name": {
								"value": "@activity('GetSecretValueInboundStorageAccountName').output.value",
								"type": "Expression"
							}
						}
					},
					"firstRowOnly": false
				}
			},
			{
				"name": "CheckMktGrpConfig",
				"type": "ForEach",
				"dependsOn": [
					{
						"activity": "Get List of Market Group Load Cube",
						"dependencyConditions": [
							"Succeeded"
						]
					},
					{
						"activity": "GetMarketGroupCsv",
						"dependencyConditions": [
							"Succeeded"
						]
					}
				],
				"userProperties": [],
				"typeProperties": {
					"items": {
						"value": "@activity('GetMarketGroupCsv').output.value",
						"type": "Expression"
					},
					"isSequential": true,
					"activities": [
						{
							"name": "CheckIfMktGrpShouldBeProcessed",
							"type": "IfCondition",
							"dependsOn": [],
							"userProperties": [],
							"typeProperties": {
								"expression": {
									"value": "@or(\nor(equals(item().cust_prcss_ind, 'Y'), equals(item().prod_prcss_ind,'Y')),\nequals(item().shpmt_prcss_ind, 'Y')\n)",
									"type": "Expression"
								},
								"ifTrueActivities": [
									{
										"name": "AppendtoListOfMktGrpsToProcess",
										"type": "AppendVariable",
										"dependsOn": [],
										"userProperties": [],
										"typeProperties": {
											"variableName": "l_mkt_grp_cfig_list",
											"value": {
												"value": "@item().mkt_grp_name",
												"type": "Expression"
											}
										}
									}
								]
							}
						}
					]
				}
			}
		],
		"parameters": {
			"in_param_json_txt": {
				"type": "string",
				"defaultValue": "AMA"
			},
			"in_parnt_comp_exctn_id": {
				"type": "string"
			},
			"in_user_name": {
				"type": "string"
			},
			"l_db_stage_schma_name": {
				"type": "string",
				"defaultValue": "stage"
			},
			"l_src_cube_path": {
				"type": "string",
				"defaultValue": "load_cube/mkt_grp"
			}
		},
		"variables": {
			"ErrorDetails": {
				"type": "Boolean"
			},
			"l_comp_exctn_id": {
				"type": "String"
			},
			"l_param_json_txt": {
				"type": "String"
			},
			"l_out_param_json_txt": {
				"type": "String"
			},
			"l_mkt_grp_list": {
				"type": "Array"
			},
			"l_mkt_grp_cfig_list": {
				"type": "Array"
			}
		},
		"folder": {
			"name": "Load"
		},
		"annotations": []
	}
}