{
	"name": "Mt-GenericParallelDeleter",
	"properties": {
		"activities": [
			{
				"name": "ForEach Temp Table in DB",
				"type": "ForEach",
				"dependsOn": [
					{
						"activity": "Set Temp Table Names",
						"dependencyConditions": [
							"Succeeded"
						]
					}
				],
				"userProperties": [],
				"typeProperties": {
					"items": {
						"value": "@variables('input_array')",
						"type": "Expression"
					},
					"isSequential": false,
					"batchCount": 50,
					"activities": [
						{
							"name": "Drop Tables",
							"type": "Lookup",
							"dependsOn": [],
							"policy": {
								"timeout": "0.12:00:00",
								"retry": 0,
								"retryIntervalInSeconds": 30,
								"secureOutput": false,
								"secureInput": false
							},
							"userProperties": [],
							"typeProperties": {
								"source": {
									"type": "AzureSqlSource",
									"sqlReaderQuery": {
										"value": "@concat('drop table if exists ',pipeline().parameters.schema,'.', item(), '; select 1')",
										"type": "Expression"
									},
									"queryTimeout": "02:00:00",
									"partitionOption": "None"
								},
								"dataset": {
									"referenceName": "DS_DbGeneric",
									"type": "DatasetReference",
									"parameters": {
										"in_schma_name": "..",
										"in_tbl_view": "..",
										"in_key_vault_name": {
											"value": "@pipeline().globalParameters.globl_key_vault_name",
											"type": "Expression"
										}
									}
								}
							}
						}
					]
				}
			},
			{
				"name": "Set Temp Table Names",
				"type": "SetVariable",
				"dependsOn": [],
				"userProperties": [],
				"typeProperties": {
					"variableName": "input_array",
					"value": {
						"value": "@array(pipeline().parameters.input)",
						"type": "Expression"
					}
				}
			}
		],
		"parameters": {
			"input": {
				"type": "string"
			},
			"schema": {
				"type": "string"
			}
		},
		"variables": {
			"input_array": {
				"type": "Array"
			}
		},
		"folder": {
			"name": "Maintenance"
		},
		"annotations": []
	}
}