{
	"name": "Mt-montly_db_cleanup",
	"properties": {
		"activities": [
			{
				"name": "Dump Temp Table Names",
				"type": "Copy",
				"dependsOn": [
					{
						"activity": "GetSecretValueInboundStorageAccountName",
						"dependencyConditions": [
							"Succeeded"
						]
					}
				],
				"policy": {
					"timeout": "0.12:00:00",
					"retry": 0,
					"retryIntervalInSeconds": 30,
					"secureOutput": false,
					"secureInput": false
				},
				"userProperties": [],
				"typeProperties": {
					"source": {
						"type": "AzureSqlSource",
						"sqlReaderQuery": "SELECT t.name \n  FROM sys.tables AS t\n  INNER JOIN sys.schemas AS s\n  ON t.[schema_id] = s.[schema_id]\n  WHERE s.name in ('tmp');",
						"queryTimeout": "02:00:00",
						"partitionOption": "None"
					},
					"sink": {
						"type": "ParquetSink",
						"storeSettings": {
							"type": "AzureBlobFSWriteSettings"
						},
						"formatSettings": {
							"type": "ParquetWriteSettings"
						}
					},
					"enableStaging": false,
					"translator": {
						"type": "TabularTranslator",
						"typeConversion": true,
						"typeConversionSettings": {
							"allowDataTruncation": true,
							"treatBooleanAsNumber": false
						}
					}
				},
				"inputs": [
					{
						"referenceName": "DS_DbGeneric",
						"type": "DatasetReference",
						"parameters": {
							"in_schma_name": "..",
							"in_tbl_view": "..",
							"in_key_vault_name": {
								"value": "@pipeline().globalParameters.globl_key_vault_name",
								"type": "Expression"
							}
						}
					}
				],
				"outputs": [
					{
						"referenceName": "DS_GeneralInternalParquet",
						"type": "DatasetReference",
						"parameters": {
							"in_cntnr_name_txt": "internal",
							"in_path_txt": "maintenance",
							"in_file_name_txt": "tmp_tbl_config",
							"in_storg_acct_name": "@activity('GetSecretValueInboundStorageAccountName').output.value"
						}
					}
				]
			},
			{
				"name": "Dump Sbmt Table Names",
				"type": "Copy",
				"dependsOn": [
					{
						"activity": "GetSecretValueInboundStorageAccountName",
						"dependencyConditions": [
							"Succeeded"
						]
					}
				],
				"policy": {
					"timeout": "0.12:00:00",
					"retry": 0,
					"retryIntervalInSeconds": 30,
					"secureOutput": false,
					"secureInput": false
				},
				"userProperties": [],
				"typeProperties": {
					"source": {
						"type": "AzureSqlSource",
						"sqlReaderQuery": "SELECT t.name \n  FROM sys.tables AS t\n  INNER JOIN sys.schemas AS s\n  ON t.[schema_id] = s.[schema_id]\n  WHERE s.name in ('sbmt');",
						"queryTimeout": "02:00:00",
						"partitionOption": "None"
					},
					"sink": {
						"type": "ParquetSink",
						"storeSettings": {
							"type": "AzureBlobFSWriteSettings"
						},
						"formatSettings": {
							"type": "ParquetWriteSettings"
						}
					},
					"enableStaging": false,
					"translator": {
						"type": "TabularTranslator",
						"typeConversion": true,
						"typeConversionSettings": {
							"allowDataTruncation": true,
							"treatBooleanAsNumber": false
						}
					}
				},
				"inputs": [
					{
						"referenceName": "DS_DbGeneric",
						"type": "DatasetReference",
						"parameters": {
							"in_schma_name": "..",
							"in_tbl_view": "..",
							"in_key_vault_name": {
								"value": "@pipeline().globalParameters.globl_key_vault_name",
								"type": "Expression"
							}
						}
					}
				],
				"outputs": [
					{
						"referenceName": "DS_GeneralInternalParquet",
						"type": "DatasetReference",
						"parameters": {
							"in_cntnr_name_txt": "internal",
							"in_path_txt": "maintenance",
							"in_file_name_txt": "sbmt_tbl_config",
							"in_storg_acct_name": "@activity('GetSecretValueInboundStorageAccountName').output.value"
						}
					}
				]
			},
			{
				"name": "GetSecretValueInboundStorageAccountName",
				"type": "WebActivity",
				"dependsOn": [
					{
						"activity": "GetSecretValueAdbWorkspaceUrl",
						"dependencyConditions": [
							"Succeeded"
						]
					},
					{
						"activity": "GetSecretValueAdbClusterId",
						"dependencyConditions": [
							"Succeeded"
						]
					}
				],
				"policy": {
					"timeout": "0.00:02:00",
					"retry": 0,
					"retryIntervalInSeconds": 30,
					"secureOutput": true,
					"secureInput": false
				},
				"userProperties": [],
				"typeProperties": {
					"url": {
						"value": "@concat(\n'https://'\n,pipeline().globalParameters.globl_key_vault_name\n,'.vault.azure.net/secrets/'\n,'cngc-inbound-storage-account-name'\n,'?'\n,pipeline().globalParameters.globl_key_vault_url_api_vers\n)",
						"type": "Expression"
					},
					"method": "GET",
					"authentication": {
						"type": "MSI",
						"resource": "https://vault.azure.net"
					}
				}
			},
			{
				"name": "PRC_TEMP_TBLS",
				"type": "DatabricksNotebook",
				"dependsOn": [
					{
						"activity": "Dump Temp Table Names",
						"dependencyConditions": [
							"Succeeded"
						]
					}
				],
				"policy": {
					"timeout": "0.12:00:00",
					"retry": 0,
					"retryIntervalInSeconds": 30,
					"secureOutput": false,
					"secureInput": false
				},
				"userProperties": [],
				"typeProperties": {
					"notebookPath": {
						"value": "@concat(pipeline().parameters.path,'00_adf_utility/upldr_db_cleanup_preprocessing_tmp')",
						"type": "Expression"
					}
				},
				"linkedServiceName": {
					"referenceName": "LS_DatabricksWorkspace",
					"type": "LinkedServiceReference",
					"parameters": {
						"in_key_vault_name": {
							"value": "@pipeline().globalParameters.globl_key_vault_name",
							"type": "Expression"
						},
						"in_adb_clstr_id": {
							"value": "@activity('GetSecretValueAdbClusterId').output.value",
							"type": "Expression"
						},
						"in_adb_wkspc_url": {
							"value": "@activity('GetSecretValueAdbWorkspaceUrl').output.value",
							"type": "Expression"
						}
					}
				}
			},
			{
				"name": "GetSecretValueAdbClusterId",
				"type": "WebActivity",
				"dependsOn": [
					{
						"activity": "Just Wait",
						"dependencyConditions": [
							"Succeeded"
						]
					}
				],
				"policy": {
					"timeout": "7.00:00:00",
					"retry": 0,
					"retryIntervalInSeconds": 30,
					"secureOutput": false,
					"secureInput": false
				},
				"userProperties": [],
				"typeProperties": {
					"url": {
						"value": "@concat(\n'https://'\n,pipeline().globalParameters.globl_key_vault_name\n,'.vault.azure.net/secrets/'\n,'adb-cluster-id'\n,'?'\n,pipeline().globalParameters.globl_key_vault_url_api_vers\n)",
						"type": "Expression"
					},
					"method": "GET",
					"authentication": {
						"type": "MSI",
						"resource": "https://vault.azure.net"
					}
				}
			},
			{
				"name": "GetSecretValueAdbWorkspaceUrl",
				"type": "WebActivity",
				"dependsOn": [
					{
						"activity": "Just Wait",
						"dependencyConditions": [
							"Succeeded"
						]
					}
				],
				"policy": {
					"timeout": "7.00:00:00",
					"retry": 0,
					"retryIntervalInSeconds": 30,
					"secureOutput": false,
					"secureInput": false
				},
				"userProperties": [],
				"typeProperties": {
					"url": {
						"value": "@concat(\n'https://'\n,pipeline().globalParameters.globl_key_vault_name\n,'.vault.azure.net/secrets/'\n,'adb-workspace-url'\n,'?'\n,pipeline().globalParameters.globl_key_vault_url_api_vers\n)",
						"type": "Expression"
					},
					"method": "GET",
					"authentication": {
						"type": "MSI",
						"resource": "https://vault.azure.net"
					}
				}
			},
			{
				"name": "Check if there is nothing to delete tmp",
				"type": "IfCondition",
				"dependsOn": [
					{
						"activity": "PRC_TEMP_TBLS",
						"dependencyConditions": [
							"Succeeded"
						]
					}
				],
				"userProperties": [],
				"typeProperties": {
					"expression": {
						"value": "@equals(activity('PRC_TEMP_TBLS').output.runOutput, 'Pass')",
						"type": "Expression"
					},
					"ifFalseActivities": [
						{
							"name": "Call Deleter TMP",
							"type": "ExecutePipeline",
							"dependsOn": [],
							"userProperties": [],
							"typeProperties": {
								"pipeline": {
									"referenceName": "Mt-GenericParallelDeleter",
									"type": "PipelineReference"
								},
								"waitOnCompletion": true,
								"parameters": {
									"input": {
										"value": "@activity('PRC_TEMP_TBLS').output.runOutput",
										"type": "Expression"
									},
									"schema": "tmp"
								}
							}
						}
					]
				}
			},
			{
				"name": "PRC_SBMT_TBLS",
				"type": "DatabricksNotebook",
				"dependsOn": [
					{
						"activity": "Dump Sbmt Table Names",
						"dependencyConditions": [
							"Succeeded"
						]
					}
				],
				"policy": {
					"timeout": "0.12:00:00",
					"retry": 0,
					"retryIntervalInSeconds": 30,
					"secureOutput": false,
					"secureInput": false
				},
				"userProperties": [],
				"typeProperties": {
					"notebookPath": {
						"value": "@concat(pipeline().parameters.path,'00_adf_utility/upldr_db_cleanup_preprocessing_sbmt')",
						"type": "Expression"
					}
				},
				"linkedServiceName": {
					"referenceName": "LS_DatabricksWorkspace",
					"type": "LinkedServiceReference",
					"parameters": {
						"in_key_vault_name": {
							"value": "@pipeline().globalParameters.globl_key_vault_name",
							"type": "Expression"
						},
						"in_adb_clstr_id": {
							"value": "@activity('GetSecretValueAdbClusterId').output.value",
							"type": "Expression"
						},
						"in_adb_wkspc_url": {
							"value": "@activity('GetSecretValueAdbWorkspaceUrl').output.value",
							"type": "Expression"
						}
					}
				}
			},
			{
				"name": "Check if there is nothing to delete in Sbmt",
				"type": "IfCondition",
				"dependsOn": [
					{
						"activity": "PRC_SBMT_TBLS",
						"dependencyConditions": [
							"Succeeded"
						]
					}
				],
				"userProperties": [],
				"typeProperties": {
					"expression": {
						"value": "@equals(activity('PRC_SBMT_TBLS').output.runOutput, 'Pass')",
						"type": "Expression"
					},
					"ifFalseActivities": [
						{
							"name": "Call Deleter SBMT",
							"type": "ExecutePipeline",
							"dependsOn": [],
							"userProperties": [],
							"typeProperties": {
								"pipeline": {
									"referenceName": "Mt-GenericParallelDeleter",
									"type": "PipelineReference"
								},
								"waitOnCompletion": true,
								"parameters": {
									"input": {
										"value": "@activity('PRC_SBMT_TBLS').output.runOutput",
										"type": "Expression"
									},
									"schema": "sbmt"
								}
							}
						}
					]
				}
			},
			{
				"name": "Just Wait",
				"type": "Wait",
				"dependsOn": [
					{
						"activity": "SetOutParamJsonText",
						"dependencyConditions": [
							"Succeeded"
						]
					},
					{
						"activity": "SetOutComponentExecutionId",
						"dependencyConditions": [
							"Succeeded"
						]
					}
				],
				"userProperties": [],
				"typeProperties": {
					"waitTimeInSeconds": 1
				}
			},
			{
				"name": "OpenComponentExecution",
				"type": "Lookup",
				"dependsOn": [],
				"policy": {
					"timeout": "7.00:00:00",
					"retry": 0,
					"retryIntervalInSeconds": 30,
					"secureOutput": false,
					"secureInput": false
				},
				"userProperties": [],
				"typeProperties": {
					"source": {
						"type": "AzureSqlSource",
						"sqlReaderStoredProcedureName": "[md].[pro_comp_exctn_open]",
						"storedProcedureParameters": {
							"in_adf_pipln_name": {
								"type": "String",
								"value": {
									"value": "@pipeline().Pipeline",
									"type": "Expression"
								}
							},
							"in_param_json_txt": {
								"type": "String",
								"value": {
									"value": "@variables('l_param_json_txt')",
									"type": "Expression"
								}
							},
							"in_parnt_comp_exctn_id": {
								"type": "Int32",
								"value": {
									"value": "@pipeline().parameters.in_parnt_comp_exctn_id",
									"type": "Expression"
								}
							},
							"in_scope_id": {
								"type": "Int32",
								"value": null
							},
							"in_user_name": {
								"type": "String",
								"value": {
									"value": "@pipeline().parameters.in_user_name",
									"type": "Expression"
								}
							},
							"out_comp_exctn_id": {
								"type": "Int32",
								"value": null
							},
							"out_param_json_txt": {
								"type": "String",
								"value": null
							},
							"in_adf_pipln_run_id": {
								"type": "String",
								"value": {
									"value": "@pipeline().RunId",
									"type": "Expression"
								}
							}
						},
						"queryTimeout": "02:00:00",
						"partitionOption": "None"
					},
					"dataset": {
						"referenceName": "DS_DbGeneric",
						"type": "DatasetReference",
						"parameters": {
							"in_schma_name": "..",
							"in_tbl_view": "..",
							"in_key_vault_name": {
								"value": "@pipeline().globalParameters.globl_key_vault_name",
								"type": "Expression"
							}
						}
					},
					"firstRowOnly": true
				}
			},
			{
				"name": "SetOutComponentExecutionId",
				"type": "SetVariable",
				"dependsOn": [
					{
						"activity": "OpenComponentExecution",
						"dependencyConditions": [
							"Succeeded"
						]
					}
				],
				"userProperties": [],
				"typeProperties": {
					"variableName": "l_comp_exctn_id",
					"value": {
						"value": "@string(activity('OpenComponentExecution').output.firstRow.out_comp_exctn_id)",
						"type": "Expression"
					}
				}
			},
			{
				"name": "SetOutParamJsonText",
				"type": "SetVariable",
				"dependsOn": [
					{
						"activity": "OpenComponentExecution",
						"dependencyConditions": [
							"Succeeded"
						]
					}
				],
				"userProperties": [],
				"typeProperties": {
					"variableName": "l_param_json_txt",
					"value": {
						"value": "@string(activity('OpenComponentExecution').output.firstRow.out_param_json_txt)",
						"type": "Expression"
					}
				}
			},
			{
				"name": "CloseComponentExecutionSuccess",
				"type": "SqlServerStoredProcedure",
				"dependsOn": [
					{
						"activity": "Check if there is nothing to delete tmp",
						"dependencyConditions": [
							"Succeeded"
						]
					},
					{
						"activity": "Check if there is nothing to delete in Sbmt",
						"dependencyConditions": [
							"Succeeded"
						]
					}
				],
				"policy": {
					"timeout": "7.00:00:00",
					"retry": 0,
					"retryIntervalInSeconds": 30,
					"secureOutput": false,
					"secureInput": false
				},
				"userProperties": [],
				"typeProperties": {
					"storedProcedureName": "[md].[pro_comp_exctn_close]",
					"storedProcedureParameters": {
						"in_comp_exctn_id": {
							"value": {
								"value": "@int(variables('l_comp_exctn_id'))",
								"type": "Expression"
							},
							"type": "Int32"
						},
						"in_sttus_code": {
							"value": "C",
							"type": "String"
						},
						"in_err_msg_txt": {
							"value": null,
							"type": "String"
						}
					}
				},
				"linkedServiceName": {
					"referenceName": "LS_SQLDatabase",
					"type": "LinkedServiceReference",
					"parameters": {
						"in_key_vault_name": {
							"value": "@pipeline().globalParameters.globl_key_vault_name",
							"type": "Expression"
						}
					}
				}
			},
			{
				"name": "CloseComponentExecutionFailed",
				"type": "SqlServerStoredProcedure",
				"dependsOn": [
					{
						"activity": "Check if there is nothing to delete tmp",
						"dependencyConditions": [
							"Skipped",
							"Failed"
						]
					},
					{
						"activity": "Check if there is nothing to delete in Sbmt",
						"dependencyConditions": [
							"Failed",
							"Skipped"
						]
					}
				],
				"policy": {
					"timeout": "7.00:00:00",
					"retry": 0,
					"retryIntervalInSeconds": 30,
					"secureOutput": false,
					"secureInput": false
				},
				"userProperties": [],
				"typeProperties": {
					"storedProcedureName": "[md].[pro_comp_exctn_close]",
					"storedProcedureParameters": {
						"in_comp_exctn_id": {
							"value": {
								"value": "@int(variables('l_comp_exctn_id'))",
								"type": "Expression"
							},
							"type": "Int32"
						},
						"in_sttus_code": {
							"value": "F",
							"type": "String"
						},
						"in_err_msg_txt": {
							"value": {
								"value": "@concat(pipeline().Pipeline, ' failed.')",
								"type": "Expression"
							},
							"type": "String"
						}
					}
				},
				"linkedServiceName": {
					"referenceName": "LS_SQLDatabase",
					"type": "LinkedServiceReference",
					"parameters": {
						"in_key_vault_name": {
							"value": "@pipeline().globalParameters.globl_key_vault_name",
							"type": "Expression"
						}
					}
				}
			},
			{
				"name": "RaiseError",
				"type": "Lookup",
				"dependsOn": [
					{
						"activity": "CloseComponentExecutionFailed",
						"dependencyConditions": [
							"Succeeded"
						]
					}
				],
				"policy": {
					"timeout": "7.00:00:00",
					"retry": 0,
					"retryIntervalInSeconds": 30,
					"secureOutput": false,
					"secureInput": false
				},
				"userProperties": [],
				"typeProperties": {
					"source": {
						"type": "AzureSqlSource",
						"sqlReaderQuery": {
							"value": "@concat('THROW 99999, ''Error with ',pipeline().Pipeline,' Pipeline'', 1')",
							"type": "Expression"
						},
						"queryTimeout": "02:00:00",
						"partitionOption": "None"
					},
					"dataset": {
						"referenceName": "DS_DbGeneric",
						"type": "DatasetReference",
						"parameters": {
							"in_schma_name": "..",
							"in_tbl_view": "..",
							"in_key_vault_name": {
								"value": "@pipeline().globalParameters.globl_key_vault_name",
								"type": "Expression"
							}
						}
					}
				}
			}
		],
		"parameters": {
			"in_parnt_comp_exctn_id": {
				"type": "int"
			},
			"in_user_name": {
				"type": "string"
			},
			"path": {
				"type": "string",
				"defaultValue": "/Uploader/"
			}
		},
		"variables": {
			"tmp_tbls": {
				"type": "Array"
			},
			"sbmt_tbls": {
				"type": "Array"
			},
			"l_param_json_txt": {
				"type": "String"
			},
			"l_comp_exctn_id": {
				"type": "String"
			}
		},
		"folder": {
			"name": "Maintenance"
		},
		"annotations": []
	}
}