{
	"name": "ConverterFileDQValOutputJsonCreated",
	"properties": {
		"annotations": [],
		"runtimeState": "Started",
		"pipelines": [
			{
				"pipelineReference": {
					"referenceName": "fl-FileDQValDownloadFollowUp",
					"type": "PipelineReference"
				},
				"parameters": {
					"in_file_name": "@triggerBody().fileName"
				}
			}
		],
		"type": "BlobEventsTrigger",
		"typeProperties": {
			"blobPathBeginsWith": "/converter-input/blobs/json/output/fileDQval/",
			"blobPathEndsWith": ".json",
			"ignoreEmptyBlobs": false,
			"scope": "/subscriptions/c7f5c8f1-daef-4ccd-9064-3c513c1842dd/resourceGroups/AZ-RG-CNOSGC-Uploader-Processing-DevOps-01/providers/Microsoft.Storage/storageAccounts/cnosgcuploadintn0d91c01e",
			"events": [
				"Microsoft.Storage.BlobCreated"
			]
		}
	}
}