{
	"name": "EmailCleanupEveryDay",
	"properties": {
		"annotations": [],
		"runtimeState": "Started",
		"pipelines": [
			{
				"pipelineReference": {
					"referenceName": "em-EmailCleanup",
					"type": "PipelineReference"
				},
				"parameters": {
					"in_parnt_comp_exctn_id": 0,
					"in_user_name": "ADF"
				}
			}
		],
		"type": "ScheduleTrigger",
		"typeProperties": {
			"recurrence": {
				"frequency": "Day",
				"interval": 1,
				"startTime": "2022-01-20T14:09:00Z",
				"timeZone": "UTC",
				"schedule": {
					"minutes": [
						0
					],
					"hours": [
						1
					]
				}
			}
		}
	}
}