{
  "$schema": "https://schema.management.azure.com/schemas/2015-01-01/deploymentTemplate.json#",
  "contentVersion": "1.0.0.0",
  "parameters": {
    "office365_1_Connection_Name": {
      "type": "string",
      "defaultValue": "office365-outlook-cnosgcuploader-dev"
    },
    "office365_1_Connection_DisplayName": {
      "type": "string",
      "defaultValue": "cnosgcuploadertes.im@pg.com"
    },
    "LogicAppLocation": {
      "type": "string",
      "minLength": 1,
      "allowedValues": [
        "[resourceGroup().location]",
        "eastasia",
        "southeastasia",
        "centralus",
        "eastus",
        "eastus2",
        "westus",
        "northcentralus",
        "southcentralus",
        "northeurope",
        "westeurope",
        "japanwest",
        "japaneast",
        "brazilsouth",
        "australiaeast",
        "australiasoutheast",
        "southindia",
        "centralindia",
        "westindia",
        "canadacentral",
        "canadaeast",
        "uksouth",
        "ukwest",
        "westcentralus",
        "westus2",
        "koreacentral",
        "koreasouth",
        "francecentral",
        "francesouth",
        "uaecentral",
        "uaenorth",
        "southafricanorth",
        "southafricawest",
        "switzerlandnorth",
        "switzerlandwest",
        "germanynorth",
        "germanywestcentral",
        "norwayeast",
        "brazilsoutheast"
      ],
      "defaultValue": "eastus2"
    },
    "LogicAppName": {
      "type": "string",
      "minLength": 1,
      "defaultValue": "logicapp-cnosgc-uploader-n01"
    },
    "office365_2_Connection_Name": {
      "type": "string",
      "defaultValue": "office365-1"
    },
    "office365_2_Connection_DisplayName": {
      "type": "string",
      "defaultValue": "cnosgcuploadertes.im@pg.com"
    }
  },
  "variables": {},
  "resources": [
    {
      "properties": {
        "state": "Enabled",
        "definition": {
          "$schema": "https://schema.management.azure.com/providers/Microsoft.Logic/schemas/2016-06-01/workflowdefinition.json#",
          "actions": {
            "SendOutEmails": {
              "type": "ApiConnection",
              "inputs": {
                "host": {
                  "connection": {
                    "name": "@parameters('$connections')['office365']['connectionId']"
                  }
                },
                "method": "post",
                "body": {
                  "To": "@triggerBody()?['toRecipients']",
                  "Subject": "@triggerBody()?['subject']",
                  "Body": "<p>@{triggerBody()?['htmlBody']}</p>",
                  "Cc": "@triggerBody()?['ccRecipients']",
                  "Importance": "Normal"
                },
                "path": "/v2/Mail"
              },
              "runAfter": {}
            }
          },
          "parameters": {
            "$connections": {
              "defaultValue": {},
              "type": "Object"
            },
            "workflows_logicapp_cnosgc_uploader_n01_name": {
              "defaultValue": "logicapp-cnosgc-uploader-n01",
              "type": "String"
            }
          },
          "triggers": {
            "manual": {
              "type": "Request",
              "kind": "Http",
              "inputs": {
                "schema": {
                  "properties": {
                    "ccRecipients": {
                      "type": "string"
                    },
                    "htmlBody": {
                      "type": "string"
                    },
                    "subject": {
                      "type": "string"
                    },
                    "toRecipients": {
                      "type": "string"
                    }
                  },
                  "type": "object"
                }
              },
              "operationOptions": "EnableSchemaValidation"
            }
          },
          "contentVersion": "1.0.0.0",
          "outputs": {}
        },
        "parameters": {
          "$connections": {
            "value": {
              "office365": {
                "id": "[concat(subscription().id, '/providers/Microsoft.Web/locations/', parameters('LogicAppLocation'), '/managedApis/', 'office365')]",
                "connectionId": "[resourceId('Microsoft.Web/connections', parameters('office365_2_Connection_Name'))]",
                "connectionName": "[parameters('office365_2_Connection_Name')]"
              }
            }
          }
        }
      },
      "name": "[parameters('LogicAppName')]",
      "type": "Microsoft.Logic/workflows",
      "location": "[parameters('LogicAppLocation')]",
      "tags": {
        "Application_Id": "CI003102637",
        "Application_Name": "CNOSGC",
        "BIA": "{\"Confidentiality\":\"Low\",\"Integrity\":\"Very Low\",\"Availability\":\"Low\"}",
        "Business_Criticality": "3 - less critical",
        "Cost_Center": "",
        "Data_Classification": "Business Use",
        "Data_Privacy_Risk": "No Personal Data",
        "Department": "IT Data & Analytics Organization",
        "Irisk_Completion_Date": "2021-03-05",
        "Original_Requestor": "slomska.k@pg.com",
        "Owned_by": "karwacka.e@pg.com",
        "Owning_Role": "",
        "Platform": "D&A",
        "Platform_Owner": "karchier.mk",
        "Regulated_System": "No",
        "Sox_Criticality": "No",
        "Stage": "Dev",
        "Wbs_Element": "1.404.0404.7807.S1005107",
        "displayName": "LogicApp"
      },
      "identity": {
        "type": "SystemAssigned",
        "principalId": "4d6af9d3-58bf-4ab1-9aa5-d3ff7cfbe952",
        "tenantId": "3596192b-fdf5-4e2c-a6fa-acb706c963d8"
      },
      "apiVersion": "2016-06-01",
      "dependsOn": [
        "[resourceId('Microsoft.Web/connections', parameters('office365_2_Connection_Name'))]"
      ]
    },
    {
      "type": "MICROSOFT.WEB/CONNECTIONS",
      "apiVersion": "2018-07-01-preview",
      "name": "[parameters('office365_1_Connection_Name')]",
      "location": "East US 2",
      "properties": {
        "api": {
          "id": "[concat(subscription().id, '/providers/Microsoft.Web/locations/', 'East US 2', '/managedApis/', 'office365')]"
        },
        "displayName": "[parameters('office365_1_Connection_DisplayName')]"
      }
    },
    {
      "type": "MICROSOFT.WEB/CONNECTIONS",
      "apiVersion": "2018-07-01-preview",
      "name": "[parameters('office365_2_Connection_Name')]",
      "location": "[parameters('LogicAppLocation')]",
      "properties": {
        "api": {
          "id": "[concat(subscription().id, '/providers/Microsoft.Web/locations/', parameters('LogicAppLocation'), '/managedApis/', 'office365')]"
        },
        "displayName": "[parameters('office365_2_Connection_DisplayName')]"
      }
    }
  ],
  "outputs": {}
}