{
	"name": "DS_ADBGenericDB",
	"properties": {
		"linkedServiceName": {
			"referenceName": "LS_Databricks",
			"type": "LinkedServiceReference",
			"parameters": {
				"in_key_vault_name": {
					"value": "@dataset().in_key_vault_name",
					"type": "Expression"
				},
				"in_adb_clstr_id": {
					"value": "@dataset().in_adb_clstr_id",
					"type": "Expression"
				},
				"in_adb_wkspc_url": {
					"value": "@dataset().in_adb_wkspc_url",
					"type": "Expression"
				}
			}
		},
		"parameters": {
			"in_schma_name": {
				"type": "string",
				"defaultValue": ".."
			},
			"in_tbl_view": {
				"type": "string",
				"defaultValue": ".."
			},
			"in_key_vault_name": {
				"type": "string"
			},
			"in_adb_clstr_id": {
				"type": "string"
			},
			"in_adb_wkspc_url": {
				"type": "string"
			}
		},
		"folder": {
			"name": "Common/Database"
		},
		"annotations": [],
		"type": "AzureDatabricksDeltaLakeDataset",
		"typeProperties": {
			"database": {
				"value": "@dataset().in_schma_name",
				"type": "Expression"
			},
			"table": {
				"value": "@dataset().in_tbl_view",
				"type": "Expression"
			}
		},
		"schema": []
	},
	"type": "Microsoft.DataFactory/factories/datasets"
}