{
	"name": "DS_ConverterOutputJson",
	"properties": {
		"linkedServiceName": {
			"referenceName": "StorageAccount_CNGC_Uploader_Int",
			"type": "LinkedServiceReference",
			"parameters": {
				"in_storg_acct_name": {
					"value": "@dataset().in_storg_acct_name",
					"type": "Expression"
				}
			}
		},
		"parameters": {
			"file_name": {
				"type": "string"
			},
			"path_name": {
				"type": "string"
			},
			"in_storg_acct_name": {
				"type": "String"
			}
		},
		"folder": {
			"name": "Storage"
		},
		"annotations": [],
		"type": "Json",
		"typeProperties": {
			"location": {
				"type": "AzureBlobFSLocation",
				"fileName": {
					"value": "@dataset().file_name",
					"type": "Expression"
				},
				"folderPath": {
					"value": "@dataset().path_name",
					"type": "Expression"
				},
				"fileSystem": "converter-input"
			}
		},
		"schema": {}
	}
}