{
	"name": "DS_DbSchemaMain",
	"properties": {
		"description": "all allowed table, views, stored procedures under [main] schema",
		"linkedServiceName": {
			"referenceName": "LS_SQLDatabase",
			"type": "LinkedServiceReference",
			"parameters": {
				"in_key_vault_name": {
					"value": "@dataset().in_key_vault_name",
					"type": "Expression"
				}
			}
		},
		"parameters": {
			"in_tbl_view": {
				"type": "String",
				"defaultValue": ".."
			},
			"in_key_vault_name": {
				"type": "String"
			}
		},
		"folder": {
			"name": "Database"
		},
		"annotations": [],
		"type": "AzureSqlTable",
		"schema": [],
		"typeProperties": {
			"schema": "main",
			"table": {
				"value": "@dataset().in_tbl_view",
				"type": "Expression"
			}
		}
	},
	"type": "Microsoft.DataFactory/factories/datasets"
}