{
	"name": "DS_GeoMappingInternalParquet",
	"properties": {
		"linkedServiceName": {
			"referenceName": "StorageAccount_CNGC_Uploader_Int",
			"type": "LinkedServiceReference",
			"parameters": {
				"in_storg_acct_name": {
					"value": "@dataset().in_storg_acct_name",
					"type": "Expression"
				}
			}
		},
		"parameters": {
			"in_storg_acct_name": {
				"type": "String"
			}
		},
		"folder": {
			"name": "Common/Storage"
		},
		"annotations": [],
		"type": "Parquet",
		"typeProperties": {
			"location": {
				"type": "AzureBlobFSLocation",
				"folderPath": "processing/t330_reld_upldr_geo_mapng",
				"fileSystem": "incoming"
			},
			"compressionCodec": "snappy"
		},
		"schema": []
	},
	"type": "Microsoft.DataFactory/factories/datasets"
}