{
	"name": "DS_GenericInternalCsv",
	"properties": {
		"linkedServiceName": {
			"referenceName": "StorageAccount_CNGC_Uploader_Int",
			"type": "LinkedServiceReference",
			"parameters": {
				"in_storg_acct_name": {
					"value": "@dataset().in_storg_acct_name",
					"type": "Expression"
				}
			}
		},
		"parameters": {
			"in_cntnr_name_txt": {
				"type": "string"
			},
			"in_path_txt": {
				"type": "string"
			},
			"in_file_name_txt": {
				"type": "string"
			},
			"in_storg_acct_name": {
				"type": "String"
			}
		},
		"folder": {
			"name": "Storage"
		},
		"annotations": [],
		"type": "DelimitedText",
		"typeProperties": {
			"location": {
				"type": "AzureBlobFSLocation",
				"fileName": {
					"value": "@{dataset().in_file_name_txt}.csv",
					"type": "Expression"
				},
				"folderPath": {
					"value": "@dataset().in_path_txt",
					"type": "Expression"
				},
				"fileSystem": {
					"value": "@dataset().in_cntnr_name_txt",
					"type": "Expression"
				}
			},
			"columnDelimiter": ",",
			"escapeChar": "\\",
			"firstRowAsHeader": true,
			"quoteChar": "\""
		},
		"schema": []
	},
	"type": "Microsoft.DataFactory/factories/datasets"
}