{
	"name": "DS_GeneralJson",
	"properties": {
		"linkedServiceName": {
			"referenceName": "StorageAccount_CNGC_Uploader_Int",
			"type": "LinkedServiceReference",
			"parameters": {
				"in_storg_acct_name": {
					"value": "@dataset().in_storg_acct_name",
					"type": "Expression"
				}
			}
		},
		"parameters": {
			"in_cntnr_name_txt": {
				"type": "string"
			},
			"in_path_txt": {
				"type": "string"
			},
			"in_file_name_txt": {
				"type": "string"
			},
			"in_storg_acct_name": {
				"type": "string"
			}
		},
		"folder": {
			"name": "Storage"
		},
		"annotations": [],
		"type": "Json",
		"typeProperties": {
			"location": {
				"type": "AzureBlobFSLocation",
				"fileName": {
					"value": "@{dataset().in_file_name_txt}.json",
					"type": "Expression"
				},
				"folderPath": {
					"value": "@dataset().in_path_txt",
					"type": "Expression"
				},
				"fileSystem": {
					"value": "@dataset().in_cntnr_name_txt",
					"type": "Expression"
				}
			}
		},
		"schema": {}
	}
}