{
	"name": "DS_InternalParquet_LoadCube_AutoResolveIR_Int",
	"properties": {
		"linkedServiceName": {
			"referenceName": "LS_StorageAccount_Uploader_Int_AutoResolveIR",
			"type": "LinkedServiceReference",
			"parameters": {
				"in_storg_acct_name": {
					"value": "@dataset().in_storg_acct_name",
					"type": "Expression"
				}
			}
		},
		"parameters": {
			"in_storg_acct_name": {
				"type": "String"
			}
		},
		"folder": {
			"name": "Storage"
		},
		"annotations": [],
		"type": "Parquet",
		"typeProperties": {
			"location": {
				"type": "AzureBlobFSLocation",
				"fileSystem": "internal"
			},
			"compressionCodec": "snappy"
		},
		"schema": []
	},
	"type": "Microsoft.DataFactory/factories/datasets"
}