{
	"name": "SourceStorageCopy",
	"properties": {
		"linkedServiceName": {
			"referenceName": "StorageAccount_CNGC_BluePrint2",
			"type": "LinkedServiceReference",
			"parameters": {
				"in_key_vault_name": {
					"value": "@dataset().in_key_vault_name",
					"type": "Expression"
				}
			}
		},
		"parameters": {
			"srce_cntnr_name": {
				"type": "string"
			},
			"srce_path_txt": {
				"type": "string"
			},
			"srce_file_name": {
				"type": "string"
			},
			"in_key_vault_name": {
				"type": "String"
			}
		},
		"annotations": [],
		"type": "Parquet",
		"typeProperties": {
			"location": {
				"type": "AzureBlobStorageLocation",
				"fileName": {
					"value": "@dataset().srce_file_name",
					"type": "Expression"
				},
				"folderPath": {
					"value": "@dataset().srce_path_txt",
					"type": "Expression"
				},
				"container": {
					"value": "@dataset().srce_cntnr_name",
					"type": "Expression"
				}
			},
			"compressionCodec": "snappy"
		},
		"schema": []
	},
	"type": "Microsoft.DataFactory/factories/datasets"
}