{
	"name": "TargetStorageCopy",
	"properties": {
		"linkedServiceName": {
			"referenceName": "StorageAccount_CNGC_Uploader_Int",
			"type": "LinkedServiceReference",
			"parameters": {
				"in_storg_acct_name": {
					"value": "@dataset().in_storg_acct_name",
					"type": "Expression"
				}
			}
		},
		"parameters": {
			"trgt_cntnr_name": {
				"type": "string"
			},
			"trgt_path_txt": {
				"type": "string"
			},
			"trgt_file_name": {
				"type": "string"
			},
			"in_storg_acct_name": {
				"type": "String"
			}
		},
		"annotations": [],
		"type": "Parquet",
		"typeProperties": {
			"location": {
				"type": "AzureBlobFSLocation",
				"fileName": {
					"value": "@dataset().trgt_file_name",
					"type": "Expression"
				},
				"folderPath": {
					"value": "@dataset().trgt_path_txt",
					"type": "Expression"
				},
				"fileSystem": {
					"value": "@dataset().trgt_cntnr_name",
					"type": "Expression"
				}
			},
			"compressionCodec": "snappy"
		},
		"schema": []
	},
	"type": "Microsoft.DataFactory/factories/datasets"
}