{
	"name": "UploaderIntConfig",
	"properties": {
		"linkedServiceName": {
			"referenceName": "StorageAccount_CNGC_Uploader_Int",
			"type": "LinkedServiceReference",
			"parameters": {
				"in_storg_acct_name": {
					"value": "@dataset().in_storg_acct_name",
					"type": "Expression"
				}
			}
		},
		"parameters": {
			"cnfg_file_name": {
				"type": "string"
			},
			"in_storg_acct_name": {
				"type": "String"
			}
		},
		"annotations": [],
		"type": "Json",
		"typeProperties": {
			"location": {
				"type": "AzureBlobFSLocation",
				"fileName": {
					"value": "@dataset().cnfg_file_name",
					"type": "Expression"
				},
				"folderPath": "config",
				"fileSystem": "incoming"
			}
		},
		"schema": {}
	},
	"type": "Microsoft.DataFactory/factories/datasets"
}